precio_pen,mantenimiento_soles,area_m2,num_dorm,num_banios,num_estac,antiguedad,total_servicios_prox,total_transporte_aprox,zona_apeim_cod,categoria_crimenes_cod
3600.0,380.0,80.0,2.0,3.0,1.0,2.0,7,0,7.0,3
1550.0,200.0,23.0,1.0,1.0,0.0,1.0,9,0,7.0,4
1800.0,300.0,45.0,1.0,1.0,0.0,6.0,9,0,8.0,3
2950.0,250.0,140.0,3.0,3.0,1.0,10.0,5,0,7.0,2
3000.0,150.0,100.0,2.0,2.0,0.0,30.0,5,0,7.0,1
2499.0,280.0,43.0,1.0,1.0,0.0,0.0,11,1,7.0,2
5550.0,480.0,110.0,2.0,1.0,1.0,9.0,2,0,7.0,2
7560.0,750.0,131.0,2.0,2.0,1.0,7.0,11,0,7.0,2
6100.0,450.0,180.0,2.0,2.0,1.0,5.0,4,0,7.0,1
7400.0,700.0,210.0,3.0,2.0,2.0,12.0,3,0,7.0,1
3200.0,350.0,70.0,2.0,2.0,1.0,3.0,8,0,7.0,4
4990.0,1.0,266.0,3.0,2.0,1.0,7.0,16,0,7.0,1
3640.0,270.0,115.0,3.0,2.0,1.0,9.0,4,0,7.0,3
3744.0,450.0,110.0,3.0,3.0,1.0,20.0,7,0,7.0,2
2600.0,385.0,79.0,1.0,2.0,1.0,8.0,10,0,8.0,4
3663.0,580.0,101.0,2.0,2.0,1.0,7.0,21,0,7.0,4
3450.0,400.0,87.0,2.0,2.0,1.0,8.0,2,0,7.0,2
2800.0,,62.0,2.0,2.0,0.0,0.0,8,0,7.0,2
3800.0,350.0,80.0,2.0,2.0,1.0,0.0,13,0,7.0,1
3467.0,350.0,93.0,2.0,2.0,1.0,5.0,7,0,7.0,3
4200.0,320.0,62.0,2.0,1.0,0.0,0.0,5,0,8.0,1
6516.0,862.0,190.0,2.0,2.0,2.0,30.0,0,0,7.0,1
2100.0,180.0,72.0,3.0,2.0,1.0,1.0,18,0,7.0,4
5180.0,500.0,117.0,3.0,2.0,1.0,4.0,2,1,7.0,1
2950.0,240.0,98.0,2.0,2.0,1.0,12.0,5,0,7.0,3
3490.0,370.0,120.0,3.0,3.0,1.0,7.0,10,0,7.0,3
3916.0,300.0,120.0,2.0,3.0,1.0,9.0,1,0,7.0,1
5262.0,700.0,149.0,3.0,3.0,1.0,38.0,5,0,7.0,1
1100.0,,50.0,1.0,1.0,0.0,20.0,7,0,7.0,4
2000.0,,50.0,1.0,1.0,1.0,25.0,6,0,7.0,4
3680.0,420.0,105.0,2.0,2.0,1.0,0.0,12,0,7.0,1
2700.0,,110.0,3.0,2.0,1.0,12.0,11,0,7.0,2
1700.0,190.0,54.0,3.0,1.0,0.0,0.0,2,0,7.0,3
3260.0,300.0,68.0,2.0,2.0,1.0,12.0,6,1,7.0,1
1700.0,10.0,90.0,2.0,2.0,0.0,,9,0,7.0,2
3650.0,,103.0,3.0,3.0,1.0,6.0,6,0,7.0,2
2300.0,70.0,60.0,1.0,1.0,0.0,38.0,9,0,7.0,3
4500.0,600.0,90.0,2.0,2.0,1.0,3.0,7,0,7.0,3
2920.0,380.0,44.0,1.0,1.0,0.0,1.0,0,0,7.0,1
6200.0,500.0,110.0,2.0,2.0,2.0,0.0,0,0,7.0,1
5980.0,720.0,129.0,3.0,2.0,1.0,30.0,0,0,7.0,1
4500.0,600.0,95.0,2.0,2.0,1.0,4.0,1,0,7.0,1
4860.0,600.0,95.0,2.0,2.0,1.0,5.0,2,0,7.0,2
6300.0,730.0,140.0,2.0,2.0,2.0,15.0,4,0,7.0,2
4930.0,550.0,100.0,1.0,2.0,1.0,4.0,1,0,7.0,1
4050.0,420.0,105.0,2.0,2.0,2.0,0.0,12,0,7.0,1
2900.0,280.0,90.0,1.0,2.0,1.0,10.0,13,0,7.0,3
2000.0,,65.0,1.0,1.0,1.0,,18,2,7.0,4
900.0,,49.0,2.0,1.0,0.0,20.0,13,0,7.0,4
3420.0,634.0,94.0,2.0,2.0,1.0,12.0,8,0,7.0,2
2500.0,200.0,110.0,3.0,2.0,0.0,6.0,14,0,7.0,2
2300.0,120.0,135.0,2.0,2.0,1.0,3.0,1,0,7.0,1
3200.0,60.0,94.0,3.0,2.0,0.0,26.0,7,0,7.0,1
3524.0,380.0,103.0,2.0,1.0,1.0,19.0,5,0,7.0,1
2200.0,,65.0,1.0,1.0,0.0,10.0,9,0,7.0,1
10672.0,1800.0,374.0,4.0,4.0,3.0,13.0,4,0,7.0,1
2200.0,275.0,40.0,1.0,1.0,0.0,4.0,14,1,8.0,4
3400.0,450.0,100.0,2.0,2.0,1.0,10.0,5,2,7.0,2
4380.0,295.0,105.0,2.0,2.0,1.0,25.0,9,0,7.0,4
3240.0,242.0,85.0,2.0,2.0,1.0,49.0,8,0,7.0,1
3000.0,10.0,75.0,3.0,2.0,0.0,2.0,10,0,7.0,1
6570.0,780.0,187.0,3.0,3.0,3.0,11.0,5,0,7.0,3
3200.0,300.0,75.0,2.0,2.0,1.0,,11,0,7.0,2
2555.0,150.0,41.0,1.0,1.0,0.0,0.0,0,0,7.0,1
7500.0,550.0,210.0,2.0,2.0,1.0,12.0,3,0,7.0,1
10758.0,1006.0,240.0,4.0,4.0,2.0,7.0,3,0,7.0,1
3200.0,320.0,65.0,1.0,1.0,0.0,6.0,13,1,8.0,4
3100.0,270.0,80.0,2.0,2.0,1.0,8.0,10,0,7.0,2
1100.0,,50.0,1.0,1.0,0.0,1.0,9,0,7.0,1
2100.0,150.0,40.0,1.0,1.0,0.0,7.0,4,1,7.0,1
3496.0,215.0,44.0,2.0,1.0,1.0,0.0,13,1,8.0,4
5124.0,480.0,148.0,3.0,2.0,1.0,12.0,11,1,7.0,1
1350.0,,30.0,1.0,1.0,0.0,1.0,7,0,7.0,3
1250.0,,50.0,1.0,1.0,0.0,1.0,5,0,7.0,1
4015.0,550.0,152.0,3.0,3.0,2.0,0.0,11,0,7.0,1
1400.0,,60.0,2.0,1.0,0.0,1.0,7,0,7.0,3
7728.0,1200.0,1200.0,3.0,4.0,4.0,15.0,7,0,7.0,1
8736.0,1100.0,198.0,3.0,3.0,1.0,25.0,5,0,7.0,1
6720.0,650.0,160.0,2.0,2.0,2.0,1.0,1,0,7.0,1
3467.0,400.0,80.0,2.0,1.0,2.0,10.0,13,1,8.0,4
5110.0,760.0,126.0,2.0,3.0,2.0,0.0,1,0,7.0,1
3500.0,300.0,85.0,2.0,2.0,1.0,8.0,12,0,8.0,4
2892.0,350.0,40.0,1.0,1.0,1.0,2.0,8,0,8.0,3
2372.0,219.0,50.0,1.0,1.0,1.0,18.0,12,0,7.0,3
4562.0,800.0,135.0,2.0,2.0,2.0,3.0,7,0,7.0,3
2960.0,,69.0,2.0,1.0,0.0,25.0,0,0,7.0,1
3890.0,587.0,90.0,3.0,2.0,1.0,0.0,8,0,7.0,4
3900.0,630.0,137.0,3.0,2.0,2.0,5.0,7,0,7.0,1
3240.0,350.0,110.0,2.0,3.0,1.0,6.0,9,0,7.0,4
2900.0,350.0,84.0,1.0,2.0,1.0,5.0,7,0,7.0,3
3970.0,430.0,113.0,3.0,2.0,1.0,13.0,2,1,7.0,1
2590.0,250.0,55.0,2.0,2.0,1.0,0.0,4,1,7.0,1
4197.0,490.0,90.0,2.0,2.0,0.0,1.0,6,1,7.0,3
2600.0,250.0,70.0,2.0,1.0,0.0,15.0,8,0,7.0,1
2847.0,300.0,55.0,1.0,1.0,1.0,20.0,10,0,7.0,3
2920.0,250.0,55.0,1.0,1.0,1.0,3.0,8,0,8.0,3
5040.0,440.0,184.0,3.0,3.0,1.0,13.0,8,0,7.0,3
2090.0,,40.0,1.0,1.0,0.0,2.0,11,1,8.0,4
2900.0,480.0,90.0,3.0,2.0,0.0,20.0,5,0,7.0,1
2000.0,150.0,52.0,1.0,1.0,0.0,19.0,4,0,7.0,1
2700.0,340.0,50.0,2.0,1.0,1.0,0.0,7,0,8.0,3
3495.0,350.0,86.0,2.0,2.0,1.0,5.0,7,0,7.0,3
1800.0,100.0,73.0,2.0,2.0,0.0,5.0,11,0,7.0,1
3050.0,160.0,45.0,1.0,1.0,0.0,0.0,4,0,7.0,3
4171.0,320.0,86.0,3.0,2.0,1.0,0.0,13,0,7.0,1
4723.0,1.0,110.0,3.0,2.0,1.0,15.0,11,1,8.0,4
2800.0,250.0,96.0,3.0,2.0,1.0,3.0,10,1,8.0,4
5096.0,760.0,127.0,2.0,3.0,2.0,0.0,2,0,7.0,1
3103.0,260.0,65.0,1.0,1.0,1.0,10.0,2,0,7.0,3
4015.0,670.0,90.0,2.0,2.0,2.0,5.0,4,0,7.0,1
4400.0,500.0,100.0,3.0,2.0,2.0,7.0,13,0,8.0,4
2000.0,80.0,100.0,3.0,2.0,0.0,1.0,15,0,7.0,4
2300.0,160.0,60.0,1.0,1.0,0.0,10.0,9,0,7.0,4
4150.0,280.0,86.0,2.0,2.0,1.0,0.0,7,0,7.0,2
2372.0,219.0,50.0,1.0,,1.0,15.0,7,0,7.0,3
1950.0,250.0,40.0,1.0,1.0,1.0,,10,0,7.0,1
2600.0,150.0,98.0,3.0,1.0,1.0,45.0,14,0,7.0,4
4200.0,380.0,89.0,2.0,2.0,2.0,5.0,2,1,7.0,1
4380.0,340.0,81.0,1.0,2.0,1.0,7.0,13,1,8.0,4
11400.0,1100.0,336.0,4.0,4.0,4.0,13.0,6,1,8.0,4
9250.0,570.0,180.0,3.0,2.0,1.0,26.0,1,0,7.0,1
9250.0,600.0,213.0,3.0,3.0,2.0,16.0,6,0,7.0,1
6840.0,720.0,177.0,2.0,2.0,1.0,20.0,6,3,7.0,3
2353.0,175.0,41.0,1.0,1.0,1.0,8.0,9,0,8.0,4
6250.0,500.0,103.0,2.0,2.0,1.0,0.0,5,0,8.0,2
3515.0,500.0,130.0,3.0,3.0,2.0,6.0,8,0,7.0,1
1700.0,100.0,60.0,2.0,1.0,0.0,0.0,5,0,7.0,1
3000.0,370.0,63.0,,2.0,1.0,5.0,13,1,7.0,2
3650.0,509.0,96.0,1.0,1.0,1.0,11.0,9,0,8.0,4
2100.0,,100.0,3.0,2.0,0.0,20.0,10,0,7.0,4
7440.0,850.0,200.0,3.0,3.0,2.0,15.0,3,0,7.0,1
2642.0,200.0,45.0,1.0,1.0,0.0,0.0,6,1,7.0,1
3500.0,400.0,120.0,3.0,2.0,2.0,14.0,7,0,7.0,4
2000.0,180.0,76.0,3.0,2.0,0.0,7.0,14,1,8.0,4
7500.0,1450.0,240.0,3.0,2.0,2.0,10.0,5,0,7.0,1
2555.0,,51.0,1.0,1.0,1.0,,11,0,7.0,2
7300.0,,180.0,3.0,3.0,2.0,11.0,0,0,7.0,1
2372.0,460.0,40.0,1.0,1.0,0.0,15.0,2,0,7.0,1
3624.0,350.0,71.0,1.0,,1.0,14.0,9,0,7.0,3
5138.0,400.0,136.0,3.0,2.0,2.0,5.0,14,0,7.0,1
2340.0,80.0,75.0,1.0,1.0,0.0,0.0,0,0,7.0,1
4440.0,650.0,160.0,1.0,2.0,2.0,12.0,3,0,7.0,1
3750.0,260.0,85.0,2.0,2.0,1.0,,10,0,7.0,3
3730.0,280.0,80.0,2.0,2.0,1.0,,10,0,7.0,3
4440.0,360.0,130.0,3.0,3.0,1.0,45.0,1,0,7.0,1
1800.0,160.0,44.0,1.0,1.0,0.0,12.0,4,0,7.0,2
2300.0,219.0,50.0,1.0,1.0,1.0,10.0,7,0,7.0,3
3048.0,432.0,68.0,2.0,2.0,1.0,0.0,6,1,7.0,4
4011.0,,103.0,2.0,2.0,1.0,3.0,8,0,7.0,1
2372.0,300.0,50.0,1.0,1.0,1.0,10.0,13,1,8.0,4
4625.0,600.0,85.0,2.0,2.0,1.0,7.0,1,0,7.0,1
3650.0,3.0,65.0,2.0,2.0,1.0,7.0,7,0,7.0,3
3119.0,,108.0,3.0,3.0,1.0,18.0,13,2,7.0,3
2000.0,,70.0,2.0,1.0,0.0,25.0,7,0,7.0,2
6498.0,860.0,200.0,3.0,4.0,2.0,16.0,5,0,7.0,3
2100.0,,60.0,1.0,1.0,1.0,5.0,10,1,7.0,4
4015.0,400.0,137.0,3.0,,1.0,55.0,1,0,7.0,2
2100.0,200.0,72.0,2.0,1.0,0.0,25.0,5,0,7.0,1
4800.0,500.0,124.0,2.0,3.0,2.0,5.0,21,0,7.0,4
3300.0,290.0,75.0,2.0,2.0,1.0,0.0,9,0,7.0,4
3230.0,,77.0,1.0,1.0,1.0,5.0,0,0,7.0,1
1650.0,60.0,56.0,2.0,1.0,1.0,30.0,15,0,7.0,4
2900.0,360.0,82.0,2.0,2.0,1.0,12.0,2,0,7.0,2
4015.0,,80.0,2.0,2.0,1.0,10.0,9,0,7.0,4
2800.0,450.0,75.0,2.0,2.0,2.0,10.0,11,1,8.0,4
3100.0,380.0,63.0,2.0,2.0,1.0,1.0,9,0,7.0,3
2757.0,,40.0,1.0,1.0,0.0,6.0,13,1,8.0,4
8030.0,1200.0,226.0,3.0,3.0,2.0,10.0,1,0,7.0,1
2852.0,380.0,85.0,2.0,2.0,1.0,15.0,16,0,7.0,4
2305.0,200.0,40.0,1.0,1.0,1.0,9.0,9,0,8.0,4
3160.0,370.0,92.0,2.0,2.0,1.0,5.0,16,3,7.0,4
8140.0,730.0,175.0,3.0,2.0,2.0,10.0,0,0,7.0,1
11222.0,1400.0,384.0,3.0,3.0,2.0,12.0,3,1,7.0,1
2800.0,230.0,41.0,1.0,1.0,1.0,5.0,5,0,8.0,2
5278.0,1.0,100.0,2.0,2.0,0.0,,13,1,8.0,4
1850.0,50.0,78.0,2.0,2.0,0.0,5.0,14,2,8.0,4
5550.0,,166.0,3.0,2.0,0.0,,3,0,7.0,2
3200.0,330.0,110.0,2.0,1.0,1.0,40.0,14,0,7.0,2
2775.0,,65.0,1.0,2.0,0.0,6.0,10,1,8.0,4
2250.0,100.0,75.0,1.0,1.0,0.0,20.0,4,0,7.0,1
3077.0,400.0,65.0,1.0,2.0,1.0,13.0,1,0,7.0,1
2050.0,,63.0,1.0,1.0,0.0,10.0,7,0,7.0,1
2748.0,250.0,70.0,1.0,1.0,1.0,10.0,8,0,7.0,4
2553.0,250.0,45.0,1.0,1.0,1.0,0.0,5,0,8.0,1
5180.0,500.0,85.0,,2.0,1.0,14.0,4,0,7.0,1
3000.0,275.0,80.0,2.0,2.0,1.0,2.0,12,0,7.0,1
2700.0,200.0,50.0,1.0,1.0,0.0,,11,0,7.0,1
2900.0,280.0,55.0,1.0,1.0,1.0,8.0,6,1,7.0,1
2300.0,70.0,60.0,1.0,1.0,0.0,15.0,7,0,7.0,1
4875.0,550.0,109.0,1.0,1.0,2.0,14.0,0,0,7.0,1
3647.0,420.0,87.0,2.0,3.0,1.0,2.0,6,1,7.0,1
2920.0,320.0,75.0,1.0,2.0,0.0,15.0,3,1,7.0,2
3720.0,,65.0,2.0,2.0,1.0,3.0,13,1,8.0,4
3330.0,337.0,75.0,1.0,1.0,1.0,,2,0,7.0,3
1450.0,,35.0,1.0,1.0,0.0,,13,0,7.0,2
2372.0,250.0,56.0,2.0,2.0,0.0,0.0,9,0,7.0,4
4300.0,,122.0,1.0,1.0,1.0,3.0,3,0,7.0,1
3500.0,380.0,95.0,3.0,2.0,1.0,0.0,4,0,7.0,3
2775.0,250.0,80.0,1.0,1.0,1.0,10.0,10,0,7.0,4
2534.0,250.0,70.0,2.0,1.0,1.0,9.0,7,0,7.0,2
2401.0,220.0,52.0,1.0,1.0,0.0,2.0,13,1,8.0,4
2450.0,180.0,61.0,1.0,1.0,0.0,13.0,4,0,7.0,2
9360.0,,178.0,3.0,3.0,2.0,1.0,12,0,7.0,2
3700.0,360.0,66.0,1.0,1.0,1.0,10.0,1,0,7.0,1
10250.0,,350.0,3.0,3.0,3.0,15.0,2,0,7.0,1
3000.0,,60.0,2.0,2.0,1.0,0.0,9,0,7.0,4
5797.0,350.0,127.0,2.0,2.0,2.0,10.0,7,0,7.0,3
5200.0,450.0,123.0,3.0,2.0,0.0,0.0,0,0,7.0,1
2400.0,230.0,32.0,1.0,1.0,1.0,1.0,5,0,8.0,2
2950.0,260.0,67.0,2.0,2.0,1.0,2.0,0,0,7.0,1
2752.0,,44.0,1.0,1.0,0.0,0.0,11,0,7.0,2
2960.0,510.0,55.0,1.0,1.0,1.0,15.0,5,0,7.0,1
8832.0,765.0,200.0,3.0,3.0,3.0,2.0,1,1,7.0,2
2360.0,219.0,50.0,1.0,1.0,1.0,10.0,8,0,7.0,4
3300.0,280.0,80.0,2.0,2.0,1.0,4.0,5,0,8.0,2
3670.0,420.0,87.0,2.0,2.0,1.0,4.0,6,1,7.0,1
8140.0,,265.0,4.0,3.0,0.0,30.0,14,0,7.0,1
4500.0,450.0,150.0,3.0,3.0,2.0,18.0,12,0,7.0,2
8980.0,1100.0,300.0,3.0,4.0,2.0,,3,0,7.0,1
3480.0,528.0,62.0,2.0,2.0,0.0,0.0,6,1,7.0,4
5110.0,665.0,145.0,3.0,3.0,2.0,0.0,9,0,7.0,4
2400.0,175.0,45.0,1.0,1.0,0.0,3.0,9,0,8.0,3
2700.0,200.0,60.0,2.0,1.0,1.0,25.0,12,1,8.0,4
2665.0,350.0,102.0,2.0,1.0,0.0,50.0,6,1,7.0,1
2690.0,170.0,62.0,2.0,1.0,0.0,15.0,7,0,7.0,3
5500.0,836.0,121.0,3.0,2.0,2.0,15.0,15,0,7.0,3
5138.0,590.0,85.0,2.0,2.0,1.0,7.0,1,0,7.0,1
4954.0,531.0,80.0,2.0,2.0,1.0,6.0,1,0,7.0,1
2800.0,450.0,62.0,2.0,2.0,1.0,0.0,0,0,7.0,1
3400.0,400.0,108.0,3.0,2.0,1.0,15.0,2,1,7.0,1
3280.0,340.0,50.0,1.0,1.0,1.0,1.0,8,0,7.0,3
3139.0,170.0,95.0,3.0,2.0,1.0,40.0,7,0,7.0,2
4232.0,343.0,120.0,2.0,2.0,2.0,7.0,7,0,7.0,3
2200.0,,82.0,3.0,1.0,0.0,18.0,20,1,8.0,4
3700.0,,100.0,2.0,2.0,0.0,1.0,7,0,7.0,3
8228.0,800.0,185.0,3.0,2.0,2.0,15.0,2,0,7.0,2
1200.0,,40.0,1.0,1.0,0.0,1.0,10,1,7.0,2
1940.0,,80.0,3.0,2.0,0.0,9.0,10,1,7.0,1
2470.0,300.0,47.0,1.0,1.0,1.0,10.0,13,1,8.0,4
3266.0,210.0,62.0,1.0,1.0,1.0,10.0,9,0,7.0,4
10136.0,1000.0,235.0,3.0,3.0,3.0,8.0,5,0,7.0,3
2700.0,280.0,76.0,,2.0,1.0,20.0,16,0,7.0,4
9200.0,,237.0,3.0,2.0,3.0,7.0,4,0,7.0,2
900.0,,30.0,1.0,1.0,0.0,1.0,7,0,7.0,1
2200.0,1.0,95.0,2.0,1.0,1.0,7.0,5,0,7.0,1
3100.0,,72.0,1.0,1.0,1.0,5.0,5,0,7.0,3
2650.0,300.0,70.0,1.0,1.0,1.0,13.0,7,0,7.0,3
1100.0,,40.0,1.0,1.0,0.0,1.0,14,1,8.0,4
6567.0,1100.0,272.0,4.0,3.0,2.0,20.0,2,0,7.0,2
2900.0,450.0,130.0,3.0,2.0,1.0,11.0,5,0,7.0,2
2300.0,200.0,45.0,1.0,1.0,0.0,2.0,13,0,8.0,4
2146.0,180.0,38.0,1.0,1.0,0.0,8.0,2,0,7.0,2
4732.0,396.0,100.0,2.0,2.0,1.0,11.0,1,0,7.0,1
2400.0,100.0,108.0,2.0,2.0,0.0,27.0,3,0,7.0,3
3607.0,,83.0,2.0,2.0,2.0,1.0,7,0,7.0,3
3800.0,500.0,120.0,,2.0,1.0,7.0,2,0,7.0,2
4125.0,350.0,115.0,3.0,3.0,1.0,5.0,8,0,7.0,2
4862.0,400.0,80.0,1.0,2.0,0.0,2.0,8,0,8.0,3
2530.0,110.0,70.0,2.0,1.0,0.0,12.0,1,0,7.0,1
2400.0,315.0,43.0,,2.0,0.0,0.0,2,1,7.0,1
2200.0,,41.0,1.0,1.0,1.0,0.0,10,0,7.0,4
2790.0,400.0,68.0,2.0,1.0,1.0,30.0,7,0,7.0,3
2200.0,200.0,45.0,1.0,1.0,0.0,31.0,8,0,7.0,3
4368.0,300.0,54.0,2.0,1.0,1.0,0.0,11,0,7.0,2
6358.0,730.0,174.0,3.0,2.0,2.0,8.0,2,0,7.0,2
5460.0,720.0,120.0,2.0,2.0,2.0,15.0,4,0,8.0,1
5460.0,,120.0,2.0,2.0,3.0,14.0,4,0,8.0,1
5700.0,845.0,99.0,,2.0,2.0,6.0,12,0,7.0,1
1800.0,150.0,50.0,1.0,1.0,0.0,,0,0,7.0,1
3000.0,,61.0,2.0,2.0,0.0,4.0,8,0,7.0,1
3515.0,350.0,85.0,2.0,2.0,1.0,11.0,9,0,7.0,4
2000.0,,82.0,2.0,2.0,0.0,4.0,7,0,7.0,2
2500.0,240.0,40.0,1.0,1.0,1.0,0.0,9,1,7.0,1
2609.0,,81.0,1.0,2.0,0.0,5.0,5,0,7.0,1
4925.0,500.0,135.0,2.0,2.0,1.0,8.0,1,0,7.0,1
4380.0,460.0,161.0,3.0,2.0,2.0,44.0,0,0,7.0,1
2200.0,,91.0,3.0,2.0,0.0,3.0,14,0,7.0,3
2000.0,100.0,65.0,2.0,1.0,0.0,8.0,19,0,7.0,3
3000.0,100.0,93.0,2.0,1.0,1.0,35.0,12,1,8.0,4
3000.0,100.0,90.0,1.0,1.0,1.0,35.0,12,1,8.0,4
3500.0,100.0,120.0,2.0,1.0,1.0,35.0,12,1,8.0,4
5625.0,,70.0,4.0,3.0,2.0,71.0,4,0,7.0,1
2775.0,288.0,50.0,1.0,1.0,1.0,8.0,6,1,7.0,1
2200.0,150.0,76.0,2.0,1.0,0.0,15.0,16,1,8.0,4
2500.0,250.0,80.0,2.0,1.0,0.0,20.0,9,1,7.0,1
4404.0,575.0,100.0,1.0,1.0,1.0,10.0,9,0,8.0,4
4048.0,750.0,90.0,2.0,2.0,2.0,6.0,4,0,7.0,1
2200.0,200.0,168.0,4.0,3.0,0.0,,13,0,7.0,4
3400.0,520.0,140.0,,3.0,1.0,38.0,1,0,7.0,2
2500.0,250.0,49.0,1.0,1.0,1.0,0.0,11,0,7.0,2
2920.0,400.0,75.0,1.0,2.0,1.0,,4,0,7.0,3
1900.0,1.0,50.0,1.0,1.0,0.0,5.0,3,0,7.0,1
2549.0,250.0,52.0,1.0,1.0,1.0,3.0,13,1,8.0,4
8980.0,150.0,300.0,3.0,4.0,2.0,10.0,4,0,7.0,1
3054.0,450.0,62.0,2.0,2.0,1.0,0.0,9,0,7.0,2
2760.0,400.0,96.0,1.0,1.0,1.0,14.0,5,1,7.0,2
6343.0,690.0,122.0,3.0,4.0,2.0,4.0,8,0,7.0,1
4750.0,395.0,108.0,2.0,2.0,1.0,8.0,1,0,7.0,1
3835.0,300.0,84.0,2.0,2.0,1.0,,10,0,7.0,3
4560.0,580.0,125.0,2.0,2.0,2.0,2.0,16,0,7.0,4
5000.0,450.0,82.0,2.0,3.0,1.0,2.0,3,1,7.0,1
6992.0,450.0,167.0,4.0,2.0,2.0,30.0,7,0,7.0,3
2800.0,482.0,86.0,2.0,1.0,1.0,25.0,10,0,7.0,2
3000.0,300.0,50.0,1.0,1.0,1.0,1.0,0,0,7.0,1
4125.0,350.0,96.0,2.0,2.0,1.0,13.0,5,0,7.0,3
3312.0,400.0,70.0,1.0,1.0,1.0,15.0,5,0,7.0,1
2500.0,275.0,69.0,2.0,1.0,1.0,11.0,9,1,7.0,2
2800.0,300.0,80.0,2.0,2.0,1.0,5.0,4,1,7.0,3
7460.0,950.0,200.0,2.0,3.0,2.0,8.0,7,0,7.0,3
2250.0,150.0,68.0,2.0,2.0,0.0,1.0,4,0,7.0,4
3750.0,320.0,65.0,2.0,2.0,1.0,3.0,9,0,8.0,4
3750.0,450.0,111.0,2.0,3.0,2.0,15.0,1,0,7.0,1
850.0,,30.0,1.0,1.0,0.0,1.0,9,0,7.0,3
3385.0,541.0,120.0,2.0,2.0,1.0,15.0,8,0,7.0,1
3200.0,430.0,71.0,1.0,1.0,1.0,0.0,5,0,7.0,1
2500.0,320.0,77.0,2.0,2.0,0.0,9.0,12,0,7.0,2
3102.0,450.0,105.0,2.0,2.0,1.0,8.0,8,0,7.0,2
3380.0,450.0,108.0,3.0,3.0,1.0,15.0,11,3,7.0,4
2797.0,420.0,96.0,2.0,1.0,1.0,31.0,4,1,7.0,1
4980.0,350.0,110.0,3.0,3.0,1.0,4.0,9,0,7.0,4
9620.0,850.0,355.0,3.0,4.0,4.0,1.0,9,0,7.0,2
1900.0,120.0,74.0,2.0,2.0,0.0,19.0,4,0,7.0,2
5292.0,600.0,125.0,3.0,2.0,2.0,4.0,9,0,7.0,1
4050.0,550.0,130.0,2.0,2.0,2.0,9.0,15,2,7.0,4
3000.0,300.0,80.0,2.0,2.0,0.0,30.0,8,0,7.0,1
9500.0,1100.0,296.0,3.0,2.0,0.0,12.0,0,0,7.0,1
8395.0,1350.0,274.0,4.0,3.0,2.0,24.0,9,0,7.0,1
2500.0,320.0,56.0,1.0,1.0,1.0,10.0,11,0,8.0,3
4402.0,365.0,105.0,3.0,2.0,0.0,10.0,3,0,7.0,1
10472.0,1050.0,200.0,3.0,3.0,3.0,10.0,7,0,7.0,1
9724.0,1100.0,385.0,4.0,4.0,1.0,6.0,9,0,7.0,2
4114.0,600.0,126.0,2.0,2.0,2.0,4.0,1,0,7.0,2
7260.0,,234.0,3.0,5.0,2.0,10.0,9,0,7.0,1
2200.0,,42.0,1.0,1.0,1.0,15.0,9,2,7.0,4
1600.0,,75.0,2.0,1.0,0.0,2.0,12,0,7.0,4
2576.0,309.0,42.0,,1.0,0.0,30.0,3,0,7.0,1
2600.0,380.0,60.0,2.0,2.0,1.0,7.0,5,0,8.0,3
4800.0,550.0,204.0,3.0,2.0,2.0,,1,0,7.0,2
3750.0,320.0,84.0,2.0,2.0,1.0,7.0,9,0,7.0,4
4488.0,500.0,104.0,3.0,3.0,2.0,10.0,9,0,7.0,4
5500.0,750.0,120.0,2.0,2.0,2.0,10.0,4,0,8.0,1
8694.0,720.0,265.0,3.0,3.0,3.0,6.0,5,0,7.0,1
2375.0,280.0,55.0,1.0,1.0,1.0,14.0,11,0,8.0,3
1500.0,,50.0,1.0,1.0,0.0,10.0,4,0,7.0,1
2600.0,220.0,76.0,2.0,1.0,0.0,10.0,5,0,8.0,2
9050.0,950.0,240.0,3.0,3.0,2.0,7.0,7,0,7.0,3
2500.0,320.0,77.0,2.0,2.0,0.0,10.0,0,0,7.0,4
5610.0,,118.0,4.0,3.0,1.0,11.0,8,0,7.0,1
2500.0,,120.0,3.0,2.0,0.0,10.0,18,0,7.0,4
9350.0,1700.0,253.0,3.0,2.0,2.0,15.0,5,0,7.0,1
5278.0,,125.0,4.0,3.0,1.0,16.0,7,0,7.0,1
2960.0,350.0,80.0,2.0,2.0,1.0,13.0,12,0,7.0,2
2700.0,300.0,75.0,1.0,1.0,1.0,13.0,6,1,7.0,3
2625.0,260.0,48.0,1.0,1.0,1.0,5.0,8,0,8.0,3
10556.0,800.0,240.0,3.0,3.0,2.0,7.0,5,0,7.0,3
5460.0,350.0,111.0,2.0,2.0,1.0,1.0,6,0,7.0,3
2600.0,214.0,42.0,3.0,1.0,1.0,,11,0,7.0,2
4140.0,470.0,120.0,2.0,2.0,1.0,11.0,7,0,7.0,3
2300.0,,40.0,1.0,1.0,0.0,5.0,8,0,8.0,3
3630.0,450.0,80.0,1.0,1.0,1.0,7.0,1,0,7.0,1
7300.0,800.0,220.0,3.0,4.0,2.0,0.0,7,0,7.0,3
6732.0,840.0,200.0,3.0,3.0,2.0,6.0,0,0,7.0,1
2800.0,310.0,44.0,1.0,,1.0,0.0,7,1,7.0,1
6100.0,900.0,230.0,3.0,3.0,2.0,8.0,4,0,8.0,1
2500.0,180.0,72.0,3.0,2.0,1.0,0.0,13,0,7.0,3
1600.0,,50.0,1.0,1.0,0.0,2.0,14,0,7.0,2
3145.0,350.0,86.0,3.0,2.0,2.0,15.0,7,0,7.0,3
7770.0,600.0,116.0,2.0,2.0,1.0,1.0,1,0,7.0,1
2375.0,170.0,53.0,1.0,1.0,1.0,19.0,4,0,7.0,1
2470.0,250.0,46.0,1.0,2.0,1.0,9.0,9,0,8.0,4
7644.0,730.0,210.0,3.0,2.0,2.0,15.0,5,0,7.0,1
3310.0,390.0,90.0,1.0,1.0,1.0,1.0,9,0,7.0,3
3080.0,400.0,110.0,2.0,2.0,1.0,11.0,1,0,7.0,1
5989.0,800.0,175.0,3.0,4.0,3.0,15.0,3,0,7.0,1
4050.0,550.0,83.0,3.0,2.0,1.0,,10,0,8.0,3
3960.0,300.0,80.0,2.0,2.0,0.0,10.0,3,0,7.0,1
3500.0,320.0,75.0,1.0,1.0,0.0,10.0,3,1,7.0,2
3457.0,350.0,75.0,1.0,1.0,0.0,5.0,1,0,7.0,1
3700.0,380.0,85.0,2.0,2.0,1.0,5.0,1,1,7.0,2
3500.0,260.0,58.0,2.0,2.0,1.0,0.0,9,0,7.0,4
3075.0,460.0,85.0,2.0,2.0,1.0,7.0,9,0,7.0,3
2650.0,295.0,96.0,2.0,3.0,1.0,10.0,14,0,7.0,3
2200.0,310.0,45.0,1.0,1.0,0.0,10.0,9,1,8.0,4
9490.0,710.0,179.0,3.0,2.0,2.0,35.0,6,0,7.0,1
2850.0,380.0,90.0,3.0,2.0,1.0,14.0,6,1,7.0,1
3600.0,500.0,92.0,2.0,2.0,1.0,0.0,3,0,7.0,1
2190.0,220.0,60.0,1.0,1.0,0.0,10.0,18,2,7.0,4
3077.0,460.0,85.0,2.0,2.0,1.0,7.0,8,0,7.0,4
3640.0,320.0,90.0,2.0,2.0,0.0,6.0,12,0,7.0,2
3800.0,300.0,80.0,,2.0,1.0,3.0,5,2,7.0,3
5920.0,560.0,205.0,3.0,3.0,1.0,30.0,7,0,7.0,1
9200.0,1000.0,250.0,3.0,2.0,2.0,15.0,1,0,7.0,1
3400.0,300.0,80.0,2.0,2.0,1.0,3.0,5,2,7.0,3
4180.0,320.0,125.0,3.0,2.0,1.0,9.0,0,0,7.0,1
6032.0,680.0,132.0,3.0,3.0,2.0,15.0,2,0,7.0,1
10584.0,1250.0,395.0,3.0,3.0,3.0,7.0,2,0,7.0,1
5180.0,600.0,135.0,3.0,2.0,1.0,1.0,5,0,7.0,1
7917.0,1000.0,178.0,3.0,3.0,2.0,11.0,4,0,7.0,1
4488.0,430.0,115.0,3.0,3.0,1.0,8.0,7,0,7.0,3
2599.0,250.0,50.0,1.0,1.0,1.0,16.0,0,0,7.0,1
3145.0,300.0,58.0,1.0,2.0,1.0,3.0,13,1,8.0,4
11100.0,1450.0,300.0,3.0,2.0,2.0,5.0,3,0,7.0,1
4053.0,600.0,126.0,2.0,2.0,2.0,5.0,7,0,7.0,3
6032.0,500.0,128.0,2.0,2.0,1.0,15.0,3,0,7.0,1
7854.0,985.0,180.0,3.0,2.0,2.0,10.0,5,0,7.0,1
3129.0,321.0,60.0,1.0,1.0,1.0,1.0,3,0,7.0,1
5278.0,690.0,150.0,3.0,2.0,2.0,5.0,4,0,7.0,1
5700.0,750.0,160.0,2.0,2.0,2.0,6.0,5,0,7.0,1
2655.0,189.0,60.0,1.0,1.0,1.0,9.0,5,0,7.0,3
3366.0,400.0,97.0,,2.0,1.0,5.0,7,0,7.0,1
5610.0,535.0,165.0,3.0,2.0,1.0,29.0,1,0,7.0,1
4488.0,300.0,110.0,3.0,2.0,1.0,4.0,4,1,7.0,1
4147.0,420.0,115.0,2.0,2.0,2.0,4.0,6,1,7.0,3
3366.0,380.0,80.0,2.0,2.0,1.0,16.0,11,0,7.0,3
11400.0,1450.0,200.0,3.0,3.0,3.0,3.0,4,0,7.0,1
3204.0,570.0,90.0,2.0,1.0,1.0,2.0,5,0,7.0,1
2704.0,300.0,60.0,1.0,1.0,1.0,10.0,3,0,7.0,1
4810.0,550.0,148.0,3.0,2.0,2.0,6.0,5,0,7.0,1
8360.0,370.0,120.0,2.0,2.0,1.0,1.0,1,0,7.0,1
2888.0,390.0,60.0,2.0,1.0,1.0,4.0,10,0,8.0,3
5984.0,500.0,188.0,4.0,4.0,2.0,0.0,8,0,7.0,1
2606.0,280.0,60.0,1.0,1.0,1.0,8.0,14,0,7.0,2
3740.0,350.0,85.0,2.0,2.0,1.0,10.0,7,0,7.0,3
5236.0,500.0,146.0,3.0,4.0,2.0,0.0,8,0,7.0,1
9350.0,560.0,167.0,3.0,3.0,1.0,20.0,1,0,7.0,1
8740.0,2300.0,180.0,3.0,2.0,2.0,5.0,4,0,7.0,1
7833.0,1415.0,240.0,,3.0,2.0,10.0,8,0,8.0,2
3179.0,350.0,100.0,3.0,2.0,1.0,8.0,2,1,7.0,1
5700.0,310.0,170.0,3.0,2.0,2.0,4.0,12,0,7.0,1
3500.0,462.0,115.0,2.0,2.0,1.0,10.0,7,0,7.0,2
2805.0,290.0,100.0,2.0,2.0,1.0,12.0,9,0,7.0,3
3610.0,470.0,78.0,3.0,2.0,1.0,0.0,6,1,7.0,1
3740.0,351.0,78.0,2.0,2.0,1.0,4.0,7,0,7.0,3
4114.0,455.0,108.0,2.0,2.0,1.0,8.0,9,0,7.0,4
4488.0,550.0,134.0,3.0,2.0,1.0,3.0,9,0,7.0,3
5600.0,300.0,120.0,3.0,2.0,1.0,0.0,10,0,7.0,1
4114.0,,65.0,1.0,1.0,1.0,8.0,4,0,7.0,2
5700.0,730.0,182.0,2.0,2.0,2.0,9.0,5,0,7.0,1
4563.0,531.0,80.0,2.0,2.0,1.0,7.0,1,0,7.0,1
5000.0,,397.0,3.0,3.0,1.0,30.0,3,0,7.0,1
3000.0,425.0,85.0,3.0,2.0,0.0,7.0,8,0,8.0,4
4770.0,550.0,108.0,3.0,3.0,1.0,15.0,9,0,7.0,3
8250.0,1000.0,188.0,3.0,3.0,2.0,9.0,2,0,7.0,2
2534.0,250.0,60.0,1.0,1.0,1.0,12.0,3,0,7.0,3
5100.0,450.0,138.0,3.0,2.0,2.0,13.0,0,0,7.0,1
1800.0,,50.0,1.0,1.0,0.0,20.0,13,1,8.0,4
4000.0,450.0,107.0,3.0,2.0,1.0,5.0,3,1,7.0,1
2968.0,325.0,70.0,1.0,1.0,1.0,11.0,8,0,7.0,3
4440.0,410.0,115.0,3.0,2.0,1.0,7.0,9,0,7.0,1
4100.0,449.0,108.0,3.0,3.0,1.0,6.0,5,1,7.0,1
6700.0,,150.0,3.0,2.0,2.0,7.0,5,0,7.0,1
9400.0,830.0,208.0,3.0,3.0,2.0,8.0,5,0,7.0,3
2625.0,190.0,41.0,1.0,1.0,0.0,0.0,6,1,7.0,1
4400.0,390.0,120.0,2.0,2.0,1.0,5.0,0,0,7.0,2
3100.0,350.0,63.0,2.0,2.0,1.0,2.0,0,0,7.0,1
2300.0,200.0,38.0,1.0,1.0,1.0,7.0,13,0,8.0,4
5000.0,,82.0,2.0,2.0,1.0,0.0,7,0,7.0,3
2368.0,221.0,41.0,,1.0,0.0,2.0,8,0,8.0,3
4500.0,420.0,105.0,3.0,3.0,1.0,8.0,9,0,7.0,4
1900.0,200.0,67.0,3.0,2.0,1.0,9.0,12,0,7.0,4
3700.0,350.0,122.0,3.0,4.0,1.0,8.0,4,1,7.0,1
1900.0,300.0,45.0,1.0,1.0,0.0,17.0,0,0,7.0,1
7068.0,,139.0,2.0,2.0,1.0,3.0,10,0,7.0,3
3200.0,250.0,110.0,3.0,3.0,1.0,5.0,2,1,7.0,1
11200.0,2000.0,1101.0,5.0,4.0,6.0,30.0,6,0,7.0,1
3285.0,226.0,71.0,3.0,1.0,1.0,15.0,4,0,7.0,3
3800.0,,84.0,2.0,3.0,1.0,10.0,7,0,7.0,3
3515.0,,108.0,2.0,3.0,1.0,46.0,3,0,7.0,2
2300.0,,45.0,,1.0,0.0,2.0,8,0,7.0,2
2250.0,,39.0,1.0,1.0,0.0,1.0,13,1,8.0,4
7300.0,1000.0,215.0,3.0,4.0,2.0,10.0,6,0,7.0,1
2350.0,375.0,51.0,1.0,1.0,1.0,5.0,13,1,8.0,4
5920.0,380.0,100.0,3.0,2.0,1.0,2.0,5,0,8.0,2
8510.0,950.0,200.0,2.0,2.0,2.0,5.0,12,0,7.0,4
3300.0,350.0,88.0,2.0,2.0,1.0,12.0,9,0,7.0,3
2500.0,400.0,30.0,1.0,1.0,1.0,0.0,6,1,7.0,1
2900.0,150.0,60.0,2.0,1.0,0.0,5.0,5,0,7.0,1
3610.0,370.0,108.0,2.0,3.0,1.0,46.0,3,0,7.0,2
3500.0,,65.0,2.0,2.0,1.0,1.0,8,0,8.0,3
8556.0,600.0,110.0,2.0,2.0,2.0,19.0,3,0,7.0,1
2500.0,,67.0,2.0,1.0,0.0,0.0,13,0,7.0,2
5550.0,300.0,130.0,3.0,4.0,1.0,25.0,4,0,7.0,2
2775.0,300.0,60.0,1.0,1.0,0.0,5.0,1,0,7.0,1
3100.0,190.0,45.0,1.0,1.0,0.0,5.0,5,0,7.0,1
2700.0,,48.0,1.0,1.0,0.0,5.0,5,0,7.0,1
2900.0,,55.0,1.0,1.0,0.0,3.0,5,0,7.0,1
2900.0,390.0,70.0,1.0,1.0,1.0,6.0,1,0,7.0,1
2800.0,277.0,65.0,1.0,1.0,1.0,10.0,1,0,7.0,1
2546.0,340.0,54.0,2.0,1.0,1.0,8.0,15,1,8.0,4
2000.0,,40.0,1.0,1.0,0.0,5.0,13,1,8.0,4
7400.0,850.0,202.0,3.0,3.0,3.0,7.0,5,0,7.0,1
11100.0,2000.0,400.0,4.0,3.0,2.0,17.0,4,0,8.0,1
11100.0,1500.0,262.0,3.0,3.0,3.0,7.0,12,0,7.0,2
6290.0,1.0,91.0,1.0,1.0,2.0,22.0,4,0,7.0,2
3700.0,229.0,80.0,2.0,2.0,0.0,0.0,10,0,7.0,3
9250.0,1100.0,290.0,3.0,2.0,4.0,19.0,2,0,7.0,1
6290.0,400.0,168.0,3.0,3.0,1.0,44.0,5,0,7.0,1
7400.0,900.0,380.0,4.0,3.0,2.0,11.0,9,0,7.0,1
6290.0,800.0,137.0,3.0,2.0,2.0,8.0,4,0,7.0,4
7400.0,900.0,180.0,3.0,3.0,2.0,12.0,7,0,7.0,2
8510.0,900.0,247.0,3.0,3.0,3.0,1.0,14,1,8.0,4
7400.0,1320.0,242.0,3.0,3.0,2.0,15.0,13,1,8.0,4
5920.0,600.0,200.0,3.0,3.0,2.0,7.0,7,0,7.0,3
8140.0,573.0,167.0,3.0,3.0,0.0,7.0,11,0,7.0,2
8169.0,879.0,215.0,3.0,3.0,2.0,9.0,3,0,7.0,1
6613.0,1100.0,270.0,3.0,4.0,2.0,12.0,2,0,7.0,1
6290.0,600.0,155.0,3.0,2.0,2.0,0.0,17,0,7.0,4
2723.0,200.0,40.0,1.0,1.0,1.0,7.0,8,0,8.0,3
9336.0,690.0,220.0,2.0,2.0,2.0,9.0,4,0,7.0,1
8558.0,1490.0,362.0,4.0,4.0,2.0,12.0,4,0,8.0,1
7780.0,573.0,199.0,3.0,5.0,2.0,9.0,7,0,7.0,1
7220.0,1000.0,180.0,3.0,2.0,2.0,10.0,9,0,7.0,3
4180.0,291.0,110.0,1.0,1.0,2.0,11.0,0,0,7.0,1
11400.0,915.0,177.0,3.0,3.0,2.0,11.0,6,0,7.0,1
7410.0,900.0,215.0,3.0,4.0,2.0,9.0,5,0,7.0,1
6080.0,1.0,148.0,3.0,2.0,2.0,19.0,4,0,7.0,2
6660.0,750.0,186.0,3.0,2.0,2.0,5.0,3,0,7.0,1
6290.0,500.0,200.0,3.0,2.0,2.0,9.0,0,0,7.0,1
9500.0,1000.0,246.0,3.0,2.0,2.0,8.0,5,0,7.0,1
9500.0,900.0,216.0,3.0,2.0,2.0,12.0,4,0,8.0,1
3800.0,283.0,87.0,2.0,1.0,1.0,15.0,0,0,7.0,1
5200.0,600.0,220.0,3.0,4.0,1.0,8.0,4,0,7.0,2
9500.0,1100.0,300.0,3.0,2.0,2.0,10.0,3,0,7.0,1
7320.0,800.0,200.0,3.0,3.0,2.0,10.0,9,0,7.0,3
8360.0,300.0,200.0,2.0,2.0,2.0,6.0,0,0,7.0,1
6080.0,531.0,120.0,2.0,2.0,2.0,9.0,0,0,7.0,1
8947.0,500.0,160.0,3.0,2.0,2.0,5.0,7,0,7.0,3
6660.0,320.0,120.0,2.0,2.0,1.0,10.0,11,1,7.0,1
8947.0,450.0,160.0,3.0,3.0,2.0,8.0,7,0,7.0,3
9500.0,1480.0,235.0,3.0,3.0,2.0,19.0,5,0,7.0,1
4392.0,200.0,135.0,2.0,2.0,1.0,8.0,4,0,7.0,1
6460.0,950.0,240.0,3.0,3.0,2.0,18.0,3,0,7.0,1
9725.0,1200.0,254.0,3.0,3.0,2.0,9.0,0,0,7.0,1
4279.0,,121.0,3.0,1.0,2.0,12.0,9,0,7.0,3
8558.0,1200.0,211.0,2.0,2.0,2.0,0.0,7,0,7.0,3
8558.0,1123.0,204.0,3.0,2.0,3.0,12.0,1,0,7.0,1
3294.0,250.0,130.0,3.0,1.0,0.0,15.0,3,0,7.0,2
6613.0,780.0,230.0,3.0,3.0,2.0,9.0,5,0,7.0,3
5057.0,650.0,200.0,3.0,2.0,1.0,12.0,7,0,7.0,3
9500.0,1037.0,250.0,3.0,2.0,1.0,19.0,5,0,7.0,1
7600.0,700.0,169.0,3.0,2.0,2.0,16.0,4,0,8.0,1
8360.0,780.0,190.0,3.0,2.0,2.0,12.0,0,0,7.0,1
11400.0,1.0,177.0,2.0,2.0,2.0,0.0,0,0,7.0,1
7780.0,1.0,158.0,2.0,2.0,2.0,0.0,0,0,7.0,1
1600.0,,98.0,3.0,2.0,0.0,4.0,19,0,7.0,3
4875.0,420.0,105.0,3.0,2.0,1.0,5.0,10,0,8.0,3
3200.0,300.0,41.0,1.0,1.0,1.0,3.0,8,0,8.0,3
10500.0,970.0,269.0,3.0,3.0,2.0,7.0,0,0,7.0,1
4440.0,,103.0,2.0,2.0,1.0,10.0,9,0,7.0,4
4000.0,300.0,110.0,3.0,4.0,1.0,,9,0,7.0,4
5920.0,900.0,172.0,3.0,3.0,3.0,5.0,2,0,7.0,1
6290.0,500.0,132.0,3.0,2.0,2.0,4.0,2,0,7.0,1
3700.0,150.0,130.0,3.0,3.0,0.0,39.0,2,0,7.0,1
4745.0,470.0,100.0,2.0,2.0,2.0,5.0,15,0,7.0,3
5440.0,400.0,140.0,3.0,2.0,1.0,15.0,2,0,7.0,1
9250.0,1500.0,252.0,3.0,6.0,3.0,,5,0,7.0,1
2800.0,,60.0,1.0,1.0,2.0,8.0,5,0,8.0,4
5900.0,400.0,190.0,3.0,2.0,1.0,5.0,0,0,7.0,1
3100.0,350.0,110.0,2.0,2.0,1.0,9.0,8,0,7.0,2
4700.0,250.0,117.0,1.0,1.0,0.0,0.0,0,0,7.0,1
2700.0,370.0,88.0,2.0,1.0,1.0,12.0,4,1,7.0,1
7640.0,450.0,160.0,3.0,3.0,2.0,10.0,3,0,7.0,2
7350.0,700.0,207.0,3.0,3.0,1.0,25.0,1,0,7.0,1
2100.0,250.0,45.0,1.0,1.0,0.0,5.0,5,0,8.0,2
2700.0,60.0,120.0,3.0,1.0,1.0,7.0,11,1,7.0,3
3650.0,550.0,121.0,,3.0,2.0,10.0,6,0,7.0,1
1800.0,50.0,60.0,3.0,1.0,1.0,10.0,12,0,7.0,4
3538.0,,100.0,3.0,3.0,1.0,20.0,8,0,7.0,1
3730.0,400.0,87.0,1.0,1.0,2.0,4.0,6,0,7.0,1
2075.0,240.0,60.0,1.0,1.0,1.0,7.0,5,0,7.0,1
2900.0,230.0,48.0,1.0,1.0,1.0,0.0,6,1,7.0,1
4887.0,380.0,210.0,2.0,2.0,1.0,25.0,10,0,7.0,1
3375.0,440.0,60.0,2.0,2.0,1.0,10.0,4,1,7.0,1
3610.0,600.0,129.0,3.0,2.0,2.0,10.0,3,0,7.0,1
3800.0,350.0,70.0,2.0,2.0,1.0,0.0,8,0,7.0,1
2886.0,230.0,98.0,3.0,2.0,1.0,12.0,5,0,7.0,1
4380.0,340.0,120.0,3.0,3.0,1.0,12.0,13,0,7.0,2
3720.0,400.0,145.0,3.0,2.0,1.0,35.0,4,0,7.0,1
2835.0,300.0,69.0,2.0,2.0,1.0,2.0,0,0,7.0,1
3303.0,250.0,56.0,2.0,2.0,1.0,0.0,0,0,7.0,1
3450.0,700.0,118.0,2.0,2.0,1.0,5.0,9,0,7.0,3
4060.0,350.0,100.0,1.0,2.0,1.0,,8,0,7.0,2
4320.0,350.0,100.0,3.0,2.0,1.0,1.0,4,1,7.0,1
2250.0,200.0,41.0,1.0,1.0,0.0,3.0,13,1,8.0,4
8190.0,795.0,250.0,,2.0,2.0,25.0,0,0,7.0,1
3300.0,500.0,105.0,3.0,3.0,1.0,8.0,8,0,7.0,3
2750.0,250.0,70.0,2.0,1.0,1.0,15.0,7,0,7.0,4
2500.0,200.0,42.0,1.0,1.0,0.0,0.0,6,1,7.0,1
3500.0,490.0,95.0,3.0,3.0,0.0,15.0,6,1,7.0,1
5300.0,100.0,203.0,3.0,2.0,1.0,25.0,6,0,7.0,1
2737.0,439.0,100.0,2.0,3.0,1.0,10.0,5,2,7.0,2
4810.0,400.0,150.0,3.0,2.0,2.0,3.0,7,0,7.0,1
2300.0,160.0,39.0,1.0,1.0,0.0,,6,1,7.0,1
3062.0,340.0,74.0,2.0,2.0,1.0,0.0,9,0,7.0,4
4750.0,475.0,112.0,3.0,2.0,1.0,14.0,4,1,7.0,2
2150.0,180.0,35.0,1.0,1.0,0.0,1.0,16,1,8.0,4
2200.0,200.0,60.0,1.0,1.0,0.0,30.0,13,1,8.0,4
3650.0,735.0,107.0,2.0,2.0,1.0,10.0,7,0,7.0,1
2250.0,150.0,60.0,1.0,1.0,0.0,25.0,2,0,7.0,2
3276.0,400.0,90.0,2.0,3.0,2.0,8.0,11,1,7.0,3
1450.0,100.0,37.0,1.0,1.0,0.0,5.0,6,0,7.0,1
1650.0,,73.0,2.0,1.0,0.0,30.0,12,0,7.0,2
9275.0,,220.0,3.0,3.0,2.0,16.0,2,0,7.0,1
3300.0,,82.0,2.0,2.0,1.0,2.0,13,1,8.0,4
2600.0,220.0,99.0,2.0,,0.0,0.0,6,0,7.0,1
6388.0,350.0,240.0,3.0,3.0,0.0,30.0,0,0,7.0,1
9175.0,980.0,213.0,3.0,4.0,2.0,,6,0,7.0,1
3100.0,510.0,90.0,2.0,2.0,2.0,10.0,5,0,7.0,3
3300.0,300.0,120.0,3.0,3.0,1.0,8.0,12,0,7.0,2
6290.0,860.0,120.0,2.0,2.0,1.0,25.0,2,0,7.0,1
5250.0,450.0,145.0,3.0,2.0,1.0,12.0,11,1,7.0,1
1900.0,200.0,60.0,,1.0,0.0,10.0,9,0,7.0,2
2000.0,150.0,100.0,2.0,2.0,0.0,15.0,5,0,7.0,1
3250.0,250.0,98.0,3.0,2.0,1.0,14.0,5,0,7.0,1
4100.0,,150.0,3.0,2.0,1.0,28.0,0,0,7.0,1
3100.0,300.0,104.0,3.0,2.0,0.0,28.0,6,0,7.0,3
7300.0,650.0,203.0,3.0,3.0,1.0,8.0,19,0,7.0,4
1490.0,100.0,53.0,1.0,1.0,0.0,30.0,11,0,7.0,1
1700.0,,30.0,1.0,1.0,0.0,3.0,15,0,7.0,2
1900.0,,40.0,1.0,1.0,0.0,3.0,15,0,7.0,2
2850.0,300.0,70.0,2.0,1.0,1.0,18.0,11,0,7.0,1
1800.0,,65.0,1.0,1.0,0.0,20.0,4,0,7.0,1
2400.0,250.0,55.0,2.0,2.0,0.0,0.0,13,1,8.0,4
2500.0,320.0,77.0,2.0,2.0,0.0,10.0,0,0,7.0,1
2500.0,100.0,73.0,3.0,1.0,0.0,28.0,8,0,7.0,1
2380.0,270.0,52.0,1.0,1.0,1.0,,7,0,7.0,3
4366.0,,180.0,3.0,2.0,1.0,29.0,0,0,7.0,1
5890.0,560.0,174.0,3.0,3.0,2.0,5.0,4,0,7.0,3
1250.0,50.0,45.0,1.0,1.0,0.0,4.0,5,0,7.0,1
6992.0,800.0,260.0,3.0,2.0,1.0,26.0,0,0,7.0,1
9490.0,1150.0,213.0,3.0,3.0,2.0,,4,0,7.0,1
2500.0,,68.0,2.0,1.0,1.0,30.0,8,1,7.0,1
1850.0,80.0,75.0,2.0,1.0,0.0,16.0,13,0,7.0,2
1200.0,,40.0,1.0,1.0,0.0,8.0,14,0,7.0,4
2910.0,220.0,98.0,2.0,3.0,1.0,18.0,9,0,7.0,4
7340.0,1100.0,186.0,3.0,4.0,3.0,6.0,1,0,7.0,3
6016.0,1.0,240.0,3.0,2.0,0.0,30.0,8,0,7.0,1
1300.0,,40.0,1.0,1.0,0.0,1.0,5,0,7.0,2
2772.0,400.0,80.0,3.0,2.0,1.0,14.0,9,0,7.0,3
4500.0,470.0,100.0,2.0,2.0,1.0,16.0,1,0,7.0,2
3145.0,300.0,108.0,2.0,2.0,1.0,9.0,4,1,7.0,1
2900.0,275.0,110.0,3.0,2.0,1.0,8.0,12,0,7.0,2
5550.0,135.0,111.0,2.0,2.0,1.0,0.0,7,0,7.0,3
5500.0,512.0,160.0,3.0,3.0,1.0,10.0,14,0,7.0,1
9100.0,700.0,200.0,3.0,3.0,2.0,14.0,3,0,7.0,1
5440.0,580.0,127.0,3.0,3.0,2.0,7.0,10,1,7.0,1
1950.0,,108.0,3.0,1.0,0.0,25.0,20,0,7.0,4
3374.0,320.0,85.0,2.0,2.0,1.0,,4,0,7.0,3
6290.0,800.0,174.0,3.0,2.0,2.0,4.0,2,0,7.0,2
4000.0,450.0,142.0,3.0,3.0,1.0,16.0,6,0,7.0,1
4180.0,320.0,154.0,3.0,3.0,1.0,9.0,11,0,7.0,1
8228.0,600.0,200.0,3.0,3.0,2.0,23.0,6,0,7.0,1
7875.0,1.0,194.0,3.0,2.0,2.0,18.0,3,0,7.0,1
2896.0,350.0,120.0,2.0,2.0,2.0,13.0,7,0,7.0,1
3420.0,227.0,64.0,1.0,1.0,1.0,15.0,9,0,7.0,4
2569.0,200.0,102.0,3.0,1.0,0.0,45.0,8,0,7.0,1
3400.0,390.0,174.0,3.0,4.0,2.0,9.0,15,0,7.0,2
3000.0,270.0,50.0,1.0,1.0,0.0,0.0,6,1,7.0,1
2000.0,300.0,50.0,1.0,1.0,0.0,22.0,6,1,7.0,1
2600.0,350.0,55.0,,1.0,1.0,0.0,5,0,7.0,1
9000.0,700.0,165.0,2.0,4.0,2.0,8.0,3,0,7.0,1
9000.0,680.0,240.0,3.0,3.0,2.0,10.0,8,0,7.0,4
4199.0,,125.0,3.0,3.0,2.0,4.0,6,0,7.0,1
7560.0,1100.0,257.0,5.0,5.0,3.0,10.0,5,0,7.0,1
1850.0,110.0,160.0,2.0,,0.0,,5,1,7.0,3
2730.0,300.0,78.0,3.0,3.0,2.0,15.0,3,0,7.0,1
4600.0,500.0,110.0,2.0,2.0,2.0,9.0,7,0,7.0,1
2300.0,,90.0,2.0,2.0,0.0,6.0,9,0,7.0,1
2030.0,,75.0,2.0,1.0,1.0,10.0,5,0,7.0,1
1550.0,,70.0,2.0,1.0,0.0,40.0,11,0,7.0,4
3650.0,650.0,145.0,1.0,2.0,2.0,14.0,10,0,7.0,1
7400.0,,251.0,3.0,3.0,2.0,10.0,0,0,7.0,1
2400.0,250.0,45.0,1.0,1.0,1.0,,7,0,7.0,1
4150.0,672.0,140.0,3.0,2.0,2.0,,5,0,7.0,1
3990.0,600.0,150.0,3.0,1.0,1.0,18.0,5,0,7.0,1
5450.0,350.0,290.0,3.0,2.0,2.0,10.0,7,0,7.0,1
3938.0,,144.0,3.0,2.0,1.0,15.0,7,0,7.0,3
1200.0,30.0,20.0,1.0,1.0,0.0,15.0,6,0,7.0,1
2300.0,250.0,55.0,1.0,1.0,0.0,,8,0,7.0,1
2100.0,220.0,80.0,3.0,2.0,0.0,0.0,5,0,7.0,1
7580.0,650.0,265.0,3.0,3.0,2.0,12.0,5,0,7.0,1
3085.0,480.0,99.0,2.0,2.0,2.0,18.0,9,0,7.0,1
2500.0,150.0,59.0,2.0,,0.0,30.0,6,0,7.0,1
8030.0,650.0,265.0,3.0,2.0,2.0,6.0,6,0,7.0,1
3942.0,630.0,119.0,3.0,2.0,2.0,,12,0,7.0,1
7400.0,,156.0,3.0,2.0,1.0,2.0,5,0,7.0,1
2650.0,300.0,88.0,3.0,2.0,1.0,17.0,0,0,7.0,1
4320.0,500.0,100.0,2.0,3.0,1.0,0.0,6,0,7.0,1
11073.0,1469.0,481.0,4.0,5.0,2.0,11.0,12,0,7.0,2
2928.0,,100.0,3.0,2.0,0.0,10.0,3,0,7.0,1
2620.0,130.0,110.0,3.0,3.0,1.0,21.0,1,0,7.0,1
10498.0,1800.0,374.0,4.0,6.0,3.0,15.0,4,0,7.0,1
9160.0,1100.0,240.0,3.0,3.0,2.0,14.0,6,0,7.0,1
1500.0,,68.0,2.0,1.0,0.0,0.0,12,0,7.0,4
6120.0,1000.0,185.0,3.0,4.0,2.0,20.0,2,0,7.0,1
10374.0,1300.0,393.0,4.0,4.0,2.0,14.0,0,0,7.0,1
2200.0,1.0,100.0,3.0,1.0,0.0,4.0,6,0,7.0,3
5800.0,350.0,225.0,3.0,3.0,2.0,13.0,6,0,7.0,3
4887.0,650.0,154.0,3.0,3.0,2.0,15.0,0,0,7.0,1
1500.0,,89.0,2.0,1.0,0.0,5.0,13,0,7.0,4
4687.0,700.0,140.0,3.0,2.0,2.0,8.0,10,0,7.0,1
5550.0,800.0,197.0,3.0,3.0,2.0,7.0,7,0,7.0,1
7850.0,970.0,288.0,3.0,3.0,2.0,17.0,9,0,7.0,1
6570.0,,214.0,4.0,3.0,2.0,10.0,9,0,7.0,2
1800.0,,30.0,1.0,,0.0,0.0,9,0,7.0,2
9750.0,1500.0,400.0,4.0,4.0,3.0,8.0,0,0,7.0,1
6171.0,,200.0,3.0,2.0,2.0,10.0,0,0,7.0,1
2800.0,150.0,76.0,2.0,2.0,0.0,29.0,0,0,7.0,1
2880.0,,90.0,2.0,2.0,0.0,0.0,4,0,7.0,1
2900.0,200.0,80.0,1.0,1.0,2.0,25.0,6,0,7.0,1
5840.0,400.0,210.0,3.0,3.0,1.0,5.0,8,0,7.0,1
1500.0,,50.0,1.0,1.0,0.0,0.0,9,0,7.0,3
800.0,,30.0,1.0,1.0,0.0,1.0,14,0,7.0,4
3515.0,,100.0,2.0,,0.0,20.0,11,0,7.0,1
2000.0,,62.0,1.0,2.0,1.0,25.0,3,0,7.0,1
6900.0,800.0,250.0,3.0,3.0,3.0,11.0,5,0,7.0,1
7200.0,800.0,187.0,3.0,2.0,2.0,24.0,0,0,7.0,1
2960.0,320.0,118.0,2.0,2.0,1.0,25.0,6,0,7.0,2
3374.0,370.0,105.0,2.0,2.0,2.0,,4,0,7.0,1
6480.0,1100.0,204.0,3.0,2.0,3.0,12.0,0,0,7.0,1
6750.0,850.0,172.0,2.0,2.0,2.0,10.0,0,0,7.0,1
10472.0,1300.0,396.0,4.0,4.0,2.0,10.0,0,0,7.0,1
2450.0,390.0,90.0,3.0,3.0,0.0,12.0,7,0,7.0,1
1700.0,,98.0,2.0,1.0,0.0,20.0,12,0,7.0,4
2920.0,290.0,50.0,1.0,1.0,1.0,20.0,13,0,7.0,3
9250.0,1150.0,245.0,3.0,3.0,2.0,10.0,12,0,7.0,4
2800.0,250.0,112.0,3.0,3.0,1.0,15.0,1,0,7.0,1
7200.0,800.0,300.0,3.0,3.0,3.0,15.0,0,0,7.0,1
5500.0,600.0,200.0,3.0,4.0,1.0,10.0,5,0,7.0,1
9500.0,250.0,350.0,3.0,4.0,2.0,10.0,7,0,7.0,1
6290.0,650.0,217.0,3.0,3.0,3.0,9.0,6,0,7.0,1
5920.0,420.0,236.0,3.0,3.0,2.0,14.0,27,1,7.0,4
5625.0,690.0,270.0,3.0,3.0,2.0,10.0,8,0,7.0,1
2970.0,300.0,97.0,2.0,3.0,1.0,12.0,2,1,7.0,1
2847.0,380.0,65.0,1.0,1.0,1.0,9.0,11,3,7.0,4
3670.0,580.0,110.0,3.0,4.0,1.0,12.0,10,0,7.0,3
2990.0,400.0,65.0,,1.0,1.0,5.0,12,0,8.0,4
2600.0,180.0,115.0,2.0,2.0,2.0,12.0,8,1,7.0,4
2900.0,490.0,89.0,2.0,2.0,1.0,17.0,10,0,7.0,4
7125.0,795.0,181.0,3.0,2.0,1.0,30.0,1,0,7.0,1
2300.0,300.0,130.0,3.0,2.0,1.0,4.0,4,0,7.0,4
3330.0,380.0,74.0,2.0,2.0,1.0,0.0,12,0,7.0,4
2500.0,180.0,40.0,1.0,1.0,0.0,4.0,12,1,8.0,4
2100.0,150.0,40.0,,1.0,0.0,5.0,9,0,8.0,3
4700.0,580.0,124.0,2.0,3.0,2.0,4.0,11,0,7.0,2
3439.0,350.0,90.0,2.0,2.0,0.0,5.0,7,0,7.0,3
2200.0,,85.0,2.0,2.0,1.0,30.0,6,0,7.0,1
4600.0,350.0,151.0,3.0,2.0,2.0,42.0,9,0,7.0,3
4048.0,429.0,104.0,3.0,3.0,1.0,,1,1,7.0,2
6588.0,850.0,200.0,4.0,3.0,1.0,10.0,7,0,7.0,3
2400.0,150.0,70.0,3.0,2.0,1.0,0.0,7,0,7.0,4
2890.0,263.0,80.0,2.0,2.0,0.0,5.0,5,2,7.0,2
3890.0,590.0,90.0,3.0,2.0,1.0,0.0,8,0,7.0,4
2900.0,400.0,115.0,3.0,1.0,1.0,20.0,0,0,7.0,2
2150.0,200.0,40.0,1.0,1.0,0.0,3.0,9,0,8.0,3
2490.0,190.0,105.0,3.0,2.0,1.0,5.0,5,0,7.0,1
1250.0,,65.0,2.0,1.0,0.0,10.0,9,0,7.0,4
4650.0,330.0,45.0,1.0,1.0,0.0,2.0,5,0,7.0,1
4350.0,820.0,112.0,2.0,2.0,1.0,5.0,9,0,8.0,4
5500.0,680.0,125.0,3.0,3.0,2.0,9.0,5,0,8.0,2
2770.0,280.0,72.0,3.0,2.0,1.0,12.0,9,1,8.0,4
1750.0,200.0,55.0,1.0,1.0,0.0,2.0,12,1,8.0,4
2737.0,310.0,40.0,1.0,1.0,1.0,1.0,13,0,8.0,4
4195.0,,99.0,2.0,2.0,1.0,1.0,8,0,7.0,1
2390.0,350.0,52.0,1.0,1.0,1.0,4.0,14,1,8.0,4
3100.0,300.0,86.0,2.0,2.0,0.0,15.0,17,3,7.0,4
4700.0,410.0,131.0,3.0,2.0,2.0,5.0,3,1,7.0,1
6935.0,309.0,228.0,3.0,3.0,2.0,19.0,4,0,7.0,1
2576.0,250.0,40.0,1.0,1.0,0.0,0.0,9,0,7.0,3
1700.0,,75.0,3.0,2.0,0.0,1.0,7,1,7.0,4
5840.0,500.0,125.0,2.0,2.0,2.0,2.0,7,0,7.0,3
4380.0,900.0,125.0,2.0,3.0,1.0,14.0,2,0,7.0,2
4900.0,430.0,125.0,2.0,2.0,2.0,12.0,8,0,7.0,2
2896.0,300.0,80.0,2.0,2.0,1.0,9.0,7,0,7.0,3
5402.0,700.0,189.0,4.0,2.0,1.0,,0,0,7.0,1
2920.0,280.0,56.0,2.0,2.0,1.0,1.0,11,0,7.0,1
2500.0,290.0,67.0,2.0,2.0,0.0,0.0,8,0,7.0,4
4780.0,775.0,153.0,3.0,2.0,1.0,10.0,9,0,7.0,2
4863.0,600.0,137.0,3.0,3.0,2.0,,5,0,7.0,1
8140.0,650.0,154.0,2.0,2.0,2.0,3.0,5,0,7.0,1
2516.0,,36.0,,1.0,1.0,0.0,5,0,8.0,1
8000.0,450.0,147.0,3.0,2.0,2.0,20.0,3,0,7.0,1
3449.0,,85.0,2.0,2.0,1.0,5.0,6,0,7.0,2
2755.0,338.0,60.0,2.0,2.0,1.0,,1,1,7.0,1
1830.0,100.0,25.0,1.0,1.0,0.0,0.0,3,0,7.0,1
2420.0,305.0,45.0,1.0,1.0,1.0,7.0,8,0,8.0,3
5300.0,400.0,125.0,2.0,2.0,2.0,5.0,13,0,7.0,2
6945.0,1100.0,156.0,3.0,3.0,2.0,,2,0,7.0,2
2760.0,200.0,42.0,1.0,1.0,0.0,0.0,6,1,7.0,1
4560.0,630.0,100.0,2.0,2.0,2.0,2.0,8,0,7.0,1
2200.0,350.0,45.0,1.0,1.0,0.0,4.0,13,1,8.0,4
4745.0,,100.0,2.0,2.0,1.0,6.0,9,1,8.0,4
2431.0,250.0,45.0,1.0,1.0,1.0,5.0,9,0,8.0,4
7728.0,1000.0,125.0,2.0,2.0,2.0,3.0,0,0,7.0,1
1784.0,230.0,47.0,1.0,1.0,0.0,18.0,7,0,7.0,3
4070.0,720.0,110.0,2.0,3.0,1.0,4.0,12,3,7.0,4
4255.0,495.0,135.0,3.0,2.0,2.0,9.0,9,0,7.0,4
5505.0,650.0,114.0,3.0,2.0,2.0,1.0,10,0,7.0,1
2900.0,400.0,90.0,2.0,2.0,1.0,3.0,9,0,7.0,1
6100.0,750.0,209.0,2.0,2.0,2.0,7.0,7,0,7.0,3
2000.0,250.0,42.0,1.0,1.0,0.0,4.0,13,1,8.0,4
2700.0,280.0,60.0,1.0,1.0,1.0,15.0,1,0,7.0,1
3200.0,580.0,80.0,2.0,2.0,1.0,3.0,15,1,7.0,3
2000.0,280.0,40.0,1.0,1.0,1.0,5.0,14,1,8.0,4
3704.0,650.0,102.0,2.0,3.0,2.0,8.0,7,0,7.0,3
5520.0,,118.0,3.0,2.0,2.0,2.0,9,0,7.0,4
4732.0,400.0,108.0,2.0,2.0,1.0,13.0,1,0,7.0,1
4750.0,560.0,124.0,2.0,2.0,1.0,5.0,1,0,7.0,1
5180.0,700.0,100.0,2.0,2.0,1.0,1.0,13,1,8.0,4
2100.0,120.0,60.0,2.0,1.0,1.0,20.0,9,0,7.0,1
9035.0,830.0,205.0,3.0,2.0,1.0,26.0,5,0,7.0,1
4770.0,560.0,106.0,3.0,2.0,2.0,3.0,2,0,7.0,2
2740.0,260.0,65.0,1.0,2.0,1.0,8.0,4,1,7.0,2
3290.0,528.0,107.0,2.0,2.0,1.0,16.0,5,0,7.0,3
7250.0,450.0,230.0,4.0,3.0,2.0,15.0,6,0,7.0,1
3054.0,280.0,56.0,2.0,2.0,1.0,1.0,7,0,7.0,3
2960.0,400.0,100.0,3.0,3.0,1.0,10.0,15,3,7.0,4
2778.0,,40.0,1.0,1.0,1.0,0.0,0,0,7.0,1
4015.0,281.0,100.0,2.0,2.0,1.0,,9,0,7.0,1
6120.0,1100.0,240.0,3.0,4.0,2.0,8.0,1,0,7.0,1
2600.0,350.0,55.0,1.0,1.0,0.0,8.0,8,0,8.0,3
2830.0,300.0,64.0,2.0,2.0,1.0,9.0,7,1,7.0,1
3180.0,390.0,62.0,1.0,1.0,1.0,6.0,1,0,7.0,1
6973.0,830.0,220.0,4.0,2.0,2.0,11.0,6,0,7.0,1
2800.0,400.0,84.0,3.0,2.0,1.0,19.0,3,1,7.0,1
6100.0,470.0,140.0,,2.0,2.0,4.0,6,1,7.0,1
3100.0,350.0,90.0,3.0,2.0,1.0,6.0,11,0,7.0,3
4232.0,,88.0,3.0,2.0,1.0,18.0,9,0,7.0,4
3500.0,450.0,120.0,3.0,2.0,2.0,9.0,9,0,7.0,2
8784.0,928.0,212.0,3.0,4.0,2.0,16.0,5,0,7.0,3
6600.0,950.0,277.0,4.0,3.0,2.0,19.0,2,0,7.0,2
3300.0,420.0,120.0,3.0,2.0,1.0,15.0,12,0,7.0,1
6105.0,520.0,125.0,2.0,3.0,2.0,2.0,5,0,7.0,3
4200.0,450.0,130.0,3.0,3.0,0.0,10.0,6,0,7.0,2
3300.0,450.0,98.0,3.0,2.0,1.0,5.0,7,0,8.0,4
2950.0,200.0,65.0,1.0,1.0,1.0,12.0,11,0,7.0,4
3300.0,380.0,80.0,2.0,2.0,1.0,7.0,4,0,7.0,3
2497.0,,40.0,1.0,1.0,0.0,1.0,0,0,7.0,1
8784.0,750.0,212.0,3.0,4.0,3.0,16.0,5,0,7.0,3
6188.0,1500.0,210.0,3.0,2.0,2.0,19.0,5,0,7.0,1
6040.0,500.0,138.0,2.0,2.0,1.0,4.0,7,0,7.0,3
4500.0,390.0,120.0,2.0,3.0,1.0,5.0,1,0,7.0,1
3800.0,370.0,105.0,3.0,2.0,1.0,10.0,14,0,7.0,3
4500.0,500.0,125.0,3.0,2.0,1.0,8.0,2,0,7.0,1
3000.0,650.0,100.0,1.0,1.0,1.0,16.0,12,0,7.0,1
8510.0,650.0,182.0,3.0,2.0,2.0,6.0,3,0,7.0,1
4100.0,280.0,100.0,1.0,2.0,1.0,3.0,8,0,7.0,2
2350.0,170.0,43.0,1.0,1.0,0.0,0.0,3,0,7.0,1
3600.0,200.0,235.0,4.0,3.0,1.0,40.0,16,2,7.0,1
3100.0,300.0,48.0,1.0,1.0,0.0,1.0,11,0,7.0,2
4357.0,350.0,165.0,3.0,3.0,1.0,3.0,5,0,7.0,1
5445.0,610.0,175.0,3.0,2.0,1.0,5.0,5,0,7.0,1
4907.0,730.0,150.0,3.0,3.0,1.0,4.0,5,0,7.0,1
3995.0,480.0,121.0,3.0,3.0,1.0,3.0,8,0,7.0,4
3650.0,390.0,170.0,2.0,3.0,2.0,2.0,0,0,7.0,1
4720.0,350.0,130.0,2.0,3.0,1.0,2.0,2,0,7.0,2
5096.0,590.0,130.0,2.0,3.0,1.0,3.0,12,0,7.0,2
2650.0,200.0,80.0,1.0,1.0,1.0,5.0,8,0,7.0,4
2545.0,280.0,55.0,1.0,1.0,0.0,2.0,13,1,8.0,4
2550.0,370.0,80.0,2.0,2.0,0.0,5.0,1,0,7.0,1
4175.0,450.0,135.0,3.0,2.0,1.0,2.0,1,0,7.0,1
2800.0,480.0,79.0,2.0,2.0,1.0,19.0,9,0,7.0,1
2847.0,300.0,60.0,2.0,2.0,1.0,6.0,1,0,8.0,1
3330.0,350.0,139.0,3.0,2.0,1.0,13.0,4,0,7.0,3
4232.0,520.0,120.0,3.0,2.0,1.0,15.0,7,0,7.0,3
4500.0,350.0,156.0,3.0,3.0,2.0,30.0,8,0,7.0,1
2250.0,300.0,60.0,1.0,1.0,1.0,11.0,4,0,8.0,1
6335.0,700.0,143.0,2.0,2.0,2.0,13.0,4,0,7.0,2
2650.0,300.0,97.0,2.0,2.0,1.0,,12,0,7.0,4
7600.0,830.0,170.0,2.0,2.0,2.0,12.0,4,0,7.0,2
11020.0,1100.0,235.0,3.0,3.0,2.0,10.0,5,0,7.0,3
8695.0,640.0,181.0,3.0,3.0,2.0,8.0,5,0,7.0,3
6380.0,800.0,169.0,3.0,4.0,2.0,20.0,7,0,7.0,2
1850.0,200.0,58.0,2.0,1.0,0.0,,8,0,7.0,3
7100.0,467.0,180.0,3.0,3.0,2.0,15.0,4,0,7.0,1
2300.0,,86.0,2.0,1.0,1.0,13.0,1,0,7.0,1
3000.0,300.0,90.0,2.0,2.0,1.0,6.0,4,1,7.0,1
1900.0,100.0,72.0,3.0,1.0,0.0,15.0,8,0,7.0,4
5068.0,1.0,110.0,2.0,1.0,1.0,,6,0,7.0,1
2200.0,100.0,110.0,2.0,2.0,0.0,10.0,12,0,7.0,3
1800.0,130.0,72.0,3.0,2.0,0.0,29.0,6,0,7.0,1
8250.0,1500.0,370.0,3.0,4.0,2.0,20.0,9,0,7.0,3
2555.0,350.0,66.0,1.0,1.0,1.0,12.0,13,0,7.0,1
2800.0,269.0,86.0,2.0,2.0,1.0,,8,0,7.0,4
2900.0,350.0,65.0,2.0,2.0,1.0,3.0,12,1,8.0,4
1800.0,100.0,95.0,3.0,2.0,0.0,10.0,12,0,7.0,4
1600.0,200.0,40.0,1.0,1.0,0.0,15.0,13,1,7.0,1
2900.0,400.0,65.0,2.0,2.0,1.0,10.0,10,0,7.0,1
2850.0,230.0,110.0,4.0,2.0,1.0,19.0,3,0,7.0,2
2000.0,,25.0,1.0,1.0,1.0,15.0,4,0,7.0,1
6760.0,700.0,180.0,3.0,2.0,1.0,8.0,2,0,7.0,2
2500.0,250.0,85.0,3.0,2.0,1.0,9.0,13,0,7.0,4
8100.0,725.0,180.0,3.0,3.0,2.0,15.0,13,0,7.0,2
2800.0,100.0,130.0,3.0,2.0,1.0,,8,0,7.0,3
3700.0,,100.0,3.0,2.0,2.0,4.0,10,1,7.0,3
6935.0,,180.0,3.0,2.0,2.0,4.0,2,0,7.0,2
2450.0,200.0,60.0,1.0,1.0,0.0,0.0,14,1,7.0,4
2400.0,150.0,80.0,3.0,2.0,0.0,4.0,5,0,7.0,4
5110.0,530.0,164.0,3.0,3.0,2.0,9.0,10,0,7.0,1
3885.0,710.0,100.0,1.0,2.0,2.0,14.0,5,0,7.0,1
8625.0,1150.0,267.0,4.0,3.0,2.0,15.0,5,0,7.0,1
5840.0,700.0,121.0,3.0,2.0,2.0,6.0,5,0,7.0,1
3500.0,300.0,175.0,3.0,3.0,2.0,17.0,7,0,7.0,1
1500.0,,55.0,1.0,1.0,0.0,26.0,12,0,7.0,2
4440.0,650.0,123.0,3.0,2.0,2.0,10.0,8,0,7.0,1
5365.0,450.0,120.0,2.0,2.0,2.0,13.0,9,0,7.0,2
9250.0,740.0,350.0,4.0,2.0,3.0,10.0,5,0,7.0,1
8464.0,1100.0,223.0,3.0,4.0,1.0,19.0,10,0,7.0,2
3300.0,450.0,115.0,3.0,2.0,2.0,8.0,4,0,7.0,1
7750.0,1100.0,356.0,3.0,2.0,2.0,18.0,8,0,7.0,1
6290.0,600.0,280.0,4.0,4.0,2.0,12.0,4,0,7.0,1
4232.0,450.0,111.0,3.0,2.0,2.0,,5,0,7.0,1
4450.0,525.0,114.0,2.0,2.0,2.0,10.0,5,0,7.0,1
8740.0,1350.0,310.0,3.0,4.0,2.0,,5,0,7.0,1
2400.0,1.0,150.0,2.0,2.0,1.0,0.0,6,1,7.0,2
9300.0,715.0,280.0,3.0,3.0,2.0,19.0,5,0,7.0,1
10730.0,1800.0,375.0,4.0,3.0,3.0,3.0,5,0,7.0,1
10360.0,1000.0,396.0,4.0,4.0,2.0,14.0,0,0,7.0,1
3300.0,670.0,120.0,3.0,2.0,2.0,,6,0,7.0,1
4440.0,450.0,110.0,3.0,3.0,1.0,8.0,7,0,7.0,1
2100.0,10.0,60.0,1.0,1.0,0.0,6.0,17,1,7.0,4
3650.0,350.0,138.0,3.0,4.0,2.0,,6,0,7.0,1
2688.0,300.0,92.0,2.0,2.0,1.0,15.0,8,0,7.0,1
3200.0,150.0,100.0,3.0,1.0,0.0,20.0,9,0,7.0,3
2977.0,,68.0,2.0,2.0,1.0,3.0,13,1,8.0,4
2650.0,190.0,60.0,1.0,1.0,1.0,20.0,7,0,7.0,3
2000.0,150.0,100.0,2.0,2.0,0.0,14.0,5,0,7.0,4
2950.0,300.0,68.0,2.0,2.0,0.0,2.0,9,0,7.0,3
3750.0,600.0,80.0,2.0,2.0,0.0,0.0,2,0,7.0,1
4100.0,,106.0,3.0,3.0,1.0,10.0,8,0,8.0,3
1600.0,220.0,75.0,3.0,2.0,0.0,9.0,14,0,7.0,4
6624.0,800.0,177.0,2.0,2.0,2.0,50.0,2,0,7.0,2
3500.0,300.0,175.0,3.0,3.0,2.0,17.0,8,0,7.0,1
6660.0,800.0,213.0,3.0,3.0,2.0,9.0,7,0,7.0,1
6480.0,650.0,175.0,3.0,2.0,2.0,10.0,6,0,7.0,1
6562.0,450.0,200.0,3.0,3.0,1.0,9.0,11,2,7.0,4
5400.0,446.0,150.0,2.0,2.0,2.0,35.0,6,0,7.0,3
7400.0,500.0,133.0,2.0,2.0,2.0,2.0,2,0,7.0,2
7400.0,700.0,208.0,3.0,2.0,2.0,14.0,3,0,7.0,1
6660.0,740.0,210.0,3.0,3.0,2.0,8.0,6,0,7.0,1
9990.0,1350.0,290.0,3.0,3.0,2.0,27.0,3,0,7.0,1
5550.0,400.0,120.0,2.0,2.0,2.0,7.0,2,0,7.0,2
7770.0,1180.0,215.0,3.0,3.0,2.0,14.0,6,0,7.0,1
9044.0,1050.0,255.0,3.0,2.0,2.0,1.0,0,0,7.0,1
4500.0,700.0,88.0,2.0,2.0,1.0,4.0,11,0,7.0,3
3500.0,320.0,80.0,3.0,2.0,1.0,3.0,4,0,7.0,1
2250.0,200.0,29.0,1.0,1.0,0.0,6.0,9,0,8.0,3
2730.0,200.0,53.0,1.0,1.0,1.0,12.0,6,0,7.0,1
4312.0,500.0,130.0,3.0,3.0,1.0,7.0,4,0,8.0,3
2250.0,360.0,45.0,1.0,1.0,0.0,,9,0,7.0,4
2499.0,385.0,110.0,1.0,1.0,0.0,30.0,7,0,7.0,3
2900.0,360.0,80.0,3.0,2.0,1.0,9.0,14,1,8.0,4
2812.0,380.0,84.0,2.0,2.0,1.0,15.0,16,0,7.0,4
5054.0,150.0,105.0,3.0,2.0,0.0,20.0,1,0,7.0,2
2700.0,200.0,43.0,1.0,1.0,0.0,0.0,5,0,7.0,1
1800.0,323.0,50.0,1.0,1.0,0.0,0.0,8,0,8.0,4
2722.0,260.0,70.0,2.0,2.0,0.0,11.0,16,0,7.0,4
4440.0,295.0,105.0,2.0,2.0,1.0,20.0,10,0,7.0,3
2500.0,,80.0,2.0,1.0,0.0,25.0,8,0,7.0,2
4380.0,480.0,123.0,3.0,2.0,1.0,7.0,9,0,7.0,3
3620.0,430.0,89.0,3.0,2.0,1.0,,3,0,7.0,1
2350.0,150.0,44.0,1.0,1.0,0.0,,0,0,7.0,1
2400.0,205.0,42.0,1.0,1.0,0.0,0.0,11,1,7.0,3
3620.0,400.0,146.0,3.0,2.0,1.0,28.0,0,0,7.0,1
2400.0,300.0,45.0,1.0,1.0,1.0,0.0,0,0,7.0,1
2917.0,290.0,42.0,1.0,1.0,0.0,0.0,8,0,8.0,3
3285.0,,42.0,1.0,1.0,1.0,0.0,8,0,8.0,3
4198.0,,63.0,2.0,2.0,1.0,0.0,8,0,8.0,3
3300.0,500.0,129.0,3.0,2.0,1.0,8.0,9,0,7.0,3
2600.0,,94.0,3.0,1.0,0.0,5.0,6,0,7.0,2
2490.0,200.0,40.0,1.0,1.0,1.0,0.0,10,0,8.0,4
2650.0,170.0,45.0,1.0,1.0,0.0,2.0,13,1,8.0,4
2300.0,1.0,88.0,2.0,1.0,1.0,22.0,0,0,7.0,1
2700.0,250.0,99.0,3.0,2.0,1.0,10.0,9,0,7.0,2
2800.0,160.0,38.0,1.0,1.0,1.0,19.0,2,0,7.0,2
3700.0,300.0,85.0,2.0,2.0,1.0,14.0,1,0,7.0,1
3330.0,350.0,60.0,1.0,1.0,1.0,,7,1,7.0,4
4440.0,350.0,108.0,2.0,2.0,1.0,15.0,11,0,7.0,3
8118.0,700.0,173.0,2.0,3.0,1.0,9.0,0,0,7.0,1
7560.0,1100.0,257.0,5.0,5.0,3.0,6.0,8,0,7.0,4
3251.0,,68.0,2.0,2.0,0.0,0.0,8,3,7.0,4
2400.0,250.0,67.0,1.0,1.0,1.0,12.0,8,1,7.0,1
4048.0,550.0,93.0,2.0,2.0,1.0,2.0,13,1,8.0,4
2700.0,220.0,36.0,1.0,1.0,0.0,0.0,14,1,8.0,4
4000.0,,110.0,,,0.0,0.0,9,0,7.0,1
2700.0,300.0,95.0,2.0,2.0,1.0,20.0,9,3,7.0,4
6080.0,450.0,120.0,2.0,2.0,1.0,3.0,5,0,7.0,3
3128.0,381.0,96.0,3.0,2.0,0.0,11.0,1,0,7.0,1
2300.0,,118.0,3.0,2.0,0.0,32.0,9,0,7.0,1
2450.0,200.0,42.0,1.0,1.0,1.0,,5,0,7.0,1
3077.0,350.0,70.0,2.0,2.0,1.0,1.0,12,0,7.0,1
2760.0,300.0,66.0,1.0,2.0,1.0,10.0,9,0,7.0,3
4416.0,560.0,105.0,2.0,2.0,2.0,,7,0,7.0,3
2300.0,220.0,47.0,1.0,,0.0,,9,0,7.0,2
1500.0,80.0,85.0,2.0,1.0,0.0,4.0,5,0,7.0,4
2014.0,300.0,48.0,1.0,1.0,0.0,2.0,9,1,8.0,4
2405.0,280.0,50.0,1.0,1.0,1.0,0.0,5,0,8.0,2
7770.0,,252.0,3.0,4.0,2.0,4.0,14,0,7.0,4
2800.0,200.0,70.0,3.0,2.0,0.0,35.0,13,1,8.0,4
2812.0,320.0,63.0,2.0,2.0,1.0,7.0,10,0,8.0,3
4100.0,600.0,135.0,3.0,2.0,2.0,,6,0,7.0,1
4381.0,,130.0,3.0,3.0,2.0,8.0,7,0,7.0,1
2730.0,200.0,58.0,,1.0,1.0,12.0,6,0,7.0,1
3940.0,500.0,120.0,3.0,3.0,1.0,8.0,4,0,8.0,3
3750.0,500.0,120.0,3.0,2.0,1.0,8.0,4,0,8.0,3
3800.0,330.0,77.0,2.0,2.0,0.0,3.0,4,0,7.0,3
5068.0,,110.0,2.0,2.0,1.0,8.0,14,0,7.0,1
6617.0,,187.0,3.0,2.0,2.0,9.0,5,0,7.0,3
3256.0,,67.0,2.0,2.0,1.0,2.0,9,0,7.0,3
4810.0,,151.0,3.0,2.0,2.0,18.0,5,0,7.0,1
3700.0,,71.0,2.0,2.0,0.0,2.0,9,0,7.0,2
4500.0,680.0,125.0,3.0,2.0,1.0,5.0,6,0,8.0,2
2300.0,200.0,43.0,1.0,1.0,0.0,,0,0,7.0,1
2100.0,150.0,50.0,1.0,1.0,1.0,,8,0,7.0,1
4440.0,300.0,110.0,2.0,2.0,2.0,11.0,9,0,7.0,3
2500.0,280.0,55.0,2.0,1.0,1.0,,13,1,8.0,4
3250.0,530.0,84.0,2.0,2.0,1.0,17.0,5,0,7.0,3
2400.0,200.0,36.0,1.0,1.0,0.0,5.0,9,0,8.0,4
4015.0,740.0,143.0,3.0,3.0,1.0,0.0,7,0,7.0,3
4968.0,366.0,115.0,3.0,2.0,0.0,9.0,10,0,7.0,3
2080.0,200.0,44.0,1.0,1.0,0.0,13.0,8,0,8.0,4
2030.0,210.0,38.0,1.0,1.0,0.0,4.0,10,0,8.0,3
2300.0,190.0,47.0,1.0,1.0,0.0,2.0,11,1,7.0,2
2700.0,140.0,95.0,1.0,2.0,1.0,15.0,9,0,7.0,1
4380.0,480.0,100.0,2.0,2.0,1.0,3.0,8,1,7.0,1
2600.0,220.0,40.0,1.0,1.0,0.0,0.0,8,0,8.0,3
4396.0,500.0,125.0,3.0,3.0,1.0,,0,0,7.0,1
3500.0,350.0,98.0,2.0,3.0,1.0,16.0,5,0,7.0,1
2590.0,300.0,60.0,1.0,1.0,1.0,4.0,9,1,8.0,4
3300.0,430.0,102.0,2.0,2.0,2.0,8.0,6,0,7.0,2
8600.0,280.0,300.0,4.0,3.0,2.0,10.0,0,0,7.0,1
9200.0,1100.0,300.0,3.0,2.0,2.0,12.0,0,0,7.0,1
4500.0,450.0,120.0,3.0,2.0,1.0,4.0,2,0,7.0,3
3312.0,300.0,74.0,1.0,1.0,1.0,10.0,14,0,7.0,1
2600.0,350.0,105.0,3.0,2.0,1.0,8.0,7,0,7.0,1
2425.0,200.0,61.0,1.0,1.0,0.0,4.0,9,0,7.0,3
4771.0,500.0,155.0,2.0,3.0,1.0,2.0,10,0,7.0,3
4500.0,250.0,100.0,2.0,2.0,1.0,8.0,13,1,8.0,4
3100.0,220.0,85.0,2.0,2.0,0.0,15.0,5,2,7.0,1
3119.0,500.0,130.0,3.0,2.0,2.0,15.0,6,0,7.0,1
2950.0,140.0,75.0,2.0,2.0,0.0,1.0,6,0,7.0,4
2500.0,,80.0,2.0,1.0,0.0,0.0,12,1,7.0,2
8740.0,900.0,240.0,3.0,3.0,3.0,2.0,5,0,7.0,3
8058.0,,170.0,2.0,2.0,0.0,85.0,2,0,7.0,2
4738.0,,127.0,,,0.0,85.0,3,0,7.0,2
6570.0,1040.0,168.0,3.0,3.0,2.0,9.0,10,0,7.0,3
3750.0,390.0,95.0,2.0,2.0,1.0,10.0,5,0,7.0,1
3179.0,450.0,90.0,2.0,2.0,1.0,,5,2,7.0,2
2700.0,350.0,70.0,1.0,1.0,1.0,6.0,24,0,7.0,4
2737.0,,42.0,1.0,1.0,0.0,5.0,10,0,8.0,3
4396.0,500.0,119.0,3.0,3.0,1.0,4.0,7,0,7.0,3
3290.0,200.0,70.0,1.0,1.0,1.0,10.0,7,0,7.0,3
2201.0,228.0,60.0,1.0,1.0,0.0,15.0,11,0,7.0,1
3350.0,200.0,75.0,1.0,2.0,1.0,2.0,3,0,7.0,3
9620.0,870.0,316.0,3.0,1.0,3.0,17.0,4,0,7.0,1
4200.0,450.0,70.0,2.0,2.0,1.0,1.0,2,0,7.0,3
2605.0,280.0,58.0,1.0,1.0,1.0,14.0,11,0,7.0,2
3300.0,450.0,130.0,3.0,3.0,1.0,7.0,11,0,7.0,4
3862.0,100.0,105.0,2.0,3.0,0.0,20.0,1,0,7.0,2
2206.0,350.0,60.0,1.0,1.0,0.0,,7,0,7.0,3
3100.0,250.0,60.0,2.0,2.0,0.0,0.0,4,0,7.0,2
2482.0,280.0,55.0,1.0,1.0,1.0,3.0,5,0,8.0,2
1650.0,,23.0,1.0,1.0,0.0,0.0,9,0,7.0,4
5622.0,1100.0,155.0,2.0,2.0,2.0,9.0,3,1,7.0,1
3750.0,500.0,90.0,2.0,2.0,0.0,9.0,11,3,7.0,4
3384.0,400.0,70.0,2.0,2.0,1.0,2.0,4,1,7.0,1
2000.0,230.0,40.0,1.0,1.0,1.0,1.0,11,0,8.0,2
4500.0,650.0,130.0,2.0,2.0,1.0,7.0,3,0,7.0,2
6500.0,1100.0,227.0,4.0,3.0,2.0,20.0,2,0,7.0,2
2755.0,280.0,72.0,1.0,1.0,1.0,3.0,8,0,8.0,3
4719.0,430.0,190.0,3.0,3.0,2.0,3.0,8,0,7.0,4
2980.0,260.0,85.0,2.0,2.0,1.0,1.0,0,0,7.0,1
2350.0,150.0,50.0,1.0,1.0,0.0,6.0,7,0,7.0,3
4600.0,450.0,150.0,3.0,3.0,1.0,3.0,5,0,7.0,2
2100.0,160.0,25.0,1.0,1.0,0.0,0.0,0,0,7.0,1
3534.0,350.0,105.0,3.0,2.0,1.0,2.0,0,0,7.0,1
1250.0,100.0,65.0,2.0,2.0,0.0,5.0,5,0,7.0,1
4243.0,450.0,100.0,2.0,2.0,1.0,0.0,3,1,7.0,1
6500.0,800.0,200.0,3.0,3.0,3.0,7.0,0,0,7.0,1
7600.0,650.0,245.0,4.0,4.0,2.0,11.0,6,0,7.0,1
6120.0,1350.0,230.0,2.0,3.0,2.0,5.0,5,0,7.0,1
3700.0,,100.0,,,0.0,20.0,8,0,7.0,4
3800.0,300.0,93.0,2.0,2.0,1.0,10.0,8,0,7.0,3
7500.0,1200.0,100.0,1.0,1.0,2.0,0.0,5,0,7.0,1
4000.0,320.0,95.0,4.0,3.0,2.0,8.0,9,0,7.0,1
4344.0,200.0,118.0,3.0,2.0,1.0,5.0,8,0,7.0,4
2600.0,180.0,42.0,1.0,1.0,1.0,0.0,11,1,7.0,2
9100.0,600.0,300.0,2.0,2.0,2.0,7.0,4,0,7.0,2
3100.0,350.0,105.0,2.0,2.0,1.0,5.0,5,0,7.0,2
11020.0,1300.0,191.0,3.0,3.0,2.0,3.0,2,0,7.0,2
3650.0,300.0,62.0,2.0,2.0,1.0,5.0,8,0,7.0,1
2500.0,1.0,98.0,3.0,2.0,0.0,11.0,12,0,7.0,4
7665.0,,165.0,3.0,3.0,2.0,17.0,2,0,7.0,2
3380.0,190.0,120.0,3.0,2.0,0.0,15.0,11,0,7.0,1
5800.0,570.0,262.0,3.0,2.0,2.0,18.0,10,0,7.0,1
7600.0,1230.0,320.0,3.0,2.0,2.0,18.0,8,0,7.0,1
6750.0,720.0,239.0,2.0,2.0,2.0,17.0,5,0,7.0,2
3026.0,390.0,45.0,1.0,1.0,0.0,0.0,9,0,7.0,3
8140.0,900.0,225.0,3.0,2.0,2.0,5.0,1,0,7.0,1
9250.0,850.0,230.0,3.0,2.0,2.0,5.0,1,0,7.0,1
2800.0,325.0,58.0,2.0,2.0,1.0,5.0,10,0,8.0,3
6105.0,500.0,270.0,3.0,3.0,1.0,7.0,4,0,7.0,3
3470.0,300.0,90.0,2.0,3.0,1.0,3.0,4,1,7.0,2
4440.0,380.0,118.0,3.0,2.0,1.0,8.0,8,0,7.0,1
2250.0,245.0,65.0,1.0,1.0,1.0,11.0,5,2,7.0,2
4050.0,,98.0,3.0,3.0,1.0,0.0,5,0,7.0,1
2700.0,300.0,66.0,2.0,2.0,1.0,0.0,8,0,7.0,4
3800.0,,98.0,4.0,2.0,1.0,0.0,5,0,7.0,1
8030.0,1199.0,383.0,4.0,3.0,3.0,22.0,5,0,7.0,1
2300.0,250.0,55.0,1.0,1.0,1.0,22.0,5,0,7.0,1
5550.0,350.0,111.0,2.0,2.0,1.0,0.0,2,0,7.0,3
3700.0,360.0,60.0,1.0,1.0,1.0,18.0,4,0,7.0,1
2100.0,230.0,45.0,1.0,1.0,0.0,5.0,1,1,7.0,1
3660.0,380.0,120.0,3.0,2.0,2.0,20.0,1,0,7.0,1
6650.0,945.0,178.0,2.0,2.0,2.0,13.0,13,0,7.0,1
2200.0,,40.0,1.0,1.0,0.0,20.0,9,0,7.0,3
1450.0,,28.0,1.0,1.0,0.0,20.0,9,0,7.0,3
2700.0,250.0,60.0,2.0,2.0,1.0,0.0,8,0,7.0,4
4344.0,400.0,137.0,3.0,2.0,1.0,56.0,7,0,7.0,3
5430.0,700.0,168.0,3.0,2.0,2.0,12.0,7,0,7.0,3
2800.0,280.0,60.0,1.0,1.0,1.0,5.0,8,0,8.0,4
1650.0,1.0,60.0,1.0,1.0,0.0,10.0,1,0,7.0,1
2200.0,300.0,52.0,1.0,1.0,0.0,5.0,14,1,8.0,4
3000.0,300.0,93.0,3.0,3.0,2.0,10.0,18,2,7.0,4
3750.0,400.0,120.0,2.0,3.0,2.0,16.0,7,0,7.0,3
10860.0,1312.0,245.0,3.0,2.0,3.0,6.0,0,0,7.0,1
3982.0,500.0,95.0,3.0,3.0,1.0,10.0,13,1,8.0,4
1600.0,,85.0,2.0,1.0,0.0,10.0,5,0,7.0,1
1300.0,,20.0,1.0,1.0,0.0,,7,1,7.0,1
2400.0,270.0,52.0,1.0,1.0,1.0,1.0,14,1,8.0,4
1800.0,,63.0,2.0,1.0,0.0,7.0,14,1,8.0,4
2300.0,,88.0,2.0,1.0,1.0,0.0,0,0,7.0,1
4300.0,290.0,84.0,3.0,2.0,2.0,,12,0,7.0,1
3700.0,400.0,95.0,2.0,2.0,1.0,15.0,15,0,7.0,3
3500.0,456.0,110.0,2.0,2.0,1.0,5.0,7,0,7.0,3
2600.0,250.0,65.0,2.0,1.0,0.0,10.0,15,1,7.0,4
2800.0,300.0,119.0,3.0,3.0,1.0,39.0,4,1,7.0,1
3420.0,720.0,119.0,2.0,2.0,1.0,4.0,8,0,7.0,2
2353.0,220.0,42.0,1.0,1.0,0.0,2.0,13,1,8.0,4
1850.0,250.0,30.0,1.0,1.0,1.0,0.0,9,0,8.0,3
3620.0,400.0,135.0,3.0,1.0,1.0,,5,1,7.0,2
2060.0,230.0,49.0,1.0,1.0,0.0,5.0,7,0,7.0,3
6700.0,530.0,130.0,2.0,2.0,1.0,25.0,2,0,7.0,1
3175.0,336.0,96.0,3.0,3.0,1.0,150.0,8,0,7.0,3
2600.0,300.0,85.0,3.0,2.0,0.0,,2,0,7.0,3
4165.0,538.0,105.0,3.0,3.0,2.0,6.0,9,1,8.0,4
3650.0,450.0,85.0,2.0,2.0,1.0,9.0,11,3,7.0,4
4706.0,480.0,99.0,2.0,2.0,2.0,5.0,10,0,7.0,1
3000.0,,60.0,1.0,1.0,1.0,30.0,5,0,7.0,4
4706.0,450.0,147.0,1.0,1.0,2.0,12.0,6,2,7.0,3
2400.0,300.0,54.0,2.0,1.0,1.0,,15,1,8.0,4
4344.0,450.0,163.0,3.0,2.0,1.0,29.0,7,0,7.0,1
2550.0,200.0,65.0,2.0,1.0,1.0,15.0,10,0,7.0,1
1750.0,,23.0,1.0,1.0,0.0,1.0,1,0,7.0,1
1900.0,115.0,46.0,1.0,1.0,1.0,,1,0,7.0,1
4428.0,600.0,102.0,2.0,2.0,2.0,12.0,7,0,7.0,3
4440.0,600.0,115.0,2.0,2.0,1.0,8.0,9,0,8.0,3
5856.0,900.0,215.0,3.0,3.0,2.0,4.0,8,0,7.0,4
3470.0,320.0,75.0,1.0,1.0,0.0,10.0,1,0,7.0,1
3562.0,250.0,41.0,1.0,1.0,0.0,4.0,12,1,8.0,4
1500.0,,24.0,1.0,1.0,0.0,3.0,15,3,7.0,4
6000.0,600.0,210.0,,2.0,2.0,15.0,9,0,7.0,1
3700.0,420.0,115.0,3.0,2.0,1.0,12.0,4,1,7.0,1
9360.0,1500.0,214.0,3.0,2.0,2.0,,1,0,7.0,1
5475.0,600.0,170.0,3.0,4.0,2.0,12.0,3,0,7.0,1
3270.0,350.0,93.0,2.0,3.0,1.0,6.0,11,0,7.0,1
5180.0,,104.0,3.0,3.0,1.0,2.0,1,1,7.0,2
3750.0,500.0,115.0,2.0,2.0,2.0,8.0,0,0,7.0,1
4745.0,430.0,150.0,3.0,2.0,2.0,10.0,7,0,7.0,1
9340.0,800.0,235.0,3.0,3.0,1.0,10.0,7,0,7.0,3
2660.0,220.0,58.0,1.0,1.0,1.0,18.0,1,0,7.0,1
4360.0,351.0,125.0,3.0,2.0,1.0,47.0,1,0,7.0,1
3515.0,370.0,100.0,1.0,1.0,1.0,5.0,2,0,7.0,1
5475.0,,170.0,3.0,2.0,2.0,5.0,5,0,7.0,1
3700.0,500.0,120.0,3.0,2.0,1.0,10.0,6,0,7.0,1
2500.0,260.0,84.0,1.0,1.0,0.0,14.0,13,0,7.0,1
3500.0,300.0,66.0,2.0,2.0,0.0,1.0,7,0,7.0,1
2350.0,200.0,43.0,1.0,1.0,0.0,1.0,11,1,7.0,2
4380.0,400.0,100.0,3.0,4.0,1.0,40.0,2,0,7.0,1
2960.0,465.0,96.0,1.0,1.0,1.0,10.0,3,1,7.0,2
2300.0,250.0,89.0,2.0,2.0,1.0,5.0,13,1,8.0,4
2600.0,630.0,94.0,1.0,1.0,2.0,,5,0,8.0,2
2500.0,180.0,112.0,3.0,2.0,0.0,15.0,12,0,7.0,1
5535.0,1500.0,387.0,3.0,2.0,2.0,13.0,5,0,7.0,1
2000.0,250.0,41.0,1.0,1.0,0.0,1.0,13,1,8.0,4
2550.0,200.0,55.0,2.0,2.0,0.0,0.0,8,0,7.0,2
2500.0,180.0,42.0,1.0,1.0,0.0,,6,1,7.0,1
2300.0,,75.0,2.0,1.0,0.0,2.0,11,0,8.0,3
2117.0,,45.0,1.0,1.0,0.0,18.0,0,0,7.0,1
2500.0,230.0,50.0,1.0,1.0,1.0,16.0,6,1,7.0,1
3750.0,450.0,98.0,3.0,2.0,1.0,0.0,13,0,7.0,1
2480.0,325.0,45.0,1.0,1.0,1.0,5.0,13,1,8.0,4
7964.0,420.0,150.0,3.0,3.0,2.0,3.0,7,0,7.0,3
4719.0,550.0,156.0,3.0,2.0,2.0,25.0,9,0,7.0,1
6500.0,160.0,180.0,3.0,2.0,2.0,0.0,3,0,7.0,1
3500.0,280.0,60.0,2.0,2.0,1.0,0.0,6,0,7.0,1
3500.0,260.0,58.0,2.0,2.0,1.0,0.0,8,0,7.0,4
3458.0,300.0,129.0,3.0,2.0,1.0,9.0,11,0,7.0,2
2516.0,200.0,45.0,1.0,1.0,1.0,2.0,12,0,8.0,3
2660.0,200.0,68.0,2.0,1.0,0.0,20.0,6,2,7.0,1
3100.0,300.0,48.0,1.0,1.0,0.0,0.0,0,0,7.0,1
3075.0,,71.0,1.0,1.0,1.0,7.0,9,1,8.0,4
2590.0,250.0,86.0,2.0,2.0,0.0,18.0,1,0,7.0,1
4070.0,380.0,105.0,3.0,2.0,1.0,18.0,4,0,7.0,3
6000.0,600.0,125.0,2.0,2.0,2.0,13.0,5,0,7.0,3
2375.0,300.0,40.0,1.0,1.0,1.0,8.0,8,0,8.0,3
4037.0,550.0,133.0,3.0,2.0,1.0,4.0,9,0,7.0,1
3200.0,360.0,90.0,2.0,2.0,1.0,10.0,9,1,7.0,2
2540.0,385.0,80.0,1.0,2.0,1.0,,11,0,8.0,4
9125.0,1100.0,300.0,3.0,4.0,2.0,12.0,3,0,7.0,1
2250.0,300.0,48.0,1.0,1.0,1.0,6.0,13,1,8.0,4
3085.0,450.0,80.0,2.0,2.0,2.0,5.0,14,3,7.0,4
2750.0,360.0,100.0,2.0,1.0,1.0,20.0,9,0,7.0,1
3400.0,350.0,90.0,2.0,2.0,1.0,,7,0,7.0,3
3700.0,300.0,175.0,3.0,3.0,2.0,13.0,7,0,7.0,1
3060.0,,141.0,3.0,2.0,1.0,33.0,12,0,7.0,4
3900.0,400.0,150.0,3.0,3.0,2.0,10.0,7,0,7.0,1
2880.0,320.0,68.0,2.0,2.0,1.0,0.0,0,0,7.0,1
4800.0,450.0,94.0,3.0,2.0,1.0,0.0,6,0,7.0,1
2750.0,280.0,41.0,1.0,1.0,0.0,0.0,8,0,8.0,3
3150.0,253.0,115.0,2.0,2.0,1.0,3.0,3,0,7.0,1
5068.0,590.0,100.0,1.0,2.0,1.0,8.0,1,0,7.0,1
2090.0,270.0,42.0,1.0,1.0,0.0,0.0,13,1,8.0,4
2700.0,360.0,40.0,1.0,1.0,1.0,1.0,9,1,7.0,1
7487.0,1000.0,251.0,3.0,,3.0,9.0,13,0,7.0,2
3700.0,250.0,90.0,2.0,1.0,1.0,0.0,5,0,7.0,1
4255.0,500.0,128.0,2.0,2.0,2.0,5.0,1,0,7.0,1
2968.0,320.0,73.0,1.0,1.0,1.0,4.0,13,1,8.0,4
3375.0,320.0,56.0,1.0,1.0,0.0,3.0,4,1,7.0,1
3440.0,300.0,80.0,2.0,2.0,1.0,10.0,9,0,7.0,4
5689.0,,135.0,,,0.0,9.0,0,0,7.0,1
2300.0,200.0,47.0,1.0,1.0,0.0,0.0,11,1,7.0,2
2750.0,320.0,75.0,1.0,1.0,1.0,5.0,4,1,7.0,1
3650.0,490.0,100.0,2.0,3.0,2.0,12.0,6,0,7.0,1
5888.0,520.0,124.0,2.0,2.0,2.0,2.0,5,0,7.0,3
3637.0,300.0,63.0,2.0,2.0,0.0,0.0,0,0,7.0,1
4070.0,449.0,128.0,2.0,2.0,0.0,,7,0,7.0,3
3000.0,250.0,46.0,1.0,1.0,0.0,3.0,4,1,7.0,1
3200.0,350.0,70.0,1.0,2.0,1.0,12.0,8,0,7.0,1
2718.0,268.0,58.0,1.0,1.0,1.0,14.0,11,0,7.0,2
2964.0,200.0,43.0,1.0,1.0,0.0,5.0,4,1,7.0,1
3937.0,420.0,63.0,2.0,1.0,0.0,1.0,9,0,7.0,2
2625.0,150.0,40.0,1.0,1.0,0.0,20.0,3,0,7.0,1
3420.0,350.0,80.0,2.0,2.0,1.0,7.0,8,0,7.0,3
2625.0,180.0,41.0,1.0,1.0,0.0,4.0,12,1,8.0,4
6897.0,1100.0,200.0,3.0,2.0,2.0,21.0,6,0,7.0,1
10580.0,1800.0,375.0,4.0,3.0,2.0,12.0,5,0,7.0,1
3420.0,350.0,90.0,2.0,2.0,1.0,6.0,7,0,7.0,3
2500.0,70.0,75.0,2.0,2.0,1.0,15.0,5,1,7.0,1
2950.0,290.0,55.0,2.0,1.0,1.0,5.0,8,0,8.0,3
5400.0,,171.0,2.0,3.0,2.0,18.0,4,0,7.0,1
2370.0,230.0,55.0,1.0,1.0,1.0,6.0,5,0,7.0,1
3993.0,630.0,105.0,3.0,4.0,1.0,8.0,8,0,7.0,3
4070.0,,,,,0.0,,1,0,7.0,1
2800.0,,90.0,2.0,1.0,1.0,13.0,12,0,7.0,4
3980.0,,163.0,3.0,3.0,2.0,13.0,10,0,7.0,2
4715.0,300.0,160.0,3.0,2.0,1.0,12.0,8,0,7.0,1
3000.0,330.0,80.0,2.0,2.0,1.0,16.0,1,1,7.0,2
3630.0,450.0,89.0,2.0,2.0,1.0,9.0,11,3,7.0,4
3040.0,350.0,100.0,2.0,3.0,1.0,20.0,8,0,7.0,4
2200.0,250.0,50.0,2.0,1.0,0.0,,1,0,7.0,1
4400.0,500.0,107.0,3.0,2.0,1.0,,12,0,7.0,1
6000.0,720.0,179.0,2.0,2.0,2.0,7.0,9,0,7.0,4
2250.0,210.0,36.0,,1.0,1.0,8.0,8,0,8.0,3
3190.0,280.0,60.0,1.0,2.0,1.0,9.0,9,0,7.0,4
4995.0,420.0,107.0,3.0,2.0,1.0,8.0,9,0,7.0,4
2600.0,200.0,45.0,1.0,1.0,0.0,2.0,9,0,8.0,4
3750.0,420.0,82.0,1.0,2.0,1.0,7.0,9,0,7.0,4
4125.0,420.0,92.0,2.0,2.0,1.0,8.0,9,0,7.0,4
2250.0,210.0,40.0,1.0,1.0,1.0,3.0,9,0,8.0,3
2500.0,230.0,62.0,1.0,,0.0,0.0,8,0,7.0,2
4000.0,400.0,82.0,2.0,2.0,1.0,5.0,8,0,7.0,3
3000.0,400.0,65.0,2.0,2.0,1.0,3.0,7,1,7.0,1
2700.0,,130.0,3.0,2.0,1.0,,9,0,7.0,2
3000.0,250.0,63.0,2.0,2.0,1.0,0.0,9,0,7.0,4
7500.0,500.0,147.0,3.0,2.0,2.0,16.0,3,0,7.0,1
3680.0,300.0,90.0,1.0,2.0,2.0,6.0,11,0,7.0,4
6516.0,775.0,162.0,3.0,2.0,1.0,35.0,3,0,7.0,1
4810.0,600.0,150.0,3.0,2.0,2.0,13.0,7,0,7.0,1
2960.0,280.0,90.0,2.0,2.0,1.0,3.0,9,0,8.0,4
2527.0,,70.0,1.0,1.0,1.0,17.0,3,0,7.0,1
3400.0,350.0,75.0,2.0,2.0,1.0,3.0,1,0,8.0,1
3480.0,330.0,120.0,2.0,1.0,1.0,30.0,12,0,7.0,1
3100.0,400.0,71.0,2.0,2.0,0.0,0.0,9,1,7.0,1
3583.0,350.0,87.0,2.0,1.0,1.0,9.0,7,0,7.0,3
2600.0,,65.0,3.0,2.0,1.0,0.0,5,0,7.0,1
3600.0,380.0,92.0,2.0,2.0,1.0,2.0,7,0,7.0,1
2800.0,226.0,45.0,1.0,1.0,1.0,0.0,0,0,7.0,1
2920.0,280.0,45.0,1.0,1.0,0.0,3.0,0,0,7.0,1
6240.0,410.0,138.0,3.0,2.0,2.0,2.0,3,1,7.0,1
2720.0,450.0,75.0,1.0,1.0,1.0,20.0,3,1,7.0,2
6300.0,700.0,144.0,2.0,2.0,2.0,9.0,1,0,7.0,1
3450.0,280.0,175.0,3.0,3.0,2.0,17.0,1,0,7.0,1
11160.0,1400.0,384.0,3.0,4.0,2.0,5.0,3,1,7.0,1
3650.0,365.0,91.0,1.0,2.0,1.0,3.0,6,1,7.0,1
2300.0,210.0,40.0,1.0,1.0,0.0,,8,0,8.0,3
4920.0,250.0,100.0,2.0,2.0,1.0,5.0,9,0,8.0,4
3600.0,450.0,116.0,3.0,2.0,1.0,17.0,4,1,7.0,1
2500.0,250.0,45.0,1.0,1.0,0.0,0.0,10,0,8.0,3
3000.0,320.0,80.0,2.0,2.0,1.0,10.0,11,0,7.0,3
3375.0,650.0,80.0,1.0,1.0,0.0,2.0,12,0,7.0,2
4070.0,400.0,90.0,2.0,2.0,1.0,12.0,9,0,7.0,3
2770.0,260.0,85.0,1.0,1.0,1.0,10.0,8,0,7.0,3
2380.0,,50.0,1.0,1.0,1.0,10.0,9,0,7.0,3
3885.0,550.0,125.0,2.0,2.0,2.0,15.0,9,0,7.0,1
2300.0,200.0,30.0,1.0,1.0,0.0,10.0,9,0,7.0,3
1810.0,150.0,26.0,1.0,1.0,0.0,5.0,9,0,8.0,4
1400.0,100.0,12.0,1.0,1.0,0.0,0.0,10,0,7.0,2
2300.0,250.0,95.0,3.0,2.0,1.0,7.0,5,0,7.0,1
2850.0,300.0,100.0,1.0,3.0,0.0,5.0,18,3,7.0,4
1200.0,,45.0,1.0,1.0,0.0,1.0,5,0,7.0,1
2600.0,300.0,49.0,1.0,1.0,0.0,10.0,9,0,8.0,4
2800.0,250.0,70.0,1.0,1.0,0.0,10.0,8,0,7.0,4
3620.0,530.0,105.0,3.0,2.0,2.0,10.0,9,1,8.0,4
1600.0,120.0,67.0,3.0,1.0,1.0,,8,0,7.0,4
2755.0,410.0,73.0,1.0,1.0,1.0,,11,0,8.0,4
2500.0,280.0,82.0,2.0,2.0,1.0,15.0,6,0,7.0,2
2847.0,280.0,98.0,3.0,1.0,1.0,26.0,9,0,7.0,1
3145.0,260.0,64.0,1.0,1.0,1.0,17.0,4,0,7.0,3
4995.0,,107.0,3.0,2.0,1.0,15.0,12,1,8.0,4
2700.0,325.0,60.0,2.0,2.0,1.0,,13,0,8.0,4
3145.0,,70.0,1.0,1.0,1.0,6.0,9,0,8.0,4
5963.0,600.0,140.0,4.0,3.0,2.0,12.0,3,1,7.0,1
3832.0,480.0,100.0,2.0,2.0,1.0,15.0,14,0,7.0,1
2000.0,,35.0,1.0,1.0,1.0,1.0,5,1,7.0,2
2346.0,270.0,60.0,1.0,1.0,1.0,12.0,13,1,8.0,4
3110.0,350.0,64.0,1.0,1.0,1.0,10.0,13,0,7.0,1
5000.0,800.0,137.0,3.0,3.0,2.0,10.0,5,0,7.0,1
7300.0,787.0,155.0,3.0,2.0,1.0,15.0,4,0,7.0,1
2920.0,250.0,45.0,1.0,1.0,1.0,,8,0,8.0,3
2880.0,330.0,90.0,2.0,2.0,1.0,9.0,4,1,7.0,1
2590.0,230.0,43.0,1.0,1.0,1.0,3.0,13,1,8.0,4
6105.0,500.0,206.0,3.0,3.0,2.0,14.0,9,0,7.0,1
2200.0,200.0,74.0,3.0,2.0,1.0,2.0,14,0,7.0,3
2900.0,200.0,45.0,1.0,1.0,0.0,0.0,13,0,8.0,4
2370.0,200.0,77.0,1.0,1.0,0.0,2.0,8,0,7.0,2
6500.0,400.0,267.0,5.0,3.0,2.0,10.0,7,0,7.0,1
2291.0,280.0,50.0,1.0,1.0,1.0,,13,1,8.0,4
2700.0,200.0,42.0,1.0,1.0,0.0,0.0,6,1,7.0,1
2299.0,149.0,91.0,1.0,1.0,0.0,26.0,12,1,7.0,2
2300.0,150.0,90.0,1.0,1.0,0.0,25.0,9,1,7.0,2
5200.0,680.0,138.0,2.0,2.0,2.0,5.0,7,0,7.0,3
4662.0,470.0,101.0,2.0,2.0,2.0,5.0,2,0,7.0,3
4000.0,200.0,120.0,2.0,1.0,0.0,30.0,6,0,7.0,1
2230.0,150.0,40.0,1.0,1.0,0.0,40.0,8,0,7.0,1
4750.0,410.0,160.0,3.0,4.0,1.0,5.0,7,0,7.0,1
2850.0,335.0,75.0,2.0,1.0,1.0,,7,0,7.0,1
2293.0,,79.0,1.0,,0.0,1.0,10,0,7.0,4
6660.0,,220.0,3.0,2.0,1.0,25.0,8,0,7.0,3
3800.0,380.0,66.0,2.0,2.0,1.0,1.0,10,0,7.0,3
2534.0,220.0,41.0,1.0,1.0,0.0,,8,0,8.0,3
4255.0,315.0,63.0,2.0,2.0,1.0,1.0,5,0,8.0,1
2775.0,230.0,50.0,1.0,1.0,2.0,11.0,11,0,7.0,1
2400.0,180.0,70.0,2.0,2.0,0.0,26.0,13,0,7.0,1
2100.0,200.0,43.0,1.0,1.0,0.0,4.0,13,1,8.0,4
2900.0,580.0,63.0,1.0,1.0,1.0,14.0,11,1,8.0,4
3700.0,500.0,115.0,2.0,2.0,2.0,12.0,1,0,7.0,2
3294.0,365.0,85.0,2.0,2.0,1.0,10.0,5,0,7.0,3
4387.0,380.0,120.0,3.0,2.0,1.0,8.0,21,0,7.0,4
3840.0,300.0,60.0,2.0,2.0,1.0,4.0,11,0,8.0,4
2700.0,250.0,40.0,1.0,1.0,0.0,,11,0,7.0,2
3100.0,270.0,80.0,2.0,2.0,1.0,14.0,10,0,7.0,3
3300.0,550.0,120.0,2.0,2.0,2.0,6.0,11,0,7.0,1
2535.0,480.0,62.0,1.0,1.0,1.0,11.0,7,0,7.0,2
5110.0,500.0,130.0,3.0,2.0,2.0,10.0,9,0,7.0,2
5460.0,460.0,140.0,3.0,2.0,2.0,4.0,6,1,7.0,1
4560.0,350.0,110.0,3.0,3.0,1.0,30.0,9,0,7.0,4
2960.0,150.0,44.0,1.0,1.0,0.0,0.0,2,0,7.0,3
2800.0,380.0,69.0,3.0,2.0,1.0,,6,3,7.0,3
2800.0,400.0,55.0,2.0,2.0,1.0,3.0,0,0,7.0,1
4700.0,450.0,132.0,3.0,2.0,2.0,,7,0,7.0,3
9175.0,1123.0,213.0,3.0,3.0,2.0,25.0,4,0,7.0,1
2100.0,200.0,80.0,2.0,2.0,0.0,10.0,5,0,7.0,1
4600.0,300.0,300.0,3.0,2.0,1.0,15.0,6,1,7.0,1
2280.0,280.0,43.0,1.0,1.0,1.0,,10,0,8.0,3
3486.0,370.0,140.0,2.0,2.0,1.0,14.0,2,1,7.0,1
2392.0,290.0,56.0,1.0,1.0,1.0,,2,0,7.0,1
2940.0,280.0,80.0,1.0,2.0,0.0,8.0,8,1,8.0,4
10500.0,1000.0,220.0,3.0,2.0,4.0,5.0,1,0,7.0,1
3500.0,400.0,80.0,2.0,2.0,1.0,,0,0,7.0,1
2000.0,160.0,72.0,3.0,2.0,0.0,4.0,5,0,7.0,1
8640.0,780.0,220.0,4.0,2.0,2.0,10.0,5,0,7.0,2
8510.0,1000.0,233.0,2.0,1.0,1.0,14.0,15,0,7.0,2
3330.0,520.0,76.0,2.0,2.0,1.0,2.0,7,0,7.0,3
4562.0,350.0,110.0,3.0,3.0,1.0,30.0,6,1,7.0,1
2600.0,,105.0,3.0,2.0,1.0,0.0,12,0,7.0,1
2500.0,200.0,39.0,1.0,,0.0,5.0,14,1,8.0,4
3280.0,150.0,84.0,3.0,2.0,1.0,20.0,5,0,7.0,2
6878.0,600.0,175.0,3.0,3.0,2.0,20.0,9,0,7.0,4
5100.0,350.0,110.0,2.0,2.0,1.0,0.0,6,0,7.0,3
1600.0,,29.0,1.0,1.0,1.0,15.0,10,0,7.0,2
3150.0,450.0,80.0,2.0,2.0,1.0,3.0,5,1,7.0,1
2109.0,150.0,31.0,1.0,1.0,0.0,0.0,9,0,7.0,4
4070.0,600.0,110.0,2.0,2.0,1.0,12.0,5,0,7.0,1
7400.0,1100.0,200.0,2.0,2.0,2.0,25.0,1,0,7.0,1
2300.0,160.0,55.0,1.0,1.0,0.0,10.0,9,0,7.0,4
2900.0,350.0,120.0,2.0,2.0,0.0,8.0,17,1,7.0,2
6660.0,420.0,135.0,3.0,2.0,2.0,6.0,2,0,7.0,2
2600.0,160.0,38.0,1.0,1.0,1.0,0.0,6,1,7.0,1
2900.0,350.0,80.0,2.0,2.0,1.0,15.0,13,1,8.0,4
2775.0,280.0,37.0,1.0,1.0,0.0,4.0,9,0,8.0,3
5320.0,450.0,120.0,2.0,2.0,2.0,18.0,9,0,7.0,2
3500.0,,120.0,4.0,3.0,0.0,40.0,17,2,7.0,4
3633.0,200.0,70.0,1.0,1.0,1.0,7.0,5,0,7.0,1
2800.0,150.0,40.0,1.0,1.0,0.0,1.0,14,1,8.0,4
6000.0,500.0,139.0,2.0,3.0,1.0,3.0,10,0,7.0,3
3000.0,350.0,100.0,2.0,2.0,1.0,10.0,10,0,7.0,1
6516.0,1100.0,156.0,3.0,2.0,2.0,15.0,2,0,7.0,2
3000.0,,90.0,2.0,1.0,1.0,10.0,6,0,7.0,1
3200.0,574.0,80.0,2.0,2.0,2.0,2.0,5,2,7.0,2
4806.0,530.0,90.0,2.0,2.0,1.0,4.0,1,0,7.0,1
3800.0,360.0,96.0,3.0,3.0,1.0,1.0,11,0,7.0,2
4360.0,550.0,127.0,3.0,2.0,2.0,8.0,18,3,7.0,4
2850.0,400.0,50.0,2.0,2.0,0.0,1.0,10,0,8.0,4
2250.0,150.0,40.0,1.0,1.0,0.0,16.0,1,0,7.0,1
4180.0,900.0,90.0,,2.0,1.0,8.0,14,0,7.0,1
3000.0,400.0,80.0,2.0,2.0,1.0,2.0,14,1,8.0,4
3914.0,450.0,100.0,1.0,1.0,1.0,5.0,10,0,8.0,4
2812.0,300.0,63.0,2.0,2.0,1.0,6.0,10,0,8.0,3
3000.0,450.0,80.0,1.0,1.0,0.0,15.0,1,0,7.0,1
3111.0,375.0,78.0,2.0,2.0,2.0,2.0,11,0,8.0,4
2356.0,250.0,40.0,1.0,1.0,0.0,1.0,14,1,8.0,4
2000.0,225.0,42.0,1.0,1.0,1.0,7.0,12,1,8.0,4
3000.0,350.0,75.0,2.0,2.0,1.0,,8,0,8.0,3
3800.0,250.0,130.0,2.0,2.0,2.0,15.0,12,0,7.0,2
2584.0,250.0,41.0,1.0,1.0,1.0,5.0,10,0,8.0,4
3449.0,400.0,95.0,2.0,2.0,1.0,5.0,16,2,7.0,4
11000.0,1200.0,360.0,3.0,4.0,3.0,29.0,5,0,7.0,1
8320.0,860.0,203.0,3.0,2.0,2.0,20.0,3,0,7.0,1
8755.0,900.0,200.0,3.0,3.0,3.0,2.0,0,0,7.0,1
3500.0,,240.0,3.0,2.0,1.0,25.0,3,0,7.0,3
5850.0,620.0,120.0,2.0,3.0,1.0,5.0,5,0,8.0,1
4015.0,282.0,122.0,4.0,3.0,1.0,27.0,2,0,7.0,1
3500.0,400.0,94.0,2.0,2.0,2.0,8.0,6,3,7.0,3
2500.0,300.0,52.0,2.0,2.0,1.0,0.0,12,0,7.0,1
4500.0,380.0,120.0,3.0,2.0,1.0,5.0,11,0,7.0,2
3500.0,750.0,93.0,1.0,1.0,2.0,8.0,6,0,7.0,3
3060.0,380.0,83.0,2.0,2.0,1.0,15.0,13,0,7.0,1
2200.0,150.0,63.0,2.0,2.0,0.0,8.0,10,1,8.0,4
4070.0,340.0,100.0,2.0,2.0,1.0,8.0,5,2,7.0,2
2550.0,220.0,58.0,1.0,1.0,1.0,20.0,9,0,7.0,4
5400.0,450.0,147.0,3.0,3.0,2.0,0.0,0,0,7.0,1
3200.0,350.0,100.0,2.0,2.0,1.0,10.0,9,0,7.0,4
10890.0,980.0,243.0,3.0,2.0,2.0,21.0,1,0,7.0,1
3300.0,300.0,90.0,3.0,2.0,1.0,20.0,2,0,7.0,3
4455.0,550.0,100.0,2.0,2.0,2.0,3.0,5,1,7.0,1
4970.0,450.0,140.0,3.0,2.0,2.0,11.0,5,0,7.0,1
1900.0,,45.0,1.0,1.0,1.0,5.0,12,0,7.0,1
3102.0,385.0,83.0,2.0,2.0,1.0,8.0,1,0,7.0,3
7400.0,,147.0,3.0,3.0,2.0,9.0,3,0,7.0,1
2392.0,230.0,41.0,1.0,1.0,1.0,3.0,13,1,8.0,4
3000.0,360.0,85.0,2.0,2.0,1.0,5.0,3,0,7.0,3
2555.0,250.0,40.0,1.0,1.0,0.0,,11,0,7.0,2
2390.0,239.0,46.0,1.0,1.0,0.0,0.0,9,0,7.0,3
10304.0,1557.0,217.0,3.0,2.0,2.0,25.0,3,0,7.0,1
2250.0,270.0,65.0,1.0,1.0,0.0,10.0,3,1,7.0,3
2134.0,300.0,45.0,1.0,1.0,0.0,35.0,5,0,7.0,3
4070.0,600.0,105.0,1.0,1.0,1.0,15.0,9,0,8.0,4
6440.0,500.0,163.0,3.0,2.0,1.0,1.0,3,1,7.0,1
2693.0,300.0,46.0,1.0,1.0,0.0,0.0,0,0,7.0,1
5080.0,670.0,140.0,3.0,2.0,2.0,16.0,3,0,7.0,1
8800.0,,226.0,3.0,3.0,2.0,0.0,6,0,7.0,3
3375.0,300.0,82.0,3.0,2.0,1.0,9.0,9,0,7.0,4
4512.0,480.0,109.0,1.0,2.0,1.0,10.0,11,0,8.0,4
3441.0,500.0,125.0,3.0,3.0,2.0,12.0,3,0,7.0,1
1700.0,100.0,75.0,,1.0,1.0,10.0,9,0,7.0,3
2000.0,250.0,50.0,1.0,1.0,0.0,0.0,11,0,7.0,2
4197.0,450.0,120.0,2.0,3.0,1.0,11.0,5,1,7.0,2
2800.0,,80.0,2.0,2.0,1.0,10.0,11,0,7.0,1
9250.0,850.0,200.0,3.0,2.0,2.0,20.0,4,0,8.0,1
2600.0,180.0,60.0,2.0,1.0,0.0,25.0,12,0,7.0,2
4488.0,480.0,125.0,2.0,2.0,2.0,9.0,1,0,7.0,1
3201.0,440.0,85.0,2.0,2.0,1.0,16.0,7,0,7.0,3
4600.0,,156.0,3.0,2.0,1.0,50.0,5,0,7.0,1
2400.0,180.0,40.0,1.0,1.0,0.0,3.0,13,1,8.0,4
9200.0,850.0,200.0,3.0,3.0,2.0,20.0,13,1,8.0,4
3700.0,475.0,120.0,3.0,2.0,1.0,15.0,3,1,7.0,1
3000.0,342.0,100.0,3.0,2.0,0.0,30.0,1,0,7.0,1
6696.0,,119.0,3.0,4.0,2.0,19.0,15,0,7.0,2
4587.0,400.0,70.0,2.0,2.0,0.0,0.0,6,1,7.0,1
1800.0,250.0,67.0,3.0,,0.0,0.0,5,0,7.0,1
9000.0,780.0,216.0,3.0,4.0,2.0,5.0,1,0,7.0,1
2450.0,320.0,45.0,1.0,1.0,1.0,7.0,9,1,8.0,4
4680.0,,140.0,2.0,2.0,0.0,,7,0,7.0,3
4600.0,320.0,85.0,2.0,2.0,1.0,1.0,2,1,7.0,1
3500.0,,100.0,3.0,2.0,0.0,10.0,7,0,8.0,1
4390.0,500.0,128.0,3.0,3.0,2.0,10.0,1,0,7.0,1
4037.0,400.0,150.0,2.0,2.0,1.0,6.0,5,2,7.0,2
3300.0,,140.0,2.0,3.0,2.0,,1,0,7.0,2
10220.0,1600.0,200.0,3.0,2.0,2.0,13.0,3,0,7.0,1
1100.0,,45.0,1.0,1.0,0.0,1.0,9,0,7.0,1
2700.0,220.0,41.0,1.0,1.0,0.0,0.0,5,0,8.0,1
2400.0,250.0,42.0,1.0,1.0,0.0,3.0,13,0,8.0,4
1500.0,,70.0,2.0,1.0,0.0,1.0,11,0,7.0,3
9450.0,1.0,200.0,3.0,3.0,2.0,5.0,5,0,7.0,1
2290.0,,88.0,3.0,2.0,0.0,8.0,17,1,7.0,4
3500.0,350.0,60.0,2.0,2.0,0.0,3.0,9,0,8.0,4
3577.0,500.0,155.0,3.0,2.0,1.0,55.0,4,1,7.0,1
3300.0,360.0,132.0,2.0,2.0,0.0,45.0,13,0,8.0,3
4488.0,492.0,115.0,3.0,2.0,1.0,10.0,6,0,7.0,1
5655.0,365.0,158.0,2.0,3.0,1.0,22.0,4,0,7.0,3
4902.0,780.0,105.0,2.0,,1.0,10.0,2,0,7.0,1
4180.0,310.0,81.0,1.0,1.0,1.0,8.0,5,0,7.0,1
3480.0,150.0,120.0,3.0,3.0,2.0,25.0,1,0,7.0,2
10875.0,1.0,233.0,4.0,4.0,2.0,10.0,2,0,7.0,2
5654.0,500.0,129.0,2.0,2.0,2.0,6.0,2,0,7.0,3
2600.0,214.0,43.0,3.0,1.0,1.0,,12,0,7.0,2
1850.0,150.0,70.0,2.0,,0.0,30.0,12,1,8.0,4
2990.0,150.0,80.0,1.0,1.0,1.0,5.0,5,0,7.0,1
2900.0,190.0,50.0,1.0,1.0,0.0,5.0,5,0,7.0,1
2480.0,400.0,50.0,1.0,1.0,1.0,26.0,11,0,7.0,2
2890.0,150.0,45.0,1.0,1.0,0.0,3.0,5,0,7.0,1
6570.0,550.0,250.0,3.0,3.0,2.0,10.0,3,0,7.0,2
5840.0,600.0,200.0,3.0,3.0,2.0,10.0,1,0,7.0,1
2500.0,250.0,,1.0,1.0,0.0,1.0,11,0,7.0,1
2900.0,270.0,75.0,2.0,2.0,1.0,0.0,2,0,7.0,2
3515.0,300.0,91.0,2.0,3.0,1.0,9.0,8,0,7.0,1
3990.0,200.0,120.0,2.0,1.0,2.0,20.0,2,0,7.0,2
2000.0,100.0,60.0,1.0,1.0,0.0,30.0,6,0,7.0,1
1800.0,170.0,40.0,1.0,1.0,0.0,0.0,14,1,8.0,4
2725.0,350.0,90.0,2.0,2.0,1.0,5.0,7,0,7.0,3
3250.0,250.0,157.0,4.0,5.0,0.0,9.0,13,0,7.0,1
3250.0,250.0,160.0,4.0,5.0,0.0,10.0,13,0,7.0,1
2240.0,100.0,70.0,1.0,1.0,0.0,11.0,8,0,7.0,2
2600.0,300.0,50.0,2.0,1.0,1.0,3.0,10,0,8.0,4
1200.0,80.0,40.0,1.0,1.0,0.0,20.0,13,0,7.0,2
6700.0,1000.0,251.0,4.0,3.0,2.0,14.0,7,0,7.0,3
2600.0,270.0,80.0,2.0,2.0,2.0,15.0,5,0,7.0,1
2405.0,150.0,73.0,2.0,2.0,0.0,7.0,10,0,7.0,3
1750.0,180.0,34.0,1.0,1.0,0.0,5.0,9,0,7.0,3
3060.0,450.0,115.0,3.0,2.0,1.0,20.0,1,0,7.0,1
3000.0,320.0,43.0,1.0,1.0,1.0,6.0,10,0,8.0,3
6570.0,710.0,140.0,2.0,2.0,2.0,8.0,1,0,7.0,1
4200.0,450.0,97.0,3.0,2.0,1.0,19.0,10,1,7.0,1
2600.0,300.0,50.0,1.0,1.0,1.0,,7,1,7.0,1
2000.0,150.0,98.0,3.0,2.0,1.0,10.0,10,0,7.0,4
2850.0,500.0,91.0,2.0,2.0,2.0,5.0,5,0,7.0,3
3600.0,350.0,78.0,3.0,2.0,0.0,0.0,7,0,7.0,3
2995.0,300.0,109.0,3.0,2.0,2.0,9.0,12,0,7.0,1
3550.0,500.0,125.0,2.0,3.0,1.0,12.0,4,0,7.0,1
2480.0,290.0,45.0,1.0,1.0,1.0,4.0,8,0,8.0,3
2500.0,240.0,52.0,1.0,1.0,0.0,1.0,5,0,7.0,1
9490.0,1100.0,204.0,3.0,3.0,2.0,23.0,9,0,7.0,1
7600.0,650.0,180.0,3.0,3.0,2.0,12.0,1,0,7.0,3
1600.0,,60.0,2.0,1.0,0.0,3.0,14,0,7.0,3
3077.0,300.0,86.0,3.0,2.0,1.0,15.0,8,1,7.0,1
5800.0,680.0,280.0,3.0,2.0,1.0,10.0,4,0,7.0,3
3000.0,550.0,106.0,2.0,2.0,1.0,10.0,11,0,7.0,1
2750.0,160.0,96.0,3.0,2.0,1.0,40.0,5,0,7.0,1
3380.0,450.0,108.0,3.0,3.0,1.0,15.0,5,0,7.0,1
3102.0,430.0,78.0,1.0,2.0,1.0,,7,0,7.0,3
2900.0,380.0,65.0,2.0,2.0,1.0,0.0,5,0,7.0,1
3000.0,1.0,66.0,1.0,1.0,1.0,7.0,13,0,7.0,4
7400.0,,173.0,2.0,2.0,1.0,20.0,2,0,7.0,1
3885.0,560.0,86.0,2.0,2.0,1.0,0.0,8,0,7.0,4
3300.0,300.0,100.0,3.0,1.0,1.0,24.0,7,0,7.0,2
2404.0,140.0,65.0,1.0,1.0,0.0,50.0,4,0,7.0,3
4810.0,600.0,120.0,2.0,3.0,1.0,11.0,1,0,7.0,2
3200.0,220.0,80.0,3.0,2.0,1.0,15.0,9,0,7.0,1
4152.0,500.0,104.0,2.0,2.0,1.0,14.0,13,0,7.0,2
5550.0,795.0,150.0,3.0,2.0,1.0,8.0,5,0,7.0,1
3330.0,350.0,110.0,2.0,2.0,1.0,20.0,6,0,7.0,1
2100.0,,75.0,2.0,1.0,0.0,5.0,9,0,8.0,4
4000.0,380.0,120.0,3.0,2.0,2.0,4.0,7,0,7.0,2
4000.0,300.0,132.0,3.0,3.0,1.0,28.0,6,0,7.0,1
4980.0,350.0,140.0,2.0,2.0,2.0,12.0,5,0,7.0,1
3320.0,300.0,110.0,3.0,2.0,1.0,10.0,9,0,7.0,4
2250.0,,50.0,1.0,1.0,1.0,36.0,13,2,7.0,3
5000.0,490.0,219.0,2.0,4.0,2.0,11.0,4,0,7.0,2
3000.0,250.0,139.0,3.0,2.0,1.0,5.0,8,0,7.0,2
7326.0,800.0,270.0,3.0,4.0,2.0,14.0,8,0,7.0,1
4000.0,,144.0,3.0,2.0,2.0,14.0,5,0,7.0,1
2175.0,320.0,75.0,2.0,1.0,1.0,,6,0,7.0,1
2800.0,,64.0,2.0,2.0,1.0,0.0,12,0,7.0,2
1900.0,115.0,46.0,1.0,1.0,1.0,6.0,8,0,7.0,1
3400.0,300.0,130.0,3.0,3.0,1.0,12.0,16,0,7.0,4
3650.0,600.0,160.0,3.0,3.0,2.0,19.0,2,0,7.0,1
3100.0,230.0,160.0,3.0,,2.0,30.0,6,0,7.0,1
4440.0,440.0,90.0,1.0,1.0,1.0,39.0,9,0,7.0,3
4560.0,500.0,137.0,3.0,2.0,2.0,25.0,4,0,7.0,1
1980.0,180.0,80.0,2.0,2.0,1.0,12.0,16,0,7.0,4
7590.0,1100.0,257.0,5.0,4.0,3.0,9.0,9,0,7.0,1
7030.0,600.0,299.0,4.0,3.0,2.0,20.0,9,0,7.0,1
1600.0,180.0,53.0,1.0,1.0,0.0,0.0,10,0,7.0,1
2000.0,75.0,80.0,3.0,1.0,1.0,14.0,19,0,7.0,2
6570.0,650.0,156.0,3.0,2.0,1.0,5.0,7,0,7.0,1
3600.0,600.0,160.0,3.0,,2.0,20.0,2,0,7.0,1
3300.0,500.0,94.0,3.0,3.0,2.0,12.0,7,0,7.0,1
3982.0,570.0,146.0,3.0,3.0,2.0,20.0,5,0,7.0,1
7986.0,580.0,150.0,2.0,2.0,3.0,10.0,6,0,7.0,1
8760.0,700.0,209.0,3.0,3.0,2.0,8.0,6,0,7.0,1
8074.0,900.0,289.0,3.0,3.0,2.0,,9,0,7.0,1
6000.0,500.0,140.0,3.0,3.0,2.0,10.0,4,0,7.0,2
6072.0,850.0,174.0,3.0,3.0,2.0,29.0,7,0,7.0,3
3070.0,380.0,71.0,2.0,2.0,1.0,15.0,8,0,7.0,3
4070.0,,83.0,3.0,2.0,1.0,3.0,11,0,8.0,3
8041.0,520.0,142.0,3.0,2.0,2.0,15.0,3,0,7.0,1
2190.0,220.0,50.0,1.0,1.0,0.0,,8,0,8.0,4
8030.0,450.0,145.0,3.0,2.0,2.0,13.0,4,0,7.0,2
2500.0,225.0,42.0,1.0,1.0,1.0,5.0,8,0,7.0,1
1800.0,230.0,43.0,1.0,1.0,0.0,5.0,8,0,8.0,4
2502.0,160.0,35.0,1.0,1.0,0.0,0.0,9,0,7.0,4
2993.0,258.0,45.0,1.0,1.0,1.0,13.0,4,0,7.0,2
4059.0,460.0,149.0,3.0,2.0,2.0,6.0,15,2,7.0,4
2324.0,650.0,80.0,1.0,2.0,0.0,0.0,12,0,7.0,2
4500.0,420.0,140.0,3.0,2.0,2.0,10.0,0,0,7.0,1
3367.0,550.0,147.0,2.0,2.0,2.0,3.0,8,0,7.0,3
3312.0,380.0,115.0,3.0,2.0,0.0,5.0,5,0,7.0,2
3270.0,400.0,135.0,2.0,3.0,1.0,3.0,1,0,7.0,1
3553.0,370.0,105.0,2.0,2.0,1.0,3.0,11,0,7.0,1
4356.0,300.0,125.0,2.0,2.0,1.0,4.0,8,0,7.0,3
4070.0,500.0,100.0,3.0,2.0,1.0,5.0,6,0,7.0,1
4300.0,700.0,180.0,3.0,3.0,1.0,12.0,4,0,7.0,1
4100.0,630.0,135.0,3.0,2.0,2.0,,6,0,7.0,1
3500.0,300.0,120.0,3.0,3.0,2.0,12.0,6,0,7.0,1
2800.0,150.0,160.0,3.0,3.0,1.0,10.0,5,0,7.0,1
7770.0,730.0,175.0,3.0,3.0,2.0,15.0,2,0,7.0,2
2562.0,,80.0,2.0,1.0,0.0,10.0,3,0,7.0,1
6895.0,500.0,250.0,3.0,2.0,2.0,11.0,8,0,7.0,4
3100.0,,56.0,2.0,2.0,1.0,0.0,7,0,7.0,1
6375.0,1350.0,277.0,3.0,2.0,2.0,26.0,0,0,7.0,1
4810.0,550.0,158.0,3.0,2.0,2.0,22.0,9,0,7.0,1
2950.0,330.0,122.0,4.0,2.0,0.0,55.0,10,0,7.0,1
2550.0,390.0,95.0,,3.0,1.0,9.0,7,0,7.0,1
2400.0,300.0,70.0,1.0,1.0,1.0,10.0,1,0,7.0,1
4700.0,600.0,105.0,1.0,1.0,2.0,,0,0,7.0,1
7770.0,650.0,250.0,3.0,3.0,2.0,7.0,6,0,7.0,1
3200.0,250.0,75.0,2.0,2.0,1.0,0.0,11,0,7.0,2
1450.0,,50.0,2.0,1.0,0.0,2.0,12,0,7.0,4
8272.0,1244.0,405.0,3.0,3.0,2.0,6.0,6,0,7.0,1
7320.0,1.0,173.0,3.0,3.0,2.0,11.0,9,0,7.0,1
2354.0,380.0,72.0,2.0,1.0,1.0,12.0,8,0,7.0,1
3280.0,,,,,0.0,,11,0,7.0,1
2700.0,,20.0,2.0,1.0,0.0,5.0,1,0,7.0,1
2300.0,,18.0,1.0,1.0,0.0,5.0,1,0,7.0,1
3000.0,100.0,66.0,2.0,2.0,0.0,45.0,6,0,7.0,1
4174.0,350.0,84.0,1.0,1.0,1.0,13.0,5,0,7.0,1
6615.0,1500.0,260.0,3.0,4.0,2.0,30.0,2,0,7.0,1
2000.0,120.0,40.0,1.0,1.0,0.0,15.0,4,0,7.0,1
3400.0,,45.0,1.0,2.0,0.0,1.0,18,3,7.0,4
1580.0,170.0,90.0,2.0,1.0,0.0,8.0,10,0,7.0,3
1500.0,,50.0,1.0,1.0,0.0,0.0,9,0,7.0,3
1750.0,,65.0,2.0,1.0,0.0,,9,0,7.0,3
2555.0,250.0,60.0,2.0,2.0,0.0,0.0,5,0,7.0,1
4147.0,320.0,60.0,2.0,2.0,1.0,8.0,10,0,7.0,3
10374.0,1100.0,396.0,4.0,4.0,2.0,14.0,5,0,7.0,1
6900.0,755.0,165.0,3.0,2.0,2.0,16.0,5,0,7.0,1
3441.0,150.0,100.0,2.0,2.0,0.0,37.0,9,0,7.0,4
2960.0,300.0,49.0,1.0,1.0,1.0,0.0,13,0,7.0,1
2300.0,550.0,45.0,1.0,,1.0,,13,0,8.0,4
2977.0,380.0,70.0,2.0,2.0,1.0,,1,1,7.0,2
5400.0,675.0,120.0,2.0,2.0,2.0,20.0,5,0,7.0,2
5600.0,680.0,140.0,2.0,3.0,2.0,6.0,1,0,7.0,1
2650.0,,84.0,2.0,2.0,1.0,15.0,16,0,7.0,4
2500.0,250.0,50.0,2.0,1.0,0.0,53.0,7,0,7.0,1
3000.0,100.0,80.0,2.0,1.0,0.0,40.0,7,0,7.0,3
3400.0,400.0,90.0,3.0,2.0,1.0,15.0,3,1,7.0,1
3100.0,300.0,63.0,2.0,2.0,1.0,,5,0,7.0,1
4430.0,,60.0,1.0,1.0,0.0,0.0,7,1,7.0,1
3540.0,,62.0,1.0,1.0,0.0,0.0,9,0,7.0,2
2629.0,,46.0,1.0,1.0,0.0,0.0,7,1,7.0,1
4368.0,480.0,120.0,2.0,2.0,2.0,17.0,9,0,7.0,3
2944.0,480.0,73.0,2.0,2.0,1.0,14.0,9,0,7.0,4
2500.0,180.0,100.0,3.0,2.0,1.0,10.0,4,0,7.0,4
2500.0,140.0,41.0,1.0,1.0,0.0,,14,1,8.0,4
6075.0,400.0,200.0,2.0,3.0,1.0,30.0,0,0,7.0,1
3162.0,400.0,80.0,2.0,2.0,1.0,4.0,8,0,7.0,1
3500.0,400.0,85.0,3.0,2.0,1.0,0.0,5,0,7.0,1
3500.0,280.0,58.0,2.0,2.0,1.0,0.0,7,0,7.0,3
2600.0,200.0,48.0,2.0,1.0,0.0,50.0,9,0,7.0,4
2900.0,,42.0,1.0,1.0,1.0,5.0,14,1,8.0,4
5463.0,700.0,150.0,3.0,3.0,1.0,30.0,3,0,7.0,1
3267.0,,64.0,1.0,1.0,1.0,25.0,5,0,7.0,1
3700.0,,85.0,3.0,2.0,1.0,13.0,6,0,7.0,1
4500.0,480.0,114.0,2.0,2.0,1.0,9.0,5,0,7.0,1
3500.0,,104.0,4.0,3.0,2.0,19.0,7,0,7.0,1
3630.0,480.0,85.0,2.0,2.0,1.0,2.0,7,0,7.0,3
2635.0,260.0,48.0,1.0,1.0,1.0,7.0,13,1,8.0,4
6475.0,850.0,174.0,2.0,2.0,2.0,,7,0,7.0,3
3800.0,670.0,133.0,3.0,2.0,2.0,27.0,8,0,7.0,1
3000.0,400.0,48.0,1.0,1.0,1.0,,5,0,8.0,2
2200.0,250.0,40.0,1.0,1.0,0.0,3.0,10,0,8.0,3
1580.0,,90.0,2.0,1.0,0.0,4.0,9,0,7.0,3
4320.0,380.0,84.0,2.0,2.0,1.0,1.0,7,0,7.0,2
2300.0,180.0,72.0,3.0,2.0,0.0,0.0,14,0,7.0,4
4345.0,480.0,123.0,3.0,3.0,1.0,17.0,10,0,7.0,3
2912.0,,48.0,1.0,1.0,1.0,3.0,14,1,8.0,4
1600.0,50.0,60.0,2.0,2.0,0.0,10.0,5,0,7.0,1
3250.0,315.0,93.0,2.0,3.0,1.0,6.0,4,1,7.0,1
3515.0,350.0,85.0,2.0,3.0,1.0,13.0,5,0,7.0,3
4004.0,,256.0,3.0,3.0,2.0,13.0,5,0,7.0,1
4746.0,546.0,145.0,3.0,3.0,2.0,10.0,8,0,7.0,3
4732.0,450.0,200.0,4.0,3.0,2.0,8.0,12,1,7.0,2
3200.0,400.0,80.0,2.0,2.0,1.0,4.0,5,2,7.0,2
3100.0,300.0,100.0,3.0,2.0,1.0,10.0,11,0,7.0,3
2450.0,220.0,41.0,1.0,1.0,1.0,5.0,14,1,8.0,4
2570.0,295.0,74.0,1.0,1.0,1.0,10.0,7,0,7.0,3
5500.0,,227.0,3.0,2.0,1.0,6.0,13,1,7.0,2
2500.0,,70.0,1.0,1.0,0.0,0.0,11,0,7.0,1
3380.0,528.0,62.0,2.0,2.0,1.0,0.0,6,1,7.0,3
4151.0,,91.0,2.0,2.0,1.0,10.0,9,0,7.0,3
1400.0,,52.0,2.0,1.0,0.0,15.0,12,0,7.0,4
8140.0,730.0,177.0,3.0,2.0,2.0,,2,0,7.0,2
8140.0,1600.0,271.0,3.0,3.0,2.0,,1,0,7.0,2
5920.0,400.0,120.0,2.0,2.0,2.0,5.0,17,1,7.0,2
2950.0,428.0,100.0,2.0,2.0,1.0,12.0,5,2,7.0,2
9163.0,820.0,230.0,3.0,2.0,3.0,28.0,0,0,7.0,1
3200.0,380.0,96.0,3.0,3.0,1.0,10.0,7,0,7.0,3
2000.0,150.0,55.0,1.0,1.0,0.0,30.0,6,0,7.0,1
2590.0,350.0,60.0,1.0,1.0,2.0,2.0,6,0,8.0,3
5550.0,680.0,130.0,2.0,2.0,2.0,,10,0,7.0,1
7200.0,750.0,210.0,3.0,2.0,2.0,9.0,3,0,7.0,1
4500.0,600.0,170.0,3.0,2.0,1.0,6.0,9,0,8.0,3
2300.0,200.0,40.0,1.0,1.0,1.0,2.0,9,0,8.0,3
1900.0,300.0,45.0,1.0,1.0,0.0,5.0,2,0,7.0,3
7320.0,800.0,197.0,4.0,4.0,2.0,,10,0,7.0,1
3048.0,432.0,62.0,2.0,2.0,0.0,0.0,18,4,7.0,4
3420.0,350.0,101.0,3.0,2.0,1.0,10.0,5,0,7.0,3
3436.0,750.0,93.0,2.0,1.0,2.0,6.0,8,0,7.0,3
9000.0,750.0,257.0,2.0,2.0,2.0,5.0,7,0,7.0,3
3982.0,450.0,77.0,3.0,2.0,1.0,0.0,7,0,7.0,1
2300.0,200.0,44.0,1.0,1.0,0.0,0.0,3,0,7.0,1
3600.0,300.0,65.0,2.0,2.0,0.0,1.0,18,3,7.0,4
3000.0,300.0,96.0,3.0,3.0,2.0,10.0,18,2,7.0,4
3000.0,320.0,105.0,3.0,2.0,1.0,27.0,4,0,7.0,4
7920.0,200.0,170.0,,2.0,0.0,0.0,5,0,7.0,4
3057.0,465.0,56.0,1.0,1.0,0.0,0.0,7,0,7.0,3
3540.0,,62.0,1.0,1.0,0.0,0.0,7,1,7.0,1
2555.0,250.0,43.0,1.0,1.0,1.0,2.0,0,0,7.0,1
4680.0,300.0,127.0,4.0,2.0,0.0,0.0,5,0,7.0,3
2790.0,433.0,68.0,2.0,2.0,1.0,1.0,10,3,7.0,4
4048.0,430.0,104.0,3.0,2.0,1.0,20.0,7,0,7.0,3
3450.0,400.0,90.0,3.0,2.0,0.0,5.0,3,1,7.0,1
1300.0,,40.0,1.0,1.0,0.0,15.0,5,0,7.0,1
3128.0,330.0,72.0,1.0,2.0,1.0,14.0,9,1,8.0,4
2100.0,150.0,60.0,,1.0,2.0,8.0,13,1,8.0,4
4149.0,528.0,62.0,2.0,2.0,0.0,,9,3,7.0,4
2790.0,432.0,68.0,2.0,2.0,0.0,0.0,6,1,7.0,3
3430.0,528.0,62.0,2.0,2.0,0.0,0.0,8,3,7.0,4
3900.0,600.0,117.0,3.0,2.0,2.0,18.0,2,0,7.0,1
1800.0,300.0,110.0,,1.0,0.0,30.0,8,0,7.0,1
2775.0,400.0,58.0,1.0,1.0,1.0,66.0,6,0,7.0,1
3000.0,170.0,45.0,1.0,1.0,0.0,0.0,11,0,7.0,1
3400.0,,156.0,4.0,3.0,1.0,15.0,11,0,7.0,4
4625.0,700.0,115.0,2.0,3.0,2.0,6.0,11,0,7.0,2
3120.0,480.0,86.0,2.0,1.0,1.0,18.0,10,0,7.0,3
2100.0,200.0,41.0,2.0,1.0,0.0,0.0,9,0,7.0,4
3400.0,120.0,65.0,3.0,2.0,1.0,0.0,0,0,7.0,1
1900.0,50.0,120.0,3.0,3.0,0.0,10.0,5,0,7.0,1
3000.0,400.0,90.0,2.0,2.0,1.0,3.0,11,0,7.0,3
4461.0,295.0,125.0,2.0,2.0,1.0,4.0,8,0,7.0,3
2380.0,439.0,97.0,2.0,2.0,1.0,33.0,5,1,7.0,1
3375.0,400.0,98.0,4.0,3.0,2.0,7.0,6,0,7.0,3
2992.0,,75.0,1.0,1.0,0.0,0.0,8,0,7.0,2
5875.0,650.0,187.0,2.0,2.0,2.0,25.0,6,0,7.0,1
3700.0,520.0,68.0,2.0,2.0,1.0,0.0,8,3,7.0,4
2700.0,280.0,66.0,1.0,1.0,1.0,0.0,0,0,7.0,1
5249.0,500.0,116.0,3.0,2.0,2.0,0.0,0,0,7.0,1
5400.0,670.0,140.0,3.0,2.0,1.0,,0,0,7.0,1
9845.0,1100.0,279.0,3.0,3.0,2.0,12.0,0,0,7.0,1
11285.0,1500.0,384.0,3.0,4.0,0.0,11.0,3,1,7.0,1
6954.0,700.0,177.0,3.0,2.0,2.0,15.0,14,0,7.0,1
2950.0,270.0,45.0,1.0,1.0,1.0,0.0,11,0,7.0,2
1900.0,,42.0,1.0,1.0,0.0,10.0,9,1,8.0,4
2771.0,450.0,45.0,1.0,1.0,0.0,1.0,9,0,7.0,1
4558.0,,63.0,2.0,2.0,1.0,1.0,0,0,7.0,1
3200.0,300.0,60.0,2.0,2.0,1.0,0.0,11,0,7.0,2
3700.0,,110.0,3.0,3.0,2.0,16.0,9,0,7.0,1
2300.0,270.0,50.0,1.0,1.0,0.0,0.0,10,0,7.0,1
3300.0,270.0,90.0,3.0,2.0,0.0,0.0,10,0,7.0,1
3558.0,400.0,115.0,3.0,2.0,1.0,4.0,1,0,7.0,1
3500.0,460.0,135.0,3.0,3.0,2.0,10.0,6,0,7.0,1
4400.0,450.0,82.0,3.0,2.0,2.0,0.0,11,0,7.0,3
2886.0,380.0,60.0,1.0,1.0,1.0,12.0,8,0,7.0,1
4237.0,330.0,85.0,2.0,2.0,0.0,,9,0,7.0,4
3700.0,380.0,90.0,2.0,2.0,1.0,6.0,7,0,7.0,3
5920.0,350.0,122.0,2.0,2.0,2.0,5.0,7,0,7.0,3
3740.0,380.0,105.0,3.0,2.0,1.0,12.0,10,0,7.0,3
3556.0,250.0,67.0,1.0,1.0,0.0,20.0,9,1,8.0,4
2760.0,490.0,65.0,2.0,2.0,1.0,,7,1,7.0,1
2300.0,160.0,40.0,1.0,1.0,0.0,,10,0,8.0,3
2775.0,,100.0,2.0,1.0,0.0,10.0,13,0,7.0,1
3416.0,290.0,51.0,1.0,1.0,1.0,10.0,6,1,7.0,1
2907.0,440.0,73.0,2.0,2.0,1.0,0.0,4,0,7.0,3
3200.0,,86.0,2.0,2.0,1.0,4.0,10,0,8.0,3
3458.0,,77.0,3.0,2.0,1.0,,12,0,7.0,1
3100.0,350.0,80.0,3.0,2.0,1.0,10.0,11,0,7.0,3
4380.0,350.0,140.0,3.0,2.0,2.0,20.0,6,0,7.0,3
3800.0,345.0,83.0,2.0,2.0,1.0,2.0,9,0,7.0,3
2300.0,300.0,40.0,1.0,1.0,0.0,0.0,12,0,8.0,4
2380.0,298.0,50.0,1.0,1.0,1.0,15.0,6,0,7.0,1
8052.0,900.0,235.0,3.0,3.0,3.0,3.0,7,0,7.0,3
2300.0,180.0,68.0,2.0,1.0,0.0,,4,0,7.0,3
2980.0,370.0,63.0,2.0,2.0,0.0,3.0,9,0,7.0,3
6387.0,650.0,125.0,3.0,3.0,2.0,7.0,2,0,7.0,3
6935.0,500.0,140.0,3.0,3.0,2.0,5.0,0,0,7.0,2
6935.0,826.0,170.0,3.0,3.0,2.0,28.0,3,0,7.0,1
6660.0,950.0,277.0,4.0,3.0,2.0,19.0,7,0,7.0,3
4810.0,536.0,118.0,3.0,3.0,1.0,19.0,2,0,7.0,2
2479.0,260.0,69.0,,1.0,0.0,15.0,11,0,8.0,4
3822.0,,135.0,3.0,2.0,1.0,60.0,7,0,7.0,1
8600.0,600.0,165.0,3.0,3.0,1.0,12.0,2,0,7.0,2
2500.0,300.0,75.0,1.0,1.0,1.0,5.0,5,0,7.0,1
4100.0,600.0,100.0,2.0,2.0,2.0,5.0,4,1,7.0,1
4612.0,700.0,119.0,3.0,2.0,2.0,13.0,11,0,7.0,3
3979.0,550.0,78.0,2.0,3.0,2.0,2.0,8,0,8.0,4
4612.0,,100.0,3.0,3.0,0.0,9.0,9,0,7.0,4
4015.0,350.0,108.0,2.0,2.0,1.0,15.0,9,0,7.0,3
3222.0,,113.0,3.0,2.0,1.0,16.0,7,0,7.0,3
3684.0,150.0,111.0,3.0,2.0,2.0,15.0,5,0,7.0,1
4059.0,,104.0,3.0,2.0,1.0,10.0,12,0,7.0,1
3700.0,400.0,100.0,2.0,2.0,0.0,14.0,1,0,7.0,1
2100.0,200.0,31.0,1.0,1.0,0.0,2.0,10,0,8.0,4
5808.0,500.0,160.0,2.0,3.0,2.0,2.0,5,0,7.0,2
3122.0,350.0,105.0,2.0,3.0,1.0,3.0,0,0,7.0,1
4356.0,450.0,175.0,3.0,3.0,1.0,4.0,4,1,7.0,1
4700.0,550.0,107.0,2.0,4.0,2.0,0.0,9,0,7.0,4
2800.0,,85.0,2.0,1.0,1.0,44.0,10,0,7.0,1
3000.0,520.0,125.0,3.0,3.0,1.0,24.0,1,0,7.0,1
5890.0,730.0,136.0,3.0,2.0,2.0,40.0,2,0,7.0,2
6460.0,,125.0,3.0,3.0,2.0,,8,0,8.0,3
4560.0,400.0,80.0,1.0,1.0,2.0,3.0,3,1,7.0,1
3071.0,400.0,62.0,2.0,2.0,1.0,0.0,8,0,7.0,2
3200.0,260.0,64.0,2.0,2.0,1.0,3.0,8,0,7.0,2
2800.0,,56.0,1.0,1.0,0.0,5.0,11,1,8.0,4
2900.0,,120.0,2.0,3.0,0.0,20.0,12,1,7.0,1
5320.0,580.0,121.0,2.0,2.0,2.0,10.0,5,0,7.0,1
2435.0,200.0,51.0,2.0,2.0,1.0,24.0,4,0,7.0,4
4725.0,350.0,130.0,4.0,3.0,1.0,11.0,9,2,7.0,4
4400.0,350.0,60.0,2.0,2.0,0.0,1.0,4,1,7.0,1
5510.0,590.0,110.0,4.0,3.0,1.0,10.0,6,1,7.0,1
3400.0,233.0,100.0,3.0,2.0,1.0,17.0,3,1,7.0,1
4380.0,500.0,82.0,2.0,2.0,1.0,3.0,7,3,7.0,4
4405.0,550.0,71.0,1.0,1.0,1.0,0.0,4,0,8.0,2
2800.0,150.0,40.0,,1.0,0.0,1.0,12,1,8.0,4
2745.0,,75.0,2.0,1.0,1.0,21.0,3,0,7.0,3
4392.0,480.0,123.0,3.0,3.0,1.0,8.0,8,0,7.0,4
3700.0,350.0,85.0,2.0,1.0,1.0,7.0,11,3,7.0,4
4070.0,545.0,99.0,2.0,3.0,1.0,21.0,5,0,7.0,3
4004.0,300.0,80.0,2.0,2.0,1.0,6.0,9,0,7.0,4
4050.0,400.0,105.0,3.0,3.0,1.0,13.0,1,1,7.0,2
2318.0,220.0,45.0,1.0,1.0,0.0,3.0,2,1,7.0,1
8052.0,,140.0,2.0,2.0,2.0,,10,0,7.0,2
3468.0,630.0,95.0,2.0,2.0,1.0,10.0,8,0,7.0,2
3046.0,450.0,90.0,2.0,3.0,1.0,17.0,10,0,7.0,4
8325.0,1100.0,300.0,3.0,3.0,4.0,7.0,8,0,7.0,3
3500.0,400.0,72.0,2.0,2.0,1.0,0.0,8,0,7.0,3
9240.0,880.0,206.0,3.0,3.0,2.0,9.0,6,0,7.0,1
8500.0,1000.0,220.0,3.0,2.0,2.0,10.0,14,0,7.0,1
3200.0,450.0,78.0,2.0,2.0,1.0,16.0,13,0,7.0,1
2400.0,,53.0,1.0,1.0,0.0,1.0,12,1,8.0,4
4464.0,500.0,85.0,2.0,2.0,0.0,2.0,9,0,7.0,3
2700.0,370.0,60.0,2.0,2.0,1.0,7.0,13,1,8.0,4
3188.0,150.0,110.0,3.0,3.0,1.0,25.0,11,0,7.0,2
2570.0,220.0,40.0,1.0,1.0,1.0,5.0,13,1,8.0,4
2978.0,260.0,57.0,1.0,2.0,0.0,5.0,10,0,8.0,3
6510.0,1100.0,225.0,3.0,3.0,2.0,12.0,6,0,7.0,1
5292.0,550.0,152.0,4.0,3.0,0.0,15.0,10,0,7.0,3
10200.0,800.0,235.0,3.0,3.0,3.0,6.0,7,0,7.0,3
4836.0,450.0,94.0,3.0,2.0,1.0,6.0,10,0,8.0,3
2760.0,120.0,50.0,,1.0,1.0,2.0,7,0,7.0,3
2992.0,,46.0,1.0,1.0,0.0,0.0,0,0,7.0,1
5130.0,500.0,110.0,2.0,2.0,1.0,10.0,2,0,7.0,2
10960.0,1300.0,330.0,4.0,4.0,2.0,8.0,1,0,7.0,3
9250.0,850.0,281.0,4.0,3.0,3.0,20.0,6,0,7.0,1
2480.0,310.0,74.0,1.0,1.0,0.0,12.0,0,0,7.0,1
5975.0,480.0,140.0,3.0,2.0,2.0,5.0,5,0,7.0,1
3700.0,372.0,96.0,2.0,1.0,2.0,26.0,5,0,7.0,1
5130.0,750.0,140.0,3.0,2.0,2.0,15.0,12,0,7.0,2
6460.0,464.0,153.0,3.0,2.0,2.0,7.0,2,0,7.0,2
7106.0,982.0,213.0,3.0,3.0,2.0,8.0,6,0,7.0,1
3800.0,320.0,70.0,2.0,1.0,1.0,7.0,11,0,7.0,1
3048.0,432.0,68.0,2.0,1.0,1.0,0.0,6,1,7.0,3
8250.0,800.0,350.0,5.0,5.0,1.0,12.0,4,0,7.0,3
5103.0,470.0,104.0,3.0,3.0,2.0,12.0,8,0,7.0,1
6750.0,850.0,160.0,3.0,2.0,1.0,8.0,6,0,7.0,1
8170.0,650.0,220.0,3.0,3.0,2.0,8.0,4,0,7.0,1
7452.0,578.0,190.0,3.0,2.0,2.0,15.0,3,0,7.0,1
8140.0,1100.0,213.0,3.0,3.0,2.0,13.0,6,0,7.0,1
3885.0,820.0,84.0,2.0,1.0,1.0,8.0,6,1,7.0,3
6387.0,700.0,124.0,2.0,2.0,1.0,4.0,11,0,7.0,2
8500.0,890.0,207.0,3.0,3.0,2.0,12.0,3,0,7.0,2
5700.0,600.0,140.0,3.0,2.0,2.0,5.0,13,1,8.0,4
7200.0,645.0,200.0,3.0,2.0,2.0,30.0,6,0,7.0,1
6715.0,700.0,200.0,3.0,2.0,1.0,50.0,11,0,7.0,1
8140.0,700.0,220.0,4.0,3.0,2.0,15.0,0,0,7.0,1
6900.0,720.0,163.0,3.0,2.0,2.0,3.0,12,0,7.0,1
6150.0,600.0,192.0,3.0,2.0,2.0,6.0,0,0,7.0,1
7770.0,610.0,200.0,3.0,3.0,2.0,14.0,5,0,7.0,1
2629.0,,46.0,1.0,1.0,1.0,0.0,7,1,7.0,1
5180.0,346.0,100.0,2.0,2.0,1.0,7.0,12,0,8.0,4
7560.0,920.0,187.0,3.0,3.0,2.0,6.0,14,0,7.0,1
4440.0,450.0,90.0,3.0,2.0,1.0,8.0,6,1,7.0,1
10300.0,731.0,270.0,4.0,3.0,4.0,20.0,6,0,7.0,1
7200.0,500.0,210.0,3.0,2.0,2.0,12.0,3,0,7.0,1
3540.0,,62.0,1.0,1.0,1.0,0.0,7,1,7.0,1
7929.0,778.0,188.0,3.0,3.0,2.0,8.0,2,0,7.0,2
4000.0,500.0,81.0,2.0,2.0,1.0,5.0,12,0,7.0,1
10730.0,900.0,180.0,3.0,3.0,2.0,6.0,2,0,7.0,2
4440.0,600.0,130.0,2.0,2.0,1.0,42.0,3,0,7.0,2
7665.0,1250.0,211.0,2.0,2.0,2.0,0.0,14,0,7.0,1
4300.0,350.0,80.0,2.0,2.0,1.0,5.0,6,0,7.0,1
7400.0,750.0,211.0,3.0,2.0,2.0,9.0,6,0,7.0,1
4070.0,535.0,147.0,3.0,2.0,1.0,23.0,11,0,7.0,1
3700.0,450.0,125.0,2.0,2.0,1.0,47.0,1,0,7.0,1
5550.0,,70.0,2.0,2.0,0.0,3.0,3,0,7.0,1
1700.0,150.0,98.0,3.0,2.0,0.0,15.0,13,0,7.0,4
4562.0,531.0,85.0,2.0,3.0,1.0,4.0,1,0,7.0,1
3380.0,528.0,62.0,2.0,2.0,0.0,0.0,3,1,7.0,1
4562.0,590.0,95.0,2.0,3.0,1.0,3.0,1,0,7.0,1
1400.0,50.0,90.0,2.0,1.0,0.0,5.0,12,0,7.0,4
1700.0,50.0,90.0,2.0,1.0,1.0,5.0,12,0,7.0,4
3660.0,350.0,90.0,2.0,2.0,2.0,7.0,10,0,7.0,3
2450.0,215.0,92.0,3.0,2.0,1.0,17.0,4,0,7.0,4
2700.0,,55.0,2.0,2.0,1.0,0.0,12,0,7.0,3
4464.0,350.0,125.0,3.0,3.0,1.0,5.0,5,0,7.0,2
2350.0,,50.0,1.0,1.0,0.0,0.0,0,0,7.0,1
10206.0,700.0,200.0,3.0,2.0,2.0,15.0,1,0,7.0,1
3111.0,350.0,90.0,2.0,2.0,0.0,13.0,7,0,7.0,2
3024.0,,63.0,2.0,2.0,1.0,1.0,10,0,7.0,1
2762.0,229.0,55.0,1.0,1.0,2.0,10.0,11,0,7.0,2
3650.0,260.0,75.0,2.0,2.0,0.0,0.0,11,0,7.0,1
4625.0,350.0,160.0,3.0,3.0,2.0,8.0,11,0,7.0,1
8140.0,,236.0,5.0,5.0,0.0,20.0,7,0,7.0,3
3358.0,480.0,135.0,3.0,3.0,1.0,5.0,8,0,7.0,4
3499.0,350.0,125.0,3.0,3.0,1.0,6.0,11,0,7.0,1
4270.0,450.0,125.0,3.0,2.0,1.0,5.0,1,0,7.0,1
2400.0,250.0,95.0,2.0,1.0,1.0,5.0,5,0,7.0,1
2600.0,130.0,77.0,2.0,1.0,0.0,6.0,11,0,7.0,3
3358.0,360.0,135.0,2.0,2.0,1.0,5.0,8,0,7.0,3
4440.0,550.0,130.0,3.0,3.0,1.0,5.0,2,0,7.0,2
5750.0,,175.0,2.0,3.0,1.0,4.0,5,0,7.0,1
2075.0,230.0,85.0,1.0,1.0,0.0,5.0,11,0,7.0,1
8378.0,970.0,160.0,3.0,2.0,2.0,12.0,4,0,7.0,1
2948.0,319.0,74.0,1.0,1.0,1.0,15.0,0,0,7.0,1
2660.0,180.0,50.0,1.0,1.0,0.0,0.0,2,1,7.0,1
10050.0,600.0,248.0,3.0,3.0,1.0,1.0,9,0,7.0,3
4313.0,,60.0,2.0,2.0,1.0,0.0,0,0,7.0,1
3750.0,250.0,142.0,2.0,2.0,1.0,40.0,7,0,7.0,1
4625.0,540.0,105.0,2.0,2.0,1.0,9.0,6,1,7.0,1
5920.0,520.0,130.0,3.0,3.0,1.0,5.0,5,0,7.0,1
2500.0,300.0,45.0,1.0,1.0,1.0,12.0,6,1,7.0,1
2723.0,250.0,80.0,1.0,1.0,1.0,2.0,11,0,8.0,3
4380.0,540.0,101.0,2.0,2.0,1.0,,1,0,7.0,1
2202.0,,75.0,1.0,2.0,0.0,25.0,15,1,8.0,4
2600.0,210.0,85.0,3.0,2.0,0.0,3.0,14,1,8.0,4
7240.0,800.0,170.0,2.0,2.0,2.0,13.0,4,0,7.0,2
6840.0,700.0,180.0,3.0,2.0,2.0,3.0,1,0,7.0,2
4048.0,460.0,120.0,3.0,2.0,1.0,4.0,11,0,7.0,3
8140.0,850.0,161.0,3.0,2.0,2.0,10.0,6,0,7.0,1
3515.0,520.0,75.0,2.0,2.0,1.0,2.0,0,0,7.0,1
4103.0,400.0,110.0,3.0,2.0,1.0,3.0,8,0,7.0,3
3580.0,380.0,110.0,2.0,2.0,0.0,3.0,5,0,7.0,1
6660.0,800.0,168.0,3.0,3.0,2.0,0.0,4,0,7.0,1
8625.0,600.0,256.0,3.0,2.0,2.0,10.0,7,0,7.0,3
4022.0,350.0,100.0,2.0,2.0,2.0,9.0,14,0,7.0,1
3300.0,300.0,109.0,3.0,2.0,1.0,13.0,8,0,7.0,1
3330.0,350.0,82.0,2.0,2.0,1.0,17.0,7,0,7.0,3
5100.0,835.0,165.0,3.0,2.0,1.0,45.0,3,0,7.0,1
3750.0,250.0,88.0,3.0,3.0,2.0,15.0,8,0,7.0,1
5200.0,750.0,250.0,3.0,3.0,2.0,16.0,4,0,7.0,1
5000.0,350.0,140.0,2.0,3.0,2.0,4.0,3,0,7.0,3
3562.0,,170.0,2.0,2.0,0.0,25.0,0,0,7.0,2
3000.0,,74.0,3.0,2.0,0.0,7.0,12,1,8.0,4
3380.0,360.0,120.0,3.0,2.0,1.0,10.0,9,2,7.0,4
7770.0,569.0,175.0,3.0,3.0,2.0,15.0,3,0,7.0,1
11400.0,1700.0,326.0,4.0,4.0,4.0,9.0,8,1,8.0,4
8928.0,1000.0,200.0,3.0,3.0,1.0,22.0,5,0,7.0,1
5500.0,350.0,80.0,2.0,1.0,0.0,15.0,9,0,7.0,3
2400.0,250.0,85.0,2.0,1.0,1.0,27.0,13,0,7.0,2
2900.0,370.0,83.0,2.0,2.0,1.0,14.0,7,0,7.0,3
3800.0,350.0,67.0,2.0,2.0,1.0,0.0,8,0,7.0,1
3515.0,350.0,90.0,3.0,2.0,1.0,,0,0,7.0,1
2000.0,300.0,74.0,2.0,,1.0,18.0,15,0,7.0,4
4150.0,420.0,120.0,3.0,3.0,1.0,1.0,1,0,7.0,2
4015.0,330.0,110.0,3.0,2.0,2.0,6.0,7,0,7.0,2
2920.0,350.0,83.0,2.0,2.0,1.0,5.0,3,0,7.0,3
3199.0,350.0,120.0,3.0,3.0,1.0,6.0,4,0,7.0,4
9000.0,1000.0,214.0,3.0,3.0,2.0,15.0,4,0,7.0,1
4400.0,380.0,95.0,2.0,2.0,1.0,4.0,8,0,7.0,2
4175.0,495.0,82.0,1.0,1.0,1.0,15.0,4,0,7.0,1
8449.0,900.0,195.0,3.0,2.0,2.0,14.0,2,0,7.0,2
3843.0,450.0,120.0,3.0,2.0,1.0,0.0,9,0,7.0,1
3450.0,350.0,100.0,2.0,3.0,1.0,11.0,6,0,7.0,1
2560.0,80.0,78.0,2.0,1.0,2.0,29.0,8,0,7.0,1
6475.0,910.0,240.0,3.0,2.0,1.0,40.0,13,0,7.0,1
2400.0,200.0,50.0,1.0,1.0,1.0,2.0,13,1,8.0,4
4770.0,300.0,164.0,3.0,2.0,1.0,20.0,0,0,7.0,1
2300.0,350.0,64.0,2.0,2.0,0.0,0.0,13,1,8.0,4
4810.0,450.0,160.0,2.0,2.0,2.0,24.0,6,0,7.0,1
11190.0,700.0,220.0,3.0,3.0,2.0,10.0,1,0,7.0,1
4015.0,480.0,117.0,3.0,2.0,2.0,17.0,5,0,7.0,1
5824.0,1.0,300.0,3.0,5.0,3.0,50.0,5,0,7.0,1
3700.0,350.0,119.0,3.0,2.0,1.0,5.0,7,0,7.0,1
11020.0,600.0,145.0,2.0,2.0,1.0,0.0,1,0,7.0,3
4823.0,350.0,146.0,3.0,4.0,2.0,4.0,0,0,7.0,4
3500.0,350.0,85.0,3.0,2.0,0.0,2.0,6,0,7.0,1
6600.0,200.0,260.0,5.0,4.0,2.0,12.0,1,0,7.0,3
4670.0,450.0,146.0,5.0,5.0,1.0,10.0,9,0,7.0,2
2000.0,250.0,150.0,3.0,1.0,0.0,15.0,16,0,7.0,2
8325.0,980.0,230.0,3.0,4.0,2.0,4.0,1,0,7.0,1
3650.0,400.0,115.0,2.0,2.0,1.0,1.0,4,0,7.0,1
6900.0,650.0,160.0,3.0,3.0,2.0,4.0,2,0,7.0,1
2950.0,250.0,64.0,2.0,2.0,0.0,0.0,11,0,7.0,2
4500.0,450.0,146.0,3.0,2.0,2.0,0.0,6,0,7.0,1
7500.0,900.0,309.0,3.0,4.0,3.0,13.0,0,0,7.0,1
6935.0,500.0,190.0,3.0,3.0,2.0,15.0,5,0,7.0,1
3700.0,,117.0,2.0,3.0,1.0,20.0,1,0,7.0,1
10400.0,1300.0,386.0,4.0,4.0,2.0,13.0,0,0,7.0,1
9000.0,1300.0,498.0,4.0,4.0,3.0,25.0,0,0,7.0,1
1400.0,80.0,35.0,1.0,,0.0,10.0,11,0,7.0,2
5824.0,380.0,227.0,4.0,3.0,1.0,18.0,10,0,7.0,2
7030.0,840.0,184.0,3.0,2.0,2.0,14.0,3,0,7.0,1
3213.0,200.0,45.0,1.0,1.0,1.0,0.0,0,0,7.0,1
7500.0,850.0,257.0,4.0,3.0,2.0,15.0,8,0,7.0,1
5550.0,680.0,160.0,3.0,3.0,1.0,,2,0,7.0,1
5400.0,680.0,155.0,3.0,3.0,2.0,4.0,2,0,7.0,1
2600.0,214.0,44.0,3.0,1.0,1.0,27.0,12,0,7.0,2
6400.0,400.0,159.0,3.0,3.0,2.0,4.0,5,0,7.0,1
8880.0,1000.0,287.0,3.0,3.0,2.0,12.0,0,0,7.0,1
10860.0,1200.0,490.0,4.0,4.0,3.0,24.0,11,0,7.0,2
3100.0,446.0,79.0,1.0,,1.0,8.0,10,0,8.0,4
2370.0,245.0,65.0,1.0,1.0,1.0,17.0,10,0,7.0,3
1390.0,150.0,50.0,1.0,1.0,1.0,,5,0,7.0,4
1500.0,250.0,30.0,1.0,1.0,0.0,1.0,7,0,8.0,3
4700.0,500.0,120.0,3.0,2.0,1.0,15.0,10,0,7.0,1
2520.0,290.0,60.0,,1.0,0.0,7.0,12,0,8.0,4
4250.0,350.0,136.0,3.0,2.0,2.0,,21,0,7.0,4
5100.0,900.0,125.0,3.0,3.0,1.0,5.0,12,3,7.0,4
2750.0,250.0,79.0,3.0,2.0,1.0,20.0,12,1,8.0,4
5920.0,750.0,110.0,3.0,3.0,2.0,3.0,4,0,7.0,1
5370.0,480.0,120.0,2.0,2.0,2.0,2.0,11,2,7.0,4
7770.0,1050.0,163.0,3.0,3.0,2.0,10.0,1,0,7.0,2
2250.0,,63.0,2.0,1.0,1.0,13.0,11,0,7.0,1
4050.0,,97.0,3.0,3.0,1.0,0.0,5,0,7.0,1
3900.0,,108.0,3.0,2.0,1.0,,3,1,7.0,1
3256.0,350.0,87.0,3.0,2.0,2.0,14.0,2,1,7.0,1
3557.0,450.0,110.0,3.0,3.0,1.0,10.0,10,0,7.0,3
2665.0,,68.0,1.0,1.0,1.0,,12,0,7.0,1
6732.0,1000.0,268.0,4.0,3.0,2.0,14.0,6,0,7.0,1
3380.0,,62.0,2.0,2.0,0.0,0.0,6,1,7.0,3
5110.0,560.0,120.0,3.0,4.0,1.0,5.0,5,0,7.0,1
3700.0,430.0,95.0,2.0,2.0,1.0,5.0,8,0,7.0,2
3200.0,500.0,81.0,2.0,2.0,1.0,22.0,5,0,7.0,3
2100.0,250.0,40.0,1.0,1.0,0.0,2.0,16,1,8.0,4
7200.0,,205.0,3.0,5.0,2.0,11.0,0,0,7.0,1
2500.0,150.0,50.0,2.0,1.0,0.0,15.0,7,0,7.0,1
2590.0,,45.0,1.0,1.0,0.0,0.0,6,1,7.0,1
3505.0,330.0,80.0,2.0,2.0,1.0,,4,0,7.0,2
2190.0,260.0,50.0,1.0,,1.0,29.0,6,1,7.0,1
1900.0,1.0,50.0,1.0,1.0,0.0,5.0,7,0,7.0,1
2737.0,300.0,65.0,1.0,2.0,1.0,15.0,9,0,7.0,3
3600.0,310.0,115.0,2.0,2.0,1.0,15.0,5,0,8.0,2
3450.0,300.0,114.0,3.0,3.0,1.0,45.0,10,0,7.0,1
2600.0,290.0,44.0,1.0,1.0,1.0,,13,1,8.0,4
2400.0,350.0,56.0,2.0,2.0,0.0,2.0,11,1,7.0,2
3000.0,200.0,79.0,2.0,3.0,0.0,1.0,5,1,7.0,1
2775.0,,60.0,1.0,1.0,0.0,5.0,9,0,7.0,4
5800.0,670.0,130.0,2.0,3.0,2.0,,5,0,7.0,3
6480.0,485.0,180.0,4.0,4.0,2.0,8.0,5,0,7.0,1
6750.0,340.0,251.0,3.0,3.0,2.0,14.0,7,0,7.0,1
4995.0,530.0,90.0,2.0,2.0,1.0,0.0,1,0,7.0,1
4500.0,500.0,126.0,3.0,3.0,1.0,5.0,2,0,7.0,1
2000.0,,30.0,1.0,1.0,1.0,15.0,4,0,7.0,1
4580.0,480.0,140.0,2.0,3.0,1.0,4.0,2,0,7.0,1
4625.0,500.0,152.0,3.0,2.0,1.0,10.0,16,0,7.0,4
7280.0,1250.0,264.0,3.0,4.0,2.0,,0,0,7.0,1
3100.0,280.0,143.0,4.0,3.0,1.0,18.0,6,0,7.0,1
3500.0,500.0,122.0,2.0,2.0,1.0,,8,0,7.0,1
4070.0,350.0,135.0,1.0,1.0,1.0,,5,0,7.0,1
4050.0,476.0,188.0,3.0,2.0,2.0,15.0,5,0,7.0,1
2895.0,,,,,0.0,,11,0,8.0,4
2200.0,260.0,41.0,1.0,,1.0,3.0,13,1,8.0,4
3330.0,439.0,130.0,2.0,2.0,1.0,5.0,7,0,7.0,3
2775.0,280.0,60.0,1.0,1.0,1.0,5.0,12,0,7.0,2
4625.0,500.0,120.0,2.0,2.0,1.0,7.0,13,2,8.0,4
3204.0,300.0,110.0,3.0,3.0,1.0,15.0,3,0,7.0,2
3832.0,,166.0,3.0,3.0,1.0,4.0,5,0,7.0,1
3240.0,600.0,88.0,2.0,2.0,1.0,,8,0,7.0,1
2400.0,470.0,60.0,1.0,1.0,0.0,10.0,0,0,7.0,1
5110.0,700.0,174.0,3.0,5.0,1.0,15.0,5,0,7.0,1
3400.0,360.0,68.0,2.0,2.0,1.0,2.0,2,0,7.0,2
1400.0,,75.0,2.0,1.0,0.0,10.0,5,0,7.0,1
2534.0,300.0,121.0,1.0,1.0,1.0,10.0,1,0,7.0,1
1200.0,,40.0,1.0,1.0,0.0,10.0,7,0,7.0,2
1200.0,,75.0,2.0,1.0,0.0,10.0,9,0,7.0,1
1300.0,,68.0,2.0,1.0,0.0,,5,0,7.0,1
1350.0,,48.0,1.0,1.0,0.0,10.0,8,1,7.0,1
3020.0,200.0,190.0,2.0,2.0,0.0,9.0,14,1,8.0,4
3780.0,250.0,75.0,2.0,2.0,1.0,0.0,8,0,8.0,3
5220.0,,200.0,4.0,3.0,1.0,20.0,8,0,7.0,1
5760.0,700.0,207.0,2.0,2.0,2.0,8.0,4,0,7.0,1
3020.0,180.0,90.0,2.0,2.0,0.0,7.0,13,1,8.0,4
9050.0,900.0,188.0,3.0,3.0,3.0,11.0,1,0,7.0,3
6516.0,830.0,154.0,3.0,3.0,2.0,,9,0,7.0,3
3600.0,450.0,64.0,2.0,1.0,1.0,,8,0,7.0,1
4440.0,450.0,95.0,2.0,2.0,1.0,5.0,2,0,7.0,1
2920.0,250.0,55.0,1.0,2.0,1.0,3.0,8,0,7.0,3
1800.0,200.0,60.0,1.0,1.0,0.0,2.0,8,0,8.0,4
2920.0,265.0,56.0,2.0,2.0,1.0,,0,0,7.0,1
3080.0,750.0,105.0,2.0,2.0,1.0,10.0,7,0,7.0,3
2800.0,520.0,90.0,3.0,3.0,1.0,8.0,3,0,7.0,2
3000.0,290.0,60.0,2.0,2.0,1.0,2.0,8,0,7.0,2
3285.0,,170.0,2.0,3.0,1.0,25.0,1,0,7.0,2
2100.0,200.0,38.0,1.0,1.0,0.0,10.0,9,0,7.0,3
1500.0,300.0,80.0,1.0,1.0,0.0,10.0,6,3,7.0,3
3120.0,350.0,63.0,,2.0,2.0,2.0,9,0,7.0,2
3000.0,400.0,71.0,2.0,2.0,1.0,4.0,5,0,7.0,1
7400.0,820.0,340.0,3.0,2.0,2.0,25.0,0,0,7.0,1
2450.0,370.0,74.0,2.0,2.0,0.0,15.0,8,0,7.0,3
6660.0,,200.0,4.0,4.0,2.0,6.0,8,0,7.0,4
5500.0,680.0,141.0,3.0,2.0,1.0,10.0,13,0,7.0,2
3500.0,300.0,65.0,2.0,2.0,1.0,2.0,5,0,7.0,1
2200.0,,28.0,,,0.0,4.0,12,2,8.0,4
3251.0,,98.0,3.0,2.0,1.0,6.0,2,1,7.0,1
3982.0,400.0,90.0,2.0,2.0,1.0,3.0,6,0,7.0,1
2500.0,220.0,65.0,2.0,2.0,1.0,4.0,12,1,8.0,4
2300.0,150.0,80.0,3.0,,0.0,,16,1,8.0,4
1980.0,150.0,85.0,2.0,1.0,0.0,,7,0,7.0,3
4050.0,360.0,117.0,1.0,1.0,1.0,15.0,14,0,7.0,1
5600.0,550.0,150.0,3.0,3.0,1.0,30.0,5,0,7.0,1
2883.0,,79.0,2.0,3.0,1.0,17.0,3,1,7.0,1
2500.0,190.0,74.0,3.0,1.0,0.0,28.0,9,0,7.0,3
2906.0,200.0,116.0,3.0,1.0,1.0,32.0,9,0,7.0,1
4575.0,1.0,130.0,2.0,3.0,2.0,12.0,9,0,7.0,2
2680.0,320.0,80.0,,1.0,1.0,10.0,9,0,7.0,1
3620.0,250.0,84.0,2.0,2.0,1.0,5.0,7,0,7.0,3
4745.0,512.0,127.0,2.0,2.0,1.0,29.0,0,0,7.0,1
2100.0,200.0,50.0,1.0,1.0,0.0,24.0,8,0,7.0,4
4500.0,490.0,90.0,1.0,2.0,1.0,19.0,3,0,7.0,1
11160.0,1400.0,384.0,3.0,4.0,2.0,30.0,5,0,7.0,1
3515.0,,90.0,3.0,2.0,1.0,16.0,2,1,7.0,1
4163.0,550.0,120.0,3.0,2.0,1.0,,1,0,7.0,2
3515.0,300.0,90.0,2.0,2.0,1.0,8.0,1,0,7.0,1
4070.0,500.0,100.0,2.0,2.0,1.0,2.0,8,0,8.0,4
5920.0,500.0,125.0,2.0,2.0,1.0,2.0,5,0,7.0,3
4690.0,398.0,164.0,3.0,2.0,1.0,10.0,8,0,7.0,3
3600.0,600.0,104.0,2.0,2.0,1.0,5.0,5,0,7.0,2
9800.0,1000.0,300.0,3.0,4.0,2.0,8.0,3,0,8.0,2
3300.0,370.0,82.0,3.0,2.0,1.0,,14,0,7.0,3
1750.0,160.0,45.0,1.0,1.0,1.0,40.0,3,0,7.0,1
2350.0,350.0,65.0,1.0,1.0,0.0,30.0,4,0,7.0,2
2500.0,220.0,49.0,1.0,1.0,1.0,4.0,9,1,8.0,4
2580.0,210.0,42.0,1.0,1.0,0.0,8.0,8,0,8.0,3
4500.0,320.0,68.0,1.0,1.0,1.0,0.0,5,0,8.0,2
2555.0,240.0,67.0,1.0,2.0,1.0,9.0,10,0,7.0,3
4380.0,550.0,100.0,2.0,2.0,1.0,,3,0,7.0,2
2800.0,300.0,50.0,1.0,1.0,0.0,3.0,8,0,7.0,1
2800.0,300.0,100.0,3.0,3.0,1.0,12.0,4,0,7.0,4
2625.0,240.0,50.0,1.0,1.0,1.0,12.0,0,0,7.0,1
2400.0,200.0,50.0,1.0,1.0,1.0,0.0,4,0,8.0,1
4525.0,670.0,160.0,2.0,2.0,1.0,11.0,5,0,7.0,1
7300.0,,374.0,3.0,3.0,0.0,,5,0,7.0,1
3630.0,,94.0,2.0,2.0,1.0,0.0,4,0,7.0,2
4440.0,300.0,140.0,5.0,4.0,1.0,15.0,8,3,7.0,4
2400.0,300.0,102.0,2.0,2.0,1.0,12.0,9,0,7.0,3
1400.0,,65.0,2.0,1.0,0.0,2.0,14,0,7.0,4
2331.0,630.0,80.0,1.0,1.0,0.0,1.0,0,0,7.0,1
2590.0,350.0,80.0,2.0,2.0,1.0,5.0,8,0,8.0,3
2250.0,280.0,50.0,1.0,,1.0,8.0,8,0,8.0,3
5950.0,800.0,180.0,3.0,3.0,2.0,,2,0,7.0,1
4560.0,560.0,100.0,3.0,2.0,2.0,14.0,13,0,7.0,1
3700.0,480.0,100.0,2.0,2.0,2.0,15.0,1,0,7.0,1
2400.0,250.0,65.0,1.0,1.0,1.0,4.0,8,0,7.0,4
4000.0,480.0,90.0,3.0,2.0,1.0,0.0,7,0,7.0,3
4550.0,350.0,100.0,1.0,2.0,1.0,2.0,8,0,7.0,2
2900.0,290.0,50.0,1.0,1.0,1.0,7.0,5,0,8.0,2
6878.0,500.0,187.0,3.0,2.0,2.0,9.0,7,0,7.0,3
2700.0,250.0,60.0,2.0,2.0,0.0,3.0,13,1,8.0,4
2900.0,200.0,70.0,2.0,2.0,1.0,15.0,1,0,7.0,1
2950.0,300.0,60.0,2.0,1.0,1.0,4.0,1,0,8.0,1
2516.0,290.0,58.0,1.0,1.0,1.0,13.0,5,0,7.0,1
1650.0,150.0,40.0,1.0,1.0,2.0,1.0,12,0,7.0,1
5400.0,380.0,100.0,1.0,2.0,1.0,10.0,2,0,7.0,1
4340.0,420.0,120.0,3.0,3.0,2.0,10.0,2,0,7.0,1
4450.0,300.0,105.0,2.0,2.0,1.0,3.0,10,0,7.0,3
4380.0,650.0,160.0,3.0,2.0,1.0,20.0,3,0,7.0,1
3650.0,450.0,117.0,3.0,2.0,1.0,12.0,5,0,7.0,1
2800.0,250.0,63.0,2.0,2.0,1.0,0.0,9,0,7.0,4
3600.0,650.0,120.0,3.0,,1.0,20.0,5,0,7.0,2
1450.0,50.0,25.0,1.0,1.0,0.0,4.0,4,1,7.0,1
2875.0,330.0,74.0,2.0,1.0,1.0,15.0,6,0,7.0,1
1300.0,100.0,20.0,1.0,1.0,1.0,3.0,12,0,7.0,1
3249.0,450.0,100.0,1.0,1.0,1.0,3.0,8,0,7.0,2
3600.0,360.0,111.0,3.0,2.0,0.0,17.0,6,0,7.0,1
3420.0,370.0,110.0,2.0,2.0,1.0,14.0,7,0,7.0,3
6956.0,,180.0,3.0,2.0,2.0,0.0,6,0,7.0,1
4378.0,366.0,134.0,3.0,2.0,2.0,18.0,6,1,7.0,3
3960.0,,80.0,1.0,2.0,1.0,0.0,7,0,7.0,3
4037.0,300.0,100.0,2.0,2.0,1.0,5.0,9,0,7.0,1
5872.0,850.0,149.0,2.0,2.0,2.0,10.0,14,0,7.0,1
4800.0,330.0,81.0,2.0,2.0,0.0,1.0,7,0,7.0,3
5856.0,580.0,170.0,3.0,2.0,2.0,11.0,4,0,7.0,3
5035.0,750.0,150.0,3.0,3.0,2.0,7.0,1,0,7.0,2
10136.0,900.0,232.0,3.0,3.0,3.0,9.0,7,0,7.0,3
4344.0,550.0,115.0,3.0,2.0,2.0,19.0,11,1,8.0,4
3085.0,320.0,70.0,1.0,1.0,1.0,5.0,9,0,8.0,4
3264.0,350.0,118.0,3.0,2.0,1.0,20.0,8,0,8.0,3
4452.0,350.0,88.0,2.0,2.0,1.0,9.0,8,0,7.0,3
2590.0,205.0,74.0,2.0,2.0,1.0,21.0,3,1,7.0,1
8030.0,1100.0,356.0,3.0,2.0,2.0,27.0,8,0,7.0,1
1500.0,90.0,55.0,2.0,1.0,0.0,30.0,16,0,7.0,4
2560.0,332.0,60.0,1.0,1.0,2.0,5.0,9,0,8.0,4
2250.0,,90.0,3.0,2.0,0.0,,1,0,7.0,2
5550.0,322.0,96.0,2.0,2.0,1.0,,13,1,8.0,4
2400.0,204.0,50.0,1.0,1.0,1.0,8.0,7,1,7.0,1
10370.0,,480.0,4.0,3.0,2.0,15.0,6,0,7.0,1
3400.0,180.0,110.0,2.0,2.0,0.0,10.0,5,0,7.0,1
1850.0,150.0,60.0,2.0,1.0,0.0,35.0,5,0,7.0,1
2808.0,400.0,110.0,3.0,2.0,1.0,9.0,4,0,7.0,4
4380.0,550.0,150.0,3.0,4.0,1.0,,4,1,7.0,1
2920.0,260.0,60.0,2.0,2.0,1.0,16.0,9,0,7.0,4
2940.0,250.0,106.0,2.0,1.0,1.0,32.0,8,0,7.0,1
3700.0,400.0,137.0,3.0,3.0,1.0,50.0,4,0,7.0,2
5110.0,690.0,97.0,2.0,1.0,2.0,,11,0,7.0,1
3496.0,370.0,110.0,3.0,2.0,1.0,10.0,1,1,7.0,1
2340.0,475.0,60.0,1.0,1.0,1.0,12.0,5,0,7.0,1
2000.0,230.0,50.0,1.0,,0.0,28.0,7,0,7.0,3
3000.0,163.0,63.0,2.0,2.0,0.0,0.0,4,0,7.0,3
2100.0,,69.0,3.0,2.0,0.0,0.0,7,0,7.0,4
4900.0,510.0,130.0,3.0,2.0,2.0,9.0,0,0,7.0,1
3258.0,180.0,170.0,3.0,2.0,1.0,,4,0,7.0,1
1900.0,,40.0,1.0,1.0,0.0,,9,0,7.0,1
3000.0,,200.0,5.0,2.0,0.0,20.0,11,0,7.0,2
8700.0,1072.0,235.0,3.0,3.0,2.0,30.0,2,0,7.0,1
2370.0,219.0,50.0,1.0,1.0,1.0,,8,0,7.0,3
10220.0,1100.0,200.0,3.0,3.0,3.0,10.0,5,0,7.0,1
2000.0,,65.0,1.0,1.0,1.0,9.0,0,0,7.0,1
2600.0,210.0,50.0,1.0,1.0,0.0,7.0,16,0,7.0,3
4745.0,950.0,130.0,3.0,2.0,1.0,14.0,6,0,7.0,1
10860.0,1300.0,180.0,3.0,2.0,2.0,3.0,3,0,7.0,1
2715.0,350.0,100.0,3.0,2.0,1.0,20.0,3,1,7.0,1
4000.0,350.0,110.0,3.0,2.0,1.0,19.0,7,0,7.0,3
3780.0,350.0,90.0,2.0,1.0,1.0,15.0,4,1,7.0,1
3475.0,,65.0,2.0,2.0,1.0,15.0,6,1,7.0,1
2800.0,500.0,60.0,2.0,2.0,1.0,1.0,12,0,7.0,2
2400.0,325.0,90.0,2.0,2.0,1.0,0.0,3,0,7.0,1
2600.0,220.0,42.0,1.0,1.0,0.0,0.0,6,0,8.0,1
2100.0,,55.0,1.0,2.0,1.0,5.0,9,0,8.0,4
10450.0,1682.0,267.0,3.0,3.0,2.0,24.0,3,0,7.0,1
1900.0,,40.0,1.0,1.0,0.0,12.0,17,0,7.0,4
3650.0,538.0,105.0,3.0,2.0,2.0,6.0,9,0,8.0,4
