precio_pen,mantenimiento_soles,area_m2,num_dorm,num_banios,num_estac,antiguedad,num_colegios_prox,num_hospitales_prox,total_ambientes,tiene_estac,tamano_cod,antiguedad_cod,nivel_socioeconomico_cod,total_servicios_prox,zona_funcional_cod
1750.0,250.0,74.0,3.0,3.0,,0.0,2,0,6.0,0,2.0,1.0,3.0,2,2
1674.0,,32.0,1.0,1.0,,6.0,12,4,2.0,0,1.0,2.0,3.0,18,2
2100.0,180.0,54.0,1.0,1.0,,0.0,12,4,2.0,0,2.0,1.0,3.0,19,2
6480.0,450.0,411.0,4.0,3.0,2.0,8.0,4,1,7.0,1,3.0,2.0,3.0,6,2
3895.0,,90.0,2.0,3.0,1.0,0.0,13,0,5.0,1,2.0,1.0,3.0,13,2
2000.0,,90.0,3.0,1.0,,15.0,7,0,4.0,0,2.0,2.0,2.0,7,7
2000.0,190.0,55.0,1.0,1.0,1.0,6.0,14,0,2.0,1,2.0,2.0,2.0,14,8
2800.0,280.0,92.0,3.0,2.0,1.0,9.0,9,1,5.0,1,2.0,2.0,3.0,11,4
2700.0,,54.0,2.0,2.0,,0.0,11,1,4.0,0,2.0,1.0,3.0,13,4
1200.0,,85.0,3.0,1.0,,10.0,12,1,4.0,0,2.0,2.0,3.0,13,5
2900.0,300.0,67.0,2.0,2.0,,1.0,28,3,4.0,0,2.0,1.0,2.0,32,4
3200.0,350.0,70.0,2.0,2.0,1.0,3.0,6,1,4.0,1,2.0,1.0,2.0,7,4
1600.0,200.0,55.0,2.0,2.0,1.0,5.0,4,0,4.0,1,2.0,1.0,2.0,4,7
1900.0,70.0,74.0,2.0,1.0,,10.0,13,3,3.0,0,2.0,2.0,2.0,16,4
2800.0,480.0,115.0,1.0,2.0,1.0,4.0,3,0,3.0,1,3.0,1.0,1.0,3,4
2800.0,200.0,67.0,1.0,1.0,1.0,1.0,10,0,2.0,1,2.0,1.0,2.0,10,4
2000.0,180.0,65.0,3.0,2.0,,0.0,8,0,5.0,0,2.0,1.0,3.0,9,2
2300.0,220.0,77.0,3.0,2.0,,6.0,19,0,5.0,0,2.0,2.0,2.0,19,4
2200.0,250.0,44.0,1.0,1.0,,0.0,14,3,2.0,0,1.0,1.0,2.0,17,4
2550.0,300.0,80.0,3.0,2.0,1.0,3.0,15,2,5.0,1,2.0,1.0,2.0,17,4
1550.0,200.0,54.0,2.0,2.0,,3.0,10,0,4.0,0,2.0,1.0,3.0,10,2
1650.0,120.0,28.0,1.0,1.0,,9.0,15,4,2.0,0,1.0,2.0,3.0,19,2
2400.0,260.0,60.0,2.0,2.0,,3.0,3,0,4.0,0,2.0,1.0,3.0,3,2
1450.0,70.0,55.0,2.0,1.0,,10.0,14,1,3.0,0,2.0,2.0,2.0,15,8
3145.0,160.0,135.0,3.0,2.0,2.0,41.0,7,2,5.0,1,3.0,3.0,1.0,9,4
2500.0,260.0,72.0,3.0,2.0,1.0,0.0,7,2,5.0,1,2.0,1.0,2.0,9,4
2400.0,200.0,74.0,3.0,2.0,1.0,11.0,14,0,5.0,1,2.0,2.0,2.0,15,4
2701.0,220.0,85.0,3.0,2.0,1.0,0.0,8,3,5.0,1,2.0,1.0,3.0,11,4
1500.0,200.0,75.0,3.0,1.0,,8.0,15,3,4.0,0,2.0,2.0,2.0,18,8
2800.0,190.0,190.0,3.0,2.0,,11.0,12,1,5.0,0,3.0,2.0,2.0,13,4
2000.0,160.0,50.0,1.0,1.0,,6.0,10,0,2.0,0,1.0,2.0,3.0,11,4
3066.0,,103.0,2.0,2.0,1.0,41.0,8,3,4.0,1,3.0,3.0,1.0,13,4
2000.0,200.0,70.0,2.0,2.0,1.0,,8,2,4.0,1,2.0,,3.0,12,4
1700.0,,40.0,1.0,1.0,,15.0,12,0,2.0,0,1.0,2.0,2.0,13,4
980.0,,30.0,1.0,1.0,,1.0,0,0,2.0,0,1.0,1.0,2.0,0,8
1100.0,120.0,50.0,3.0,1.0,1.0,,9,0,4.0,1,1.0,,3.0,9,5
2560.0,170.0,53.0,1.0,1.0,,8.0,25,1,2.0,0,2.0,2.0,2.0,26,4
2400.0,100.0,72.0,2.0,1.0,1.0,,12,1,3.0,1,2.0,,3.0,15,4
5040.0,,100.0,2.0,2.0,1.0,6.0,19,4,4.0,1,2.0,2.0,2.0,23,4
3350.0,269.0,75.0,2.0,2.0,1.0,5.0,19,4,4.0,1,2.0,1.0,2.0,23,4
3680.0,100.0,100.0,3.0,2.0,1.0,7.0,4,0,5.0,1,2.0,2.0,2.0,4,4
2100.0,,100.0,3.0,3.0,1.0,10.0,16,3,6.0,1,2.0,2.0,2.0,19,4
2600.0,330.0,120.0,3.0,2.0,,10.0,12,0,5.0,0,3.0,2.0,2.0,12,4
1500.0,,80.0,2.0,1.0,1.0,1.0,22,1,3.0,1,2.0,1.0,3.0,23,5
2100.0,280.0,58.0,2.0,1.0,1.0,,6,0,3.0,1,2.0,,3.0,6,4
2500.0,250.0,74.0,3.0,2.0,1.0,7.0,8,0,5.0,1,2.0,2.0,2.0,8,8
1700.0,,80.0,2.0,2.0,,10.0,5,0,4.0,0,2.0,2.0,1.0,5,3
2200.0,200.0,62.0,2.0,1.0,,1.0,11,1,3.0,0,2.0,1.0,2.0,12,4
2300.0,,52.0,2.0,2.0,,4.0,18,3,4.0,0,2.0,1.0,2.0,21,4
1600.0,,75.0,2.0,,,25.0,14,0,,0,2.0,3.0,3.0,15,2
900.0,,30.0,1.0,1.0,,1.0,18,1,2.0,0,1.0,1.0,3.0,21,2
1600.0,300.0,48.0,2.0,2.0,,0.0,7,3,4.0,0,1.0,1.0,2.0,10,7
2500.0,210.0,80.0,2.0,3.0,1.0,,16,3,5.0,1,2.0,,2.0,19,4
1700.0,30.0,75.0,2.0,,,15.0,9,0,,0,2.0,2.0,1.0,10,3
1550.0,,70.0,2.0,1.0,1.0,15.0,6,1,3.0,1,2.0,2.0,3.0,7,2
2700.0,10.0,70.0,2.0,2.0,,2.0,14,0,4.0,0,2.0,1.0,2.0,14,4
1400.0,130.0,65.0,3.0,2.0,,2.0,0,0,5.0,0,2.0,1.0,3.0,0,2
2800.0,300.0,84.0,3.0,2.0,1.0,4.0,16,1,5.0,1,2.0,1.0,3.0,17,4
2200.0,80.0,100.0,2.0,2.0,,4.0,22,0,4.0,0,2.0,1.0,2.0,23,7
2400.0,350.0,82.0,3.0,2.0,1.0,10.0,0,0,5.0,1,2.0,2.0,2.0,0,8
2100.0,10.0,90.0,3.0,2.0,,,2,3,5.0,0,2.0,,2.0,6,4
1700.0,,31.0,1.0,1.0,,5.0,10,3,2.0,0,1.0,1.0,2.0,13,4
2100.0,280.0,40.0,1.0,1.0,,4.0,12,2,2.0,0,1.0,1.0,3.0,16,4
1200.0,,50.0,2.0,1.0,,1.0,14,5,3.0,0,1.0,1.0,2.0,19,4
1500.0,,60.0,2.0,1.0,,1.0,13,6,3.0,0,2.0,1.0,2.0,19,4
1900.0,200.0,45.0,1.0,1.0,,0.0,23,4,2.0,0,1.0,1.0,2.0,27,4
900.0,,30.0,1.0,1.0,,1.0,15,0,2.0,0,1.0,1.0,3.0,15,2
1750.0,1.0,60.0,1.0,1.0,,14.0,3,0,2.0,0,2.0,2.0,1.0,3,3
1700.0,,1.0,3.0,3.0,,1.0,16,3,6.0,0,1.0,1.0,2.0,19,4
1750.0,160.0,70.0,3.0,2.0,,,0,0,5.0,0,2.0,,2.0,0,8
1200.0,,30.0,1.0,1.0,,1.0,11,3,2.0,0,1.0,1.0,1.0,16,4
1200.0,,60.0,2.0,1.0,,1.0,18,1,3.0,0,2.0,1.0,3.0,21,2
1690.0,,70.0,2.0,1.0,,1.0,8,0,3.0,0,2.0,1.0,3.0,8,2
1400.0,,50.0,1.0,1.0,,1.0,8,0,2.0,0,1.0,1.0,2.0,10,4
2700.0,320.0,72.0,3.0,2.0,1.0,0.0,10,0,5.0,1,2.0,1.0,3.0,10,4
1700.0,165.0,40.0,1.0,1.0,,1.0,16,0,2.0,0,1.0,1.0,2.0,17,8
4347.0,,93.0,2.0,2.0,2.0,10.0,8,1,4.0,1,2.0,2.0,1.0,13,4
2000.0,287.0,70.0,3.0,2.0,1.0,8.0,8,0,5.0,1,2.0,2.0,2.0,9,7
3200.0,50.0,250.0,6.0,4.0,,5.0,0,0,10.0,0,3.0,1.0,2.0,0,6
2050.0,230.0,70.0,2.0,,,5.0,17,1,,0,2.0,1.0,3.0,19,2
1650.0,190.0,33.0,1.0,1.0,,4.0,16,0,2.0,0,1.0,1.0,2.0,17,8
2300.0,300.0,75.0,3.0,2.0,,4.0,16,0,5.0,0,2.0,1.0,2.0,17,8
1700.0,140.0,45.0,1.0,1.0,,7.0,10,0,2.0,0,1.0,2.0,2.0,10,8
1490.0,,150.0,3.0,1.0,,5.0,14,0,4.0,0,3.0,1.0,3.0,16,5
1600.0,100.0,40.0,1.0,1.0,,10.0,6,0,2.0,0,1.0,2.0,1.0,6,4
890.0,120.0,65.0,3.0,2.0,,2.0,3,0,5.0,0,2.0,1.0,3.0,3,5
1590.0,,100.0,2.0,1.0,,10.0,0,0,3.0,0,2.0,2.0,3.0,0,1
1290.0,,80.0,3.0,2.0,,5.0,0,0,5.0,0,2.0,1.0,3.0,0,5
1990.0,250.0,57.0,2.0,2.0,,5.0,20,3,4.0,0,2.0,1.0,2.0,23,4
1790.0,190.0,60.0,2.0,2.0,,1.0,7,2,4.0,0,2.0,1.0,2.0,11,7
990.0,130.0,67.0,3.0,2.0,,1.0,17,0,5.0,0,2.0,1.0,3.0,17,5
1500.0,300.0,56.0,2.0,2.0,,0.0,0,0,4.0,0,2.0,1.0,3.0,0,1
1390.0,30.0,90.0,3.0,2.0,,10.0,0,0,5.0,0,2.0,2.0,3.0,0,5
1100.0,,45.0,1.0,,,7.0,11,0,,0,1.0,2.0,2.0,12,4
11400.0,,176.0,3.0,2.0,2.0,3.0,0,0,5.0,1,3.0,1.0,2.0,0,6
1995.0,280.0,53.0,1.0,1.0,,1.0,5,0,2.0,0,2.0,1.0,2.0,5,8
3500.0,250.0,71.0,2.0,2.0,1.0,2.0,5,2,4.0,1,2.0,1.0,2.0,7,4
820.0,130.0,72.0,3.0,1.0,,6.0,3,0,4.0,0,2.0,2.0,3.0,3,5
1600.0,250.0,70.0,3.0,2.0,1.0,7.0,14,1,5.0,1,2.0,2.0,3.0,15,2
1200.0,,30.0,1.0,1.0,,28.0,18,0,2.0,0,1.0,3.0,2.0,18,7
1290.0,150.0,65.0,2.0,2.0,,1.0,10,0,4.0,0,2.0,1.0,3.0,10,5
3470.0,350.0,83.0,2.0,3.0,,9.0,12,0,5.0,0,2.0,2.0,2.0,12,4
800.0,93.0,50.0,2.0,1.0,,,8,0,3.0,0,1.0,,3.0,8,5
2100.0,170.0,94.0,2.0,2.0,1.0,,4,2,4.0,1,2.0,,2.0,8,7
1000.0,,60.0,1.0,1.0,,7.0,2,0,2.0,0,2.0,2.0,3.0,2,3
2150.0,180.0,44.0,1.0,1.0,1.0,0.0,3,5,2.0,1,1.0,1.0,2.0,8,4
3000.0,,102.0,,4.0,,20.0,7,1,,0,3.0,2.0,1.0,8,3
2200.0,230.0,57.0,2.0,2.0,,3.0,6,0,4.0,0,2.0,1.0,3.0,6,4
2000.0,,80.0,3.0,1.0,,26.0,14,0,4.0,0,2.0,3.0,2.0,14,8
2960.0,,77.0,2.0,1.0,1.0,6.0,7,3,3.0,1,2.0,2.0,2.0,10,4
1500.0,150.0,75.0,3.0,1.0,1.0,,8,0,4.0,1,2.0,,3.0,11,5
1400.0,,40.0,1.0,1.0,,1.0,10,0,2.0,0,1.0,1.0,3.0,10,5
2100.0,200.0,80.0,3.0,2.0,,10.0,23,1,5.0,0,2.0,2.0,3.0,25,2
2800.0,300.0,100.0,2.0,2.0,,20.0,6,0,4.0,0,2.0,2.0,1.0,6,4
1200.0,150.0,60.0,3.0,2.0,1.0,6.0,5,0,5.0,1,2.0,2.0,3.0,5,3
3550.0,250.0,82.0,3.0,2.0,,0.0,6,0,5.0,0,2.0,1.0,3.0,6,4
3000.0,360.0,70.0,2.0,,1.0,6.0,0,2,,1,2.0,2.0,2.0,2,4
1400.0,,80.0,2.0,1.0,,4.0,1,0,3.0,0,2.0,1.0,2.0,1,3
2800.0,300.0,110.0,3.0,2.0,,12.0,13,1,5.0,0,3.0,2.0,3.0,15,4
1800.0,175.0,58.0,2.0,2.0,1.0,5.0,10,0,4.0,1,2.0,1.0,2.0,10,8
1000.0,,60.0,2.0,1.0,,,13,0,3.0,0,2.0,,3.0,13,3
2500.0,150.0,70.0,2.0,2.0,,6.0,0,0,4.0,0,2.0,2.0,2.0,0,4
1500.0,,104.0,3.0,2.0,,0.0,7,0,5.0,0,3.0,1.0,4.0,7,7
1800.0,,54.0,2.0,2.0,2.0,4.0,1,0,4.0,1,2.0,1.0,4.0,1,7
2390.0,,50.0,1.0,1.0,,0.0,25,2,2.0,0,1.0,1.0,2.0,27,4
2600.0,449.0,80.0,3.0,2.0,2.0,,19,2,5.0,1,2.0,,2.0,21,4
2500.0,250.0,73.0,3.0,2.0,1.0,0.0,13,6,5.0,1,2.0,1.0,2.0,19,4
1000.0,,45.0,2.0,1.0,,0.0,16,0,3.0,0,1.0,1.0,3.0,16,5
3213.0,200.0,95.0,2.0,2.0,1.0,18.0,4,0,4.0,1,2.0,2.0,1.0,4,3
2350.0,,45.0,1.0,1.0,1.0,2.0,8,3,2.0,1,1.0,1.0,2.0,11,4
2600.0,,79.0,3.0,2.0,,,16,1,5.0,0,2.0,,2.0,17,8
2600.0,280.0,55.0,2.0,2.0,,0.0,11,1,4.0,0,2.0,1.0,3.0,13,4
2200.0,60.0,75.0,3.0,2.0,,,8,0,5.0,0,2.0,,2.0,8,8
900.0,,,1.0,1.0,,0.0,27,1,2.0,0,,1.0,3.0,29,2
2800.0,120.0,69.0,2.0,2.0,1.0,10.0,3,0,4.0,1,2.0,2.0,1.0,4,4
5500.0,200.0,89.0,3.0,2.0,1.0,4.0,2,0,5.0,1,2.0,1.0,2.0,2,6
1800.0,150.0,43.0,1.0,1.0,,5.0,9,0,2.0,0,1.0,1.0,3.0,10,4
1500.0,,160.0,3.0,2.0,,4.0,5,3,5.0,0,3.0,1.0,3.0,8,3
2250.0,200.0,100.0,2.0,2.0,,5.0,15,2,4.0,0,2.0,1.0,2.0,17,4
2000.0,,85.0,3.0,2.0,1.0,0.0,18,1,5.0,1,2.0,1.0,3.0,19,5
2400.0,,70.0,3.0,2.0,1.0,1.0,14,2,5.0,1,2.0,1.0,2.0,16,4
2700.0,,60.0,2.0,2.0,,6.0,14,5,4.0,0,2.0,2.0,2.0,19,4
5530.0,450.0,180.0,3.0,3.0,1.0,53.0,12,0,6.0,1,3.0,3.0,2.0,12,4
1400.0,,55.0,2.0,1.0,,,18,2,3.0,0,2.0,,2.0,20,4
2400.0,130.0,69.0,3.0,2.0,1.0,12.0,12,1,5.0,1,2.0,2.0,3.0,13,4
2200.0,,156.0,4.0,1.0,,10.0,9,0,5.0,0,3.0,2.0,2.0,9,7
1550.0,,60.0,2.0,1.0,,10.0,8,3,3.0,0,2.0,2.0,1.0,13,4
3000.0,250.0,68.0,3.0,2.0,,0.0,14,3,5.0,0,2.0,1.0,2.0,17,4
2700.0,280.0,73.0,2.0,2.0,2.0,3.0,7,1,4.0,1,2.0,1.0,3.0,8,4
1800.0,,90.0,3.0,,,20.0,5,0,,0,2.0,2.0,1.0,6,3
3000.0,,,,,,,14,5,,0,,,2.0,19,4
2500.0,250.0,70.0,2.0,,1.0,2.0,6,1,,1,2.0,1.0,3.0,7,4
3290.0,350.0,114.0,3.0,2.0,1.0,5.0,8,5,5.0,1,3.0,1.0,2.0,13,4
1900.0,150.0,45.0,2.0,1.0,,,0,0,3.0,0,1.0,,2.0,0,8
2800.0,180.0,72.0,3.0,2.0,1.0,0.0,24,6,5.0,1,2.0,1.0,2.0,30,4
1400.0,,58.0,1.0,1.0,,3.0,11,0,2.0,0,2.0,1.0,1.0,12,4
2600.0,300.0,70.0,3.0,2.0,1.0,,9,0,5.0,1,2.0,,3.0,9,4
1500.0,1.0,53.0,2.0,2.0,,2.0,12,0,4.0,0,2.0,1.0,2.0,12,7
1450.0,,40.0,1.0,1.0,,10.0,15,1,2.0,0,1.0,2.0,2.0,18,4
1300.0,10.0,55.0,2.0,1.0,1.0,,0,0,3.0,1,2.0,,3.0,0,2
4200.0,200.0,130.0,3.0,1.0,1.0,10.0,8,3,4.0,1,3.0,2.0,1.0,13,4
2200.0,,45.0,1.0,1.0,1.0,,0,0,2.0,1,1.0,,2.0,0,4
1500.0,,60.0,,,,20.0,11,0,,0,2.0,2.0,2.0,11,7
2199.0,170.0,64.0,1.0,2.0,,7.0,16,3,3.0,0,2.0,2.0,2.0,19,4
1300.0,,58.0,1.0,1.0,,17.0,7,0,2.0,0,2.0,2.0,2.0,7,7
4400.0,,125.0,3.0,2.0,1.0,10.0,8,2,5.0,1,3.0,2.0,1.0,12,4
1600.0,140.0,70.0,3.0,2.0,,10.0,10,0,5.0,0,2.0,2.0,2.0,10,8
1000.0,,60.0,1.0,1.0,,10.0,19,0,2.0,0,2.0,2.0,3.0,19,5
1350.0,,70.0,,2.0,,10.0,16,1,,0,2.0,2.0,3.0,19,5
1700.0,,75.0,2.0,2.0,,10.0,6,0,4.0,0,2.0,2.0,2.0,7,4
2400.0,70.0,120.0,4.0,2.0,,15.0,12,0,6.0,0,3.0,2.0,3.0,13,4
2700.0,,65.0,3.0,2.0,1.0,3.0,13,4,5.0,1,2.0,1.0,2.0,17,4
3690.0,,129.0,3.0,1.0,1.0,0.0,10,0,4.0,1,3.0,1.0,1.0,10,3
3330.0,210.0,140.0,3.0,2.0,2.0,18.0,3,1,5.0,1,3.0,2.0,1.0,4,3
3500.0,,107.0,3.0,2.0,1.0,12.0,6,0,5.0,1,3.0,2.0,1.0,6,4
990.0,190.0,42.0,1.0,1.0,1.0,1.0,1,0,2.0,1,1.0,1.0,2.0,2,6
2200.0,250.0,87.0,3.0,2.0,1.0,10.0,12,1,5.0,1,2.0,2.0,2.0,14,4
2300.0,300.0,58.0,2.0,2.0,,,18,3,4.0,0,2.0,,2.0,21,4
1400.0,,60.0,1.0,3.0,,1.0,6,0,4.0,0,2.0,1.0,3.0,7,2
2548.0,,40.0,1.0,1.0,,0.0,2,2,2.0,0,1.0,1.0,2.0,4,7
1300.0,,50.0,1.0,1.0,,1.0,4,9,2.0,0,1.0,1.0,1.0,13,4
2200.0,200.0,50.0,1.0,1.0,,2.0,6,1,2.0,0,1.0,1.0,3.0,7,4
2000.0,,40.0,1.0,1.0,,1.0,17,4,2.0,0,1.0,1.0,2.0,21,4
2700.0,,65.0,1.0,2.0,1.0,,3,0,3.0,1,2.0,,2.0,3,4
2100.0,,42.0,1.0,1.0,1.0,4.0,10,0,2.0,1,1.0,1.0,3.0,10,4
2400.0,250.0,69.0,3.0,2.0,,3.0,8,3,5.0,0,2.0,1.0,3.0,13,4
1800.0,150.0,53.0,2.0,2.0,,0.0,0,0,4.0,0,2.0,1.0,2.0,0,8
2500.0,250.0,62.0,3.0,2.0,,0.0,12,6,5.0,0,2.0,1.0,2.0,18,4
2150.0,230.0,50.0,1.0,1.0,1.0,10.0,18,0,2.0,1,1.0,2.0,2.0,18,4
2600.0,280.0,56.0,2.0,2.0,1.0,2.0,18,4,4.0,1,2.0,1.0,2.0,22,4
1600.0,150.0,34.0,1.0,1.0,,0.0,6,0,2.0,0,1.0,1.0,3.0,6,2
1350.0,,50.0,1.0,1.0,,,10,0,2.0,0,1.0,,2.0,10,8
1400.0,,80.0,2.0,1.0,,1.0,5,0,3.0,0,2.0,1.0,2.0,5,8
1500.0,,65.0,,1.0,,1.0,6,0,,0,2.0,1.0,1.0,7,4
2800.0,250.0,115.0,3.0,3.0,1.0,11.0,14,2,6.0,1,3.0,2.0,2.0,16,4
2400.0,340.0,60.0,1.0,1.0,2.0,8.0,7,1,2.0,1,2.0,2.0,2.0,8,4
1300.0,,67.0,2.0,2.0,,1.0,11,0,4.0,0,2.0,1.0,2.0,11,3
1700.0,,70.0,2.0,2.0,,1.0,0,0,4.0,0,2.0,1.0,2.0,0,4
2500.0,,90.0,3.0,2.0,,8.0,12,1,5.0,0,2.0,2.0,2.0,13,8
3400.0,270.0,78.0,3.0,2.0,1.0,3.0,17,2,5.0,1,2.0,1.0,2.0,19,4
2200.0,300.0,48.0,2.0,2.0,,0.0,10,1,4.0,0,1.0,1.0,3.0,11,2
800.0,,50.0,3.0,1.0,,,13,0,4.0,0,1.0,,3.0,14,5
2500.0,300.0,53.0,2.0,2.0,,0.0,7,2,4.0,0,2.0,1.0,3.0,9,4
1350.0,50.0,48.0,2.0,1.0,,19.0,11,0,3.0,0,1.0,2.0,2.0,11,4
2700.0,230.0,67.0,2.0,2.0,1.0,0.0,28,3,4.0,1,2.0,1.0,2.0,32,4
1900.0,300.0,72.0,1.0,2.0,,8.0,10,0,3.0,0,2.0,2.0,3.0,11,4
1350.0,30.0,65.0,2.0,1.0,,12.0,1,0,3.0,0,2.0,2.0,4.0,1,7
2500.0,,35.0,1.0,1.0,1.0,0.0,8,4,2.0,1,1.0,1.0,1.0,14,4
5850.0,1100.0,248.0,3.0,2.0,2.0,17.0,4,0,5.0,1,3.0,2.0,2.0,4,7
1400.0,200.0,50.0,1.0,1.0,,10.0,10,1,2.0,0,1.0,2.0,2.0,11,4
1800.0,,80.0,3.0,2.0,,0.0,18,1,5.0,0,2.0,1.0,3.0,19,5
2500.0,,83.0,3.0,2.0,1.0,5.0,10,1,5.0,1,2.0,1.0,2.0,11,4
2600.0,,83.0,3.0,2.0,1.0,,14,1,5.0,1,2.0,,2.0,16,4
6270.0,450.0,165.0,2.0,2.0,2.0,10.0,3,7,4.0,1,3.0,2.0,1.0,10,4
3000.0,,101.0,4.0,3.0,,12.0,28,3,7.0,0,3.0,2.0,2.0,32,4
800.0,,100.0,2.0,1.0,,14.0,22,0,3.0,0,2.0,2.0,4.0,23,5
850.0,20.0,74.0,2.0,1.0,,3.0,15,1,3.0,0,2.0,1.0,4.0,16,7
2300.0,200.0,45.0,2.0,,,0.0,10,0,,0,1.0,1.0,3.0,11,4
1600.0,,55.0,2.0,1.0,,3.0,5,0,3.0,0,2.0,1.0,3.0,5,3
3478.0,530.0,123.0,2.0,2.0,1.0,10.0,3,8,4.0,1,3.0,2.0,1.0,11,4
2900.0,250.0,69.0,2.0,2.0,,,7,2,4.0,0,2.0,,3.0,9,4
2500.0,150.0,80.0,3.0,2.0,1.0,5.0,17,2,5.0,1,2.0,1.0,2.0,19,4
2200.0,250.0,60.0,2.0,1.0,,17.0,17,4,3.0,0,2.0,2.0,2.0,21,4
2700.0,250.0,58.0,2.0,2.0,1.0,0.0,5,1,4.0,1,2.0,1.0,2.0,6,4
2250.0,300.0,74.0,3.0,2.0,1.0,0.0,13,3,5.0,1,2.0,1.0,2.0,17,4
2600.0,,65.0,2.0,2.0,,0.0,6,2,4.0,0,2.0,1.0,3.0,8,4
3350.0,200.0,81.0,3.0,2.0,1.0,0.0,7,1,5.0,1,2.0,1.0,3.0,8,4
3000.0,200.0,86.0,3.0,2.0,1.0,2.0,1,0,5.0,1,2.0,1.0,2.0,1,6
2100.0,170.0,42.0,1.0,1.0,1.0,10.0,9,3,2.0,1,1.0,2.0,2.0,12,8
1480.0,150.0,63.0,2.0,1.0,,,26,3,3.0,0,2.0,,3.0,29,5
2600.0,380.0,82.0,2.0,2.0,1.0,9.0,17,4,4.0,1,2.0,2.0,2.0,21,4
2300.0,200.0,48.0,1.0,1.0,1.0,4.0,3,0,2.0,1,1.0,1.0,2.0,3,4
1900.0,220.0,70.0,3.0,2.0,,0.0,17,1,5.0,0,2.0,1.0,3.0,18,2
2000.0,180.0,55.0,1.0,1.0,,2.0,11,1,2.0,0,2.0,1.0,2.0,12,4
2200.0,,112.0,3.0,2.0,1.0,0.0,19,0,5.0,1,3.0,1.0,2.0,19,7
2200.0,205.0,46.0,1.0,1.0,,4.0,24,2,2.0,0,1.0,1.0,2.0,26,4
1660.0,220.0,55.0,2.0,2.0,,,0,0,4.0,0,2.0,,2.0,0,8
1600.0,,38.0,1.0,1.0,1.0,0.0,0,0,2.0,1,1.0,1.0,2.0,0,8
1800.0,300.0,43.0,1.0,1.0,,1.0,12,1,2.0,0,1.0,1.0,3.0,13,4
2000.0,1.0,94.0,2.0,1.0,1.0,30.0,13,6,3.0,1,2.0,3.0,2.0,19,4
2500.0,,59.0,2.0,2.0,,8.0,13,3,4.0,0,2.0,2.0,2.0,16,4
5500.0,600.0,180.0,3.0,2.0,2.0,10.0,6,0,5.0,1,3.0,2.0,1.0,6,4
1600.0,120.0,63.0,3.0,2.0,,10.0,7,2,5.0,0,2.0,2.0,2.0,10,7
2100.0,115.0,47.0,1.0,2.0,,1.0,11,3,3.0,0,1.0,1.0,2.0,14,4
2250.0,200.0,76.0,3.0,2.0,,10.0,15,0,5.0,0,2.0,2.0,2.0,16,4
1400.0,,75.0,3.0,2.0,,0.0,18,1,5.0,0,2.0,1.0,3.0,19,5
1100.0,,63.0,3.0,2.0,,3.0,2,0,5.0,0,2.0,1.0,3.0,2,5
1700.0,,86.0,2.0,1.0,,,17,0,3.0,0,2.0,,3.0,18,2
2100.0,180.0,47.0,1.0,1.0,,2.0,17,2,2.0,0,1.0,1.0,2.0,19,4
1900.0,,75.0,2.0,1.0,,20.0,11,0,3.0,0,2.0,2.0,1.0,11,3
1400.0,140.0,51.0,2.0,1.0,1.0,2.0,0,0,3.0,1,2.0,1.0,3.0,0,2
2960.0,,50.0,1.0,1.0,1.0,2.0,8,1,2.0,1,1.0,1.0,2.0,9,4
2900.0,220.0,72.0,3.0,2.0,,13.0,13,0,5.0,0,2.0,2.0,2.0,13,4
2300.0,,84.0,3.0,3.0,,15.0,12,2,6.0,0,2.0,2.0,2.0,14,4
1400.0,,52.0,2.0,1.0,,14.0,8,0,3.0,0,2.0,2.0,1.0,8,3
1900.0,,48.0,1.0,1.0,1.0,8.0,1,0,2.0,1,1.0,2.0,2.0,1,4
2100.0,180.0,87.0,3.0,2.0,,0.0,18,1,5.0,0,2.0,1.0,3.0,19,5
2000.0,,68.0,2.0,2.0,1.0,12.0,13,2,4.0,1,2.0,2.0,2.0,16,4
1500.0,100.0,40.0,1.0,1.0,,1.0,0,0,2.0,0,1.0,1.0,2.0,0,8
1000.0,,50.0,,1.0,,13.0,18,0,,0,1.0,2.0,2.0,19,7
960.0,,25.0,1.0,1.0,,7.0,13,4,2.0,0,1.0,2.0,2.0,17,4
1500.0,,55.0,1.0,1.0,,5.0,12,5,2.0,0,2.0,1.0,2.0,17,4
1200.0,,75.0,2.0,1.0,,20.0,1,0,3.0,0,2.0,2.0,3.0,1,1
2000.0,,53.0,2.0,2.0,1.0,0.0,9,2,4.0,1,2.0,1.0,2.0,11,4
3927.0,240.0,118.0,2.0,3.0,2.0,14.0,16,3,5.0,1,3.0,2.0,2.0,19,4
1800.0,,65.0,2.0,2.0,,0.0,18,1,4.0,0,2.0,1.0,3.0,19,5
1500.0,,75.0,1.0,1.0,,10.0,11,0,2.0,0,2.0,2.0,4.0,11,7
2050.0,200.0,87.0,2.0,2.0,1.0,9.0,26,3,4.0,1,2.0,2.0,2.0,29,4
3000.0,,100.0,2.0,2.0,1.0,4.0,13,0,4.0,1,2.0,1.0,3.0,13,4
1300.0,100.0,100.0,3.0,2.0,1.0,1.0,2,0,5.0,1,2.0,1.0,4.0,2,5
2200.0,180.0,66.0,2.0,2.0,,,8,3,4.0,0,2.0,,2.0,11,4
1400.0,,50.0,2.0,1.0,,15.0,8,0,3.0,0,1.0,2.0,2.0,8,7
1500.0,200.0,80.0,2.0,2.0,,1.0,9,0,4.0,0,2.0,1.0,2.0,9,7
2100.0,,61.0,2.0,2.0,,1.0,2,1,4.0,0,2.0,1.0,2.0,3,8
1000.0,,60.0,2.0,1.0,,13.0,19,0,3.0,0,2.0,2.0,3.0,19,5
2909.0,,68.0,2.0,2.0,1.0,3.0,7,1,4.0,1,2.0,1.0,2.0,8,4
1200.0,,170.0,4.0,2.0,,10.0,6,0,6.0,0,3.0,2.0,4.0,6,5
1800.0,190.0,75.0,3.0,2.0,1.0,7.0,9,2,5.0,1,2.0,2.0,2.0,12,7
2904.0,250.0,100.0,3.0,2.0,1.0,1.0,5,0,5.0,1,2.0,1.0,2.0,6,6
5000.0,,170.0,3.0,2.0,1.0,1.0,7,2,5.0,1,3.0,1.0,1.0,11,4
7163.0,730.0,180.0,4.0,2.0,2.0,2.0,8,2,6.0,1,3.0,1.0,1.0,12,4
2500.0,230.0,45.0,2.0,1.0,,1.0,8,0,3.0,0,1.0,1.0,2.0,8,4
2300.0,184.0,44.0,1.0,1.0,1.0,0.0,9,2,2.0,1,1.0,1.0,3.0,13,4
2200.0,150.0,81.0,3.0,2.0,,16.0,18,4,5.0,0,2.0,2.0,2.0,22,4
2500.0,300.0,74.0,3.0,2.0,1.0,6.0,11,0,5.0,1,2.0,2.0,3.0,12,4
2800.0,250.0,180.0,3.0,2.0,1.0,15.0,5,0,5.0,1,3.0,2.0,1.0,6,3
2100.0,,73.0,3.0,2.0,,2.0,2,2,5.0,0,2.0,1.0,2.0,5,7
2000.0,130.0,75.0,3.0,2.0,,5.0,3,0,5.0,0,2.0,1.0,2.0,3,8
2099.0,170.0,80.0,3.0,1.0,,3.0,10,0,4.0,0,2.0,1.0,3.0,10,2
2200.0,240.0,60.0,3.0,1.0,1.0,,21,1,4.0,1,2.0,,2.0,22,4
1680.0,130.0,38.0,1.0,1.0,,1.0,12,3,2.0,0,1.0,1.0,2.0,16,7
2100.0,200.0,81.0,3.0,3.0,,12.0,14,1,6.0,0,2.0,2.0,2.0,15,4
4114.0,650.0,113.0,3.0,2.0,1.0,0.0,8,3,5.0,1,3.0,1.0,1.0,13,4
1850.0,,34.0,1.0,1.0,,5.0,11,3,2.0,0,1.0,1.0,2.0,14,4
2700.0,250.0,85.0,3.0,2.0,,12.0,12,4,5.0,0,2.0,2.0,2.0,16,4
3037.0,180.0,99.0,3.0,2.0,1.0,30.0,6,0,5.0,1,2.0,3.0,1.0,6,3
2500.0,,80.0,2.0,2.0,1.0,7.0,1,0,4.0,1,2.0,2.0,4.0,1,7
2100.0,,120.0,3.0,2.0,,15.0,13,0,5.0,0,3.0,2.0,3.0,13,2
1350.0,100.0,51.0,3.0,,2.0,6.0,3,0,,1,2.0,2.0,3.0,3,5
7600.0,540.0,217.0,3.0,3.0,1.0,5.0,28,3,6.0,1,3.0,1.0,2.0,32,4
1100.0,,50.0,3.0,1.0,,15.0,7,0,4.0,0,1.0,2.0,2.0,7,7
5100.0,550.0,170.0,3.0,2.0,1.0,0.0,5,0,5.0,1,3.0,1.0,1.0,5,4
3600.0,,200.0,2.0,2.0,1.0,1.0,0,0,4.0,1,3.0,1.0,2.0,0,7
1300.0,,75.0,2.0,1.0,,8.0,11,1,3.0,0,2.0,2.0,3.0,12,5
1250.0,50.0,70.0,2.0,1.0,,0.0,4,0,3.0,0,2.0,1.0,2.0,5,6
1200.0,40.0,80.0,2.0,1.0,,20.0,11,1,3.0,0,2.0,2.0,3.0,12,5
1500.0,150.0,75.0,3.0,2.0,,7.0,11,0,5.0,0,2.0,2.0,2.0,11,7
1200.0,,55.0,1.0,2.0,,10.0,7,0,3.0,0,2.0,2.0,3.0,7,3
850.0,,35.0,1.0,1.0,,1.0,18,0,2.0,0,1.0,1.0,3.0,18,5
2500.0,300.0,72.0,3.0,2.0,,2.0,9,0,5.0,0,2.0,1.0,2.0,9,8
11250.0,,700.0,,,,30.0,0,1,,0,3.0,3.0,1.0,1,3
3000.0,,40.0,1.0,1.0,1.0,0.0,7,5,2.0,1,1.0,1.0,2.0,12,4
2400.0,,97.0,2.0,2.0,,15.0,8,1,4.0,0,2.0,2.0,3.0,9,4
1350.0,128.0,87.0,2.0,2.0,,0.0,9,0,4.0,0,2.0,1.0,3.0,10,2
6290.0,1000.0,195.0,3.0,2.0,2.0,12.0,0,0,5.0,1,3.0,2.0,4.0,0,7
4392.0,800.0,103.0,,1.0,1.0,9.0,20,0,,1,3.0,2.0,3.0,21,2
4800.0,380.0,133.0,,,2.0,9.0,15,1,,1,3.0,2.0,2.0,16,4
850.0,1.0,80.0,2.0,1.0,,0.0,13,0,3.0,0,2.0,1.0,4.0,14,5
11020.0,840.0,310.0,4.0,5.0,2.0,10.0,1,0,9.0,1,3.0,2.0,1.0,1,4
4070.0,210.0,120.0,3.0,1.0,1.0,12.0,3,1,4.0,1,3.0,2.0,1.0,4,3
8947.0,140.0,47.0,1.0,1.0,1.0,1.0,1,2,2.0,1,1.0,1.0,2.0,3,4
3700.0,300.0,106.0,3.0,2.0,2.0,0.0,0,0,5.0,1,3.0,1.0,2.0,0,6
900.0,,111.0,3.0,2.0,,12.0,16,0,5.0,0,3.0,2.0,4.0,16,5
4440.0,1300.0,169.0,3.0,3.0,,3.0,0,0,6.0,0,3.0,1.0,2.0,0,6
6418.0,800.0,170.0,3.0,3.0,2.0,12.0,0,0,6.0,1,3.0,2.0,1.0,0,3
9500.0,800.0,340.0,4.0,5.0,2.0,9.0,3,0,9.0,1,3.0,2.0,1.0,4,4
11160.0,1650.0,490.0,3.0,5.0,3.0,16.0,3,0,8.0,1,3.0,2.0,1.0,4,4
1700.0,,109.0,3.0,2.0,,9.0,19,0,5.0,0,3.0,2.0,3.0,19,5
2600.0,200.0,80.0,3.0,3.0,1.0,5.0,23,6,6.0,1,2.0,1.0,3.0,29,2
2300.0,,74.0,2.0,1.0,,3.0,8,2,3.0,0,2.0,1.0,3.0,11,2
2550.0,150.0,71.0,3.0,2.0,,0.0,9,2,5.0,0,2.0,1.0,3.0,11,2
2100.0,,45.0,1.0,1.0,1.0,1.0,6,0,2.0,1,1.0,1.0,3.0,7,2
2600.0,,250.0,4.0,2.0,2.0,10.0,0,0,6.0,1,3.0,2.0,2.0,0,7
1800.0,120.0,70.0,2.0,1.0,1.0,20.0,15,0,3.0,1,2.0,2.0,2.0,15,7
3200.0,100.0,160.0,3.0,4.0,,10.0,11,1,7.0,0,3.0,2.0,2.0,12,4
2500.0,257.0,94.0,2.0,2.0,1.0,18.0,2,0,4.0,1,2.0,2.0,1.0,2,3
1900.0,100.0,83.0,2.0,,,,10,2,,0,2.0,,2.0,12,8
10800.0,,155.0,3.0,2.0,2.0,14.0,0,0,5.0,1,3.0,2.0,2.0,1,6
1750.0,90.0,48.0,1.0,1.0,,4.0,12,0,2.0,0,1.0,1.0,3.0,12,4
4125.0,,83.0,3.0,3.0,2.0,3.0,0,0,6.0,1,2.0,1.0,2.0,0,6
1100.0,60.0,30.0,2.0,1.0,,3.0,13,2,3.0,0,1.0,1.0,1.0,15,3
1550.0,60.0,70.0,2.0,1.0,,0.0,13,1,3.0,0,2.0,1.0,1.0,14,3
2600.0,300.0,98.0,2.0,2.0,1.0,10.0,15,0,4.0,1,2.0,2.0,2.0,15,4
900.0,,55.0,2.0,1.0,,7.0,17,0,3.0,0,2.0,2.0,3.0,17,5
1500.0,,65.0,2.0,1.0,,,0,0,3.0,0,2.0,,2.0,0,8
2400.0,230.0,80.0,3.0,2.0,1.0,14.0,7,1,5.0,1,2.0,2.0,3.0,9,4
3650.0,460.0,145.0,3.0,2.0,1.0,10.0,7,1,5.0,1,3.0,2.0,3.0,8,4
830.0,,56.0,3.0,2.0,,2.0,13,0,5.0,0,2.0,1.0,3.0,14,5
1250.0,50.0,47.0,2.0,1.0,,10.0,12,2,3.0,0,1.0,2.0,1.0,14,3
2201.0,200.0,59.0,3.0,2.0,,2.0,11,0,5.0,0,2.0,1.0,3.0,11,2
2162.0,200.0,61.0,2.0,2.0,,2.0,11,0,4.0,0,2.0,1.0,3.0,11,2
2151.0,200.0,63.0,2.0,2.0,,2.0,11,0,4.0,0,2.0,1.0,3.0,11,2
1900.0,1.0,40.0,1.0,1.0,1.0,2.0,8,1,2.0,1,1.0,1.0,3.0,9,4
2800.0,300.0,75.0,2.0,2.0,1.0,2.0,0,2,4.0,1,2.0,1.0,2.0,2,4
1500.0,,75.0,2.0,1.0,,2.0,8,3,3.0,0,2.0,1.0,3.0,11,3
1150.0,100.0,65.0,3.0,1.0,,8.0,15,1,4.0,0,2.0,2.0,3.0,16,5
2400.0,200.0,72.0,2.0,3.0,,0.0,13,1,5.0,0,2.0,1.0,3.0,14,4
1750.0,200.0,80.0,2.0,1.0,,15.0,9,1,3.0,0,2.0,2.0,1.0,10,3
1280.0,50.0,57.0,2.0,1.0,,1.0,12,1,3.0,0,2.0,1.0,2.0,14,7
2500.0,,240.0,5.0,2.0,1.0,13.0,0,1,7.0,1,3.0,2.0,4.0,1,3
2200.0,120.0,118.0,3.0,3.0,1.0,13.0,15,1,6.0,1,3.0,2.0,2.0,17,7
1950.0,170.0,41.0,1.0,1.0,,5.0,11,0,2.0,0,1.0,1.0,3.0,13,2
2700.0,350.0,100.0,3.0,2.0,1.0,10.0,8,1,5.0,1,2.0,2.0,3.0,9,4
1300.0,60.0,80.0,2.0,2.0,,1.0,16,0,4.0,0,2.0,1.0,3.0,17,5
1400.0,,45.0,1.0,1.0,,10.0,17,1,2.0,0,1.0,2.0,2.0,18,4
3050.0,360.0,70.0,2.0,2.0,1.0,3.0,0,2,4.0,1,2.0,1.0,2.0,2,4
2200.0,150.0,44.0,1.0,1.0,,0.0,13,2,2.0,0,1.0,1.0,2.0,15,4
2730.0,180.0,70.0,2.0,2.0,1.0,0.0,10,0,4.0,1,2.0,1.0,3.0,11,4
1900.0,170.0,67.0,3.0,2.0,1.0,7.0,13,0,5.0,1,2.0,2.0,2.0,13,7
1800.0,120.0,100.0,2.0,2.0,,10.0,12,0,4.0,0,2.0,2.0,1.0,12,3
1800.0,180.0,40.0,1.0,2.0,,1.0,14,1,3.0,0,1.0,1.0,3.0,16,4
1800.0,200.0,67.0,3.0,2.0,,17.0,7,2,5.0,0,2.0,2.0,2.0,9,8
1700.0,,75.0,2.0,1.0,1.0,6.0,3,0,3.0,1,2.0,2.0,1.0,3,3
1000.0,,55.0,2.0,1.0,,56.0,17,0,3.0,0,2.0,3.0,3.0,17,5
900.0,,70.0,2.0,1.0,,20.0,16,1,3.0,0,2.0,2.0,3.0,17,5
1990.0,250.0,42.0,1.0,,1.0,2.0,7,0,,1,1.0,1.0,3.0,9,2
1300.0,80.0,60.0,1.0,1.0,,10.0,19,0,2.0,0,2.0,2.0,2.0,19,7
2300.0,230.0,70.0,2.0,2.0,1.0,2.0,18,4,4.0,1,2.0,1.0,2.0,22,4
2600.0,350.0,96.0,2.0,2.0,,1.0,18,2,4.0,0,2.0,1.0,2.0,20,4
1350.0,,70.0,3.0,1.0,1.0,20.0,0,0,4.0,1,2.0,2.0,3.0,0,1
3680.0,180.0,145.0,3.0,3.0,2.0,,7,3,6.0,1,3.0,,1.0,13,4
1650.0,190.0,31.0,1.0,,,4.0,16,0,,0,1.0,1.0,2.0,17,8
2000.0,150.0,77.0,2.0,2.0,,8.0,14,0,4.0,0,2.0,2.0,2.0,15,4
1100.0,,120.0,3.0,1.0,,20.0,11,0,4.0,0,3.0,2.0,3.0,11,5
1300.0,,35.0,1.0,1.0,,10.0,13,1,2.0,0,1.0,2.0,3.0,15,4
2992.0,300.0,120.0,3.0,3.0,1.0,20.0,6,0,6.0,1,3.0,2.0,1.0,6,3
1700.0,180.0,35.0,1.0,1.0,,,7,0,2.0,0,1.0,,2.0,7,8
1090.0,150.0,60.0,3.0,2.0,1.0,10.0,14,0,5.0,1,2.0,2.0,3.0,14,5
1500.0,,182.0,3.0,2.0,,20.0,25,0,5.0,0,3.0,2.0,3.0,25,5
1300.0,,89.0,2.0,1.0,,0.0,26,0,3.0,0,2.0,1.0,4.0,26,8
1100.0,,80.0,3.0,3.0,,,16,0,6.0,0,2.0,,3.0,16,5
2000.0,160.0,65.0,2.0,1.0,,15.0,17,0,3.0,0,2.0,2.0,2.0,18,4
3100.0,150.0,66.0,3.0,2.0,1.0,0.0,12,0,5.0,1,2.0,1.0,3.0,12,2
1400.0,,40.0,,1.0,1.0,3.0,15,3,,1,1.0,1.0,3.0,18,2
2600.0,380.0,70.0,3.0,2.0,1.0,,8,1,5.0,1,2.0,,3.0,9,4
2350.0,220.0,72.0,3.0,2.0,1.0,10.0,17,1,5.0,1,2.0,2.0,2.0,19,4
3024.0,350.0,100.0,3.0,3.0,2.0,5.0,2,0,6.0,1,2.0,1.0,2.0,2,6
1600.0,150.0,32.0,1.0,,,3.0,16,1,,0,1.0,1.0,3.0,19,4
1900.0,300.0,66.0,2.0,2.0,,5.0,8,1,4.0,0,2.0,1.0,3.0,9,4
1250.0,80.0,100.0,2.0,1.0,1.0,,10,0,3.0,1,2.0,,4.0,10,7
1100.0,120.0,60.0,3.0,2.0,,4.0,2,0,5.0,0,2.0,1.0,4.0,2,3
1000.0,,70.0,2.0,1.0,,3.0,11,0,3.0,0,2.0,1.0,3.0,11,5
4719.0,550.0,165.0,3.0,2.0,2.0,7.0,8,3,5.0,1,3.0,2.0,1.0,13,4
4404.0,500.0,124.0,3.0,3.0,2.0,9.0,0,0,6.0,1,3.0,2.0,2.0,0,6
2000.0,300.0,90.0,1.0,2.0,,10.0,4,0,3.0,0,2.0,2.0,1.0,4,3
4367.0,400.0,124.0,4.0,3.0,2.0,6.0,0,0,7.0,1,3.0,2.0,2.0,0,6
2300.0,,130.0,3.0,3.0,1.0,10.0,8,0,6.0,1,3.0,2.0,1.0,9,3
2500.0,230.0,97.0,3.0,3.0,,10.0,5,1,6.0,0,2.0,2.0,2.0,7,8
1850.0,120.0,40.0,1.0,1.0,,2.0,4,3,2.0,0,1.0,1.0,3.0,7,2
2500.0,,78.0,1.0,1.0,,0.0,8,1,2.0,0,2.0,1.0,2.0,10,4
1900.0,200.0,64.0,,2.0,,7.0,16,0,,0,2.0,2.0,3.0,17,2
2100.0,250.0,120.0,3.0,3.0,,10.0,16,0,6.0,0,3.0,2.0,2.0,17,7
5475.0,750.0,208.0,3.0,2.0,2.0,,4,1,5.0,1,3.0,,1.0,5,4
4745.0,450.0,300.0,5.0,5.0,3.0,9.0,0,0,10.0,1,3.0,2.0,2.0,0,6
2000.0,50.0,79.0,3.0,2.0,1.0,19.0,10,0,5.0,1,2.0,2.0,1.0,11,3
1800.0,100.0,40.0,1.0,2.0,,0.0,12,2,3.0,0,1.0,1.0,2.0,14,4
1650.0,,47.0,1.0,1.0,,13.0,14,0,2.0,0,1.0,2.0,2.0,14,4
2200.0,,75.0,1.0,1.0,,,6,0,2.0,0,2.0,,1.0,6,3
1699.0,10.0,104.0,3.0,2.0,,0.0,23,1,5.0,0,3.0,1.0,3.0,24,5
1100.0,,80.0,2.0,2.0,,9.0,12,0,4.0,0,2.0,2.0,3.0,13,5
1050.0,20.0,75.0,2.0,1.0,,5.0,19,1,3.0,0,2.0,1.0,2.0,20,3
1050.0,20.0,70.0,2.0,1.0,1.0,3.0,19,1,3.0,1,2.0,1.0,2.0,20,3
5000.0,400.0,156.0,3.0,2.0,2.0,29.0,4,0,5.0,1,3.0,3.0,1.0,5,4
1650.0,,140.0,3.0,2.0,,28.0,28,1,5.0,0,3.0,3.0,4.0,29,8
3375.0,450.0,90.0,2.0,2.0,1.0,6.0,18,0,4.0,1,2.0,2.0,2.0,18,4
4900.0,550.0,,,2.0,2.0,,8,3,,1,,,1.0,13,4
1950.0,200.0,40.0,1.0,1.0,1.0,3.0,3,2,2.0,1,1.0,1.0,2.0,5,7
1850.0,100.0,118.0,3.0,2.0,,6.0,14,0,5.0,0,3.0,2.0,2.0,15,7
1500.0,,65.0,2.0,1.0,1.0,10.0,8,1,3.0,1,2.0,2.0,2.0,9,8
1500.0,,100.0,3.0,2.0,,30.0,14,0,5.0,0,2.0,3.0,3.0,15,5
2800.0,180.0,61.0,2.0,2.0,1.0,0.0,16,0,4.0,1,2.0,1.0,3.0,16,2
9000.0,300.0,114.0,3.0,3.0,1.0,10.0,0,0,6.0,1,3.0,2.0,2.0,0,6
1400.0,200.0,77.0,3.0,2.0,,12.0,10,1,5.0,0,2.0,2.0,3.0,11,5
2450.0,200.0,82.0,3.0,2.0,,12.0,14,1,5.0,0,2.0,2.0,2.0,15,8
1000.0,,75.0,2.0,1.0,,20.0,10,0,3.0,0,2.0,2.0,4.0,10,7
950.0,50.0,80.0,2.0,1.0,1.0,0.0,17,0,3.0,1,2.0,1.0,3.0,20,5
930.0,67.0,67.0,2.0,1.0,,2.0,28,0,3.0,0,2.0,1.0,3.0,28,5
2800.0,60.0,207.0,3.0,2.0,1.0,25.0,4,0,5.0,1,3.0,3.0,1.0,5,3
6660.0,420.0,288.0,3.0,2.0,,21.0,5,0,5.0,0,3.0,3.0,1.0,6,3
6660.0,450.0,280.0,3.0,2.0,2.0,34.0,2,0,5.0,1,3.0,3.0,1.0,2,3
7030.0,500.0,240.0,3.0,2.0,2.0,15.0,4,0,5.0,1,3.0,2.0,1.0,5,4
800.0,50.0,85.0,3.0,2.0,1.0,10.0,5,0,5.0,1,2.0,2.0,4.0,5,5
3982.0,,136.0,3.0,2.0,1.0,25.0,2,0,5.0,1,3.0,3.0,1.0,2,4
3500.0,300.0,110.0,3.0,2.0,1.0,5.0,5,1,5.0,1,3.0,1.0,1.0,8,4
2300.0,300.0,100.0,3.0,2.0,,3.0,10,0,5.0,0,2.0,1.0,2.0,10,4
2960.0,250.0,83.0,2.0,2.0,,26.0,6,0,4.0,0,2.0,3.0,1.0,6,4
800.0,50.0,24.0,2.0,1.0,,0.0,13,2,3.0,0,1.0,1.0,1.0,15,3
1400.0,,66.0,2.0,1.0,,,0,0,3.0,0,2.0,,2.0,0,3
4500.0,500.0,250.0,3.0,3.0,2.0,5.0,4,4,6.0,1,3.0,1.0,1.0,12,4
2734.0,230.0,140.0,3.0,3.0,2.0,15.0,4,0,6.0,1,3.0,2.0,1.0,4,3
850.0,100.0,70.0,2.0,1.0,4.0,12.0,11,0,3.0,1,2.0,2.0,3.0,11,5
2000.0,200.0,61.0,2.0,2.0,,0.0,14,0,4.0,0,2.0,1.0,2.0,14,8
2400.0,200.0,110.0,3.0,3.0,1.0,15.0,7,0,6.0,1,3.0,2.0,1.0,7,3
3800.0,,90.0,2.0,2.0,2.0,8.0,5,0,4.0,1,2.0,2.0,1.0,6,4
1800.0,,92.0,3.0,1.0,,40.0,10,1,4.0,0,2.0,3.0,3.0,13,3
2000.0,130.0,57.0,2.0,1.0,,35.0,8,1,3.0,0,2.0,3.0,2.0,10,4
1000.0,80.0,62.0,3.0,2.0,,11.0,20,2,5.0,0,2.0,2.0,3.0,23,3
5550.0,400.0,155.0,3.0,2.0,2.0,10.0,5,0,5.0,1,3.0,2.0,1.0,5,4
4200.0,430.0,106.0,3.0,3.0,1.0,6.0,6,0,6.0,1,3.0,2.0,1.0,6,4
3500.0,300.0,105.0,3.0,2.0,1.0,30.0,5,0,5.0,1,3.0,3.0,1.0,5,4
2500.0,,120.0,3.0,1.0,,15.0,17,0,4.0,0,3.0,2.0,2.0,17,3
2200.0,,200.0,3.0,1.0,,15.0,12,0,4.0,0,3.0,2.0,4.0,12,8
10890.0,1650.0,490.0,4.0,4.0,3.0,,4,0,8.0,1,3.0,,1.0,5,4
1800.0,200.0,39.0,1.0,1.0,,18.0,8,2,2.0,0,1.0,2.0,1.0,12,4
9375.0,300.0,128.0,3.0,3.0,2.0,8.0,0,0,6.0,1,3.0,2.0,2.0,0,6
1200.0,,65.0,2.0,1.0,,10.0,8,0,3.0,0,2.0,2.0,4.0,8,7
1500.0,250.0,87.0,2.0,2.0,,50.0,0,0,4.0,0,2.0,3.0,2.0,0,6
1050.0,,90.0,3.0,1.0,,29.0,10,0,4.0,0,2.0,3.0,3.0,11,5
2600.0,500.0,140.0,3.0,2.0,1.0,5.0,0,0,5.0,1,3.0,1.0,2.0,0,6
2190.0,400.0,125.0,3.0,3.0,2.0,7.0,1,0,6.0,1,3.0,2.0,2.0,1,6
3100.0,500.0,125.0,4.0,3.0,2.0,3.0,0,0,7.0,1,3.0,1.0,2.0,0,6
2100.0,400.0,125.0,3.0,3.0,2.0,6.0,0,0,6.0,1,3.0,2.0,2.0,0,6
3500.0,300.0,90.0,3.0,2.0,1.0,3.0,20,2,5.0,1,2.0,1.0,2.0,22,4
2590.0,300.0,120.0,3.0,2.0,2.0,3.0,1,0,5.0,1,3.0,1.0,2.0,1,6
2550.0,250.0,65.0,2.0,2.0,1.0,2.0,0,0,4.0,1,2.0,1.0,2.0,0,4
5790.0,,130.0,3.0,3.0,2.0,,0,0,6.0,1,3.0,,2.0,0,6
2450.0,,140.0,4.0,2.0,1.0,,5,0,6.0,1,3.0,,2.0,6,6
1370.0,98.0,50.0,1.0,1.0,,7.0,2,0,2.0,0,1.0,2.0,3.0,2,3
900.0,,45.0,2.0,1.0,,3.0,21,0,3.0,0,1.0,1.0,3.0,21,5
800.0,,45.0,,1.0,,7.0,14,0,,0,1.0,2.0,2.0,14,7
850.0,,60.0,2.0,1.0,,6.0,6,0,3.0,0,2.0,2.0,3.0,6,3
5973.0,270.0,124.0,3.0,2.0,2.0,5.0,0,0,5.0,1,3.0,1.0,2.0,0,6
1500.0,60.0,120.0,3.0,3.0,,0.0,21,0,6.0,0,3.0,1.0,4.0,21,8
4941.0,700.0,164.0,3.0,3.0,1.0,,0,0,6.0,1,3.0,,2.0,0,6
6032.0,,130.0,3.0,3.0,1.0,0.0,0,0,6.0,1,3.0,1.0,2.0,0,6
3600.0,,152.0,3.0,3.0,1.0,6.0,14,1,6.0,1,3.0,2.0,2.0,15,8
2600.0,250.0,56.0,2.0,1.0,,10.0,16,3,3.0,0,2.0,2.0,2.0,19,4
2650.0,150.0,160.0,3.0,1.0,,5.0,15,0,4.0,0,3.0,1.0,3.0,15,3
4567.0,,136.0,3.0,3.0,2.0,4.0,3,0,6.0,1,3.0,1.0,2.0,3,6
1850.0,,90.0,2.0,2.0,,20.0,14,0,4.0,0,2.0,2.0,1.0,14,3
1800.0,,200.0,3.0,2.0,2.0,4.0,3,0,5.0,1,3.0,1.0,4.0,3,7
1200.0,120.0,72.0,3.0,1.0,1.0,8.0,7,1,4.0,1,2.0,2.0,3.0,8,3
3800.0,150.0,135.0,4.0,3.0,1.0,50.0,14,3,7.0,1,3.0,3.0,2.0,17,4
7707.0,424.0,250.0,3.0,2.0,2.0,0.0,0,0,5.0,1,3.0,1.0,2.0,0,6
4800.0,,200.0,3.0,2.0,,5.0,9,1,5.0,0,3.0,1.0,1.0,10,3
4700.0,500.0,160.0,3.0,2.0,1.0,20.0,3,0,5.0,1,3.0,2.0,1.0,3,4
1700.0,200.0,68.0,3.0,2.0,,6.0,0,1,5.0,0,2.0,2.0,,1,8
2000.0,,,3.0,2.0,,0.0,0,0,5.0,0,,1.0,,0,8
2000.0,,96.0,3.0,2.0,,11.0,0,1,5.0,0,2.0,2.0,,1,8
11400.0,1.0,220.0,3.0,4.0,2.0,7.0,0,0,7.0,1,3.0,2.0,,0,8
1200.0,,66.0,2.0,1.0,,0.0,12,1,3.0,0,2.0,1.0,3.0,13,5
850.0,,65.0,2.0,1.0,,3.0,18,0,3.0,0,2.0,1.0,3.0,18,5
850.0,,76.0,3.0,2.0,,1.0,9,0,5.0,0,2.0,1.0,4.0,9,7
2300.0,,135.0,2.0,2.0,,0.0,25,0,4.0,0,3.0,1.0,4.0,25,7
2200.0,150.0,75.0,3.0,,,12.0,16,0,,0,2.0,2.0,2.0,17,4
2516.0,200.0,55.0,2.0,2.0,1.0,10.0,11,3,4.0,1,2.0,2.0,2.0,14,7
2000.0,140.0,57.0,2.0,1.0,1.0,18.0,9,1,3.0,1,2.0,2.0,1.0,10,3
3174.0,360.0,74.0,3.0,2.0,1.0,4.0,10,1,5.0,1,2.0,1.0,2.0,11,4
2300.0,250.0,44.0,1.0,1.0,1.0,3.0,5,0,2.0,1,1.0,1.0,3.0,5,4
2400.0,10.0,80.0,3.0,2.0,,2.0,22,6,5.0,0,2.0,1.0,2.0,28,4
3000.0,250.0,76.0,3.0,2.0,1.0,6.0,14,4,5.0,1,2.0,2.0,2.0,18,4
2350.0,280.0,66.0,2.0,2.0,,8.0,10,0,4.0,0,2.0,2.0,3.0,10,4
1500.0,140.0,55.0,2.0,2.0,,1.0,7,0,4.0,0,2.0,1.0,2.0,7,7
2700.0,390.0,130.0,3.0,3.0,1.0,7.0,9,1,6.0,1,3.0,2.0,3.0,12,4
1350.0,,40.0,1.0,1.0,,20.0,0,0,2.0,0,1.0,2.0,2.0,0,8
1250.0,,50.0,2.0,2.0,,0.0,12,1,4.0,0,1.0,1.0,1.0,13,3
2300.0,200.0,70.0,3.0,2.0,,6.0,9,1,5.0,0,2.0,2.0,3.0,10,4
1850.0,150.0,45.0,1.0,1.0,,0.0,18,3,2.0,0,1.0,1.0,2.0,21,4
2200.0,170.0,56.0,2.0,2.0,,0.0,9,0,4.0,0,2.0,1.0,3.0,9,4
1390.0,,50.0,2.0,1.0,,8.0,13,2,3.0,0,1.0,2.0,3.0,17,2
1990.0,250.0,80.0,3.0,2.0,,0.0,13,0,5.0,0,2.0,1.0,3.0,13,2
2000.0,300.0,65.0,2.0,2.0,,1.0,14,2,4.0,0,2.0,1.0,2.0,16,8
1800.0,180.0,45.0,1.0,1.0,,0.0,15,1,2.0,0,1.0,1.0,3.0,16,4
2590.0,280.0,55.0,2.0,2.0,1.0,0.0,7,3,4.0,1,2.0,1.0,3.0,12,4
1390.0,30.0,90.0,3.0,1.0,,10.0,28,4,4.0,0,2.0,2.0,3.0,32,5
1090.0,60.0,120.0,4.0,3.0,,2.0,0,0,7.0,0,3.0,1.0,3.0,0,1
1490.0,150.0,85.0,3.0,2.0,,1.0,2,0,5.0,0,2.0,1.0,3.0,2,2
1390.0,,80.0,3.0,2.0,,8.0,20,0,5.0,0,2.0,2.0,3.0,20,5
890.0,120.0,65.0,3.0,2.0,,0.0,2,0,5.0,0,2.0,1.0,3.0,2,5
1690.0,190.0,65.0,2.0,2.0,,0.0,7,2,4.0,0,2.0,1.0,2.0,11,7
1480.0,,90.0,3.0,1.0,,8.0,0,0,4.0,0,2.0,2.0,3.0,0,5
1700.0,225.0,57.0,2.0,2.0,,0.0,7,0,4.0,0,2.0,1.0,2.0,7,8
2200.0,,43.0,1.0,1.0,,0.0,8,0,2.0,0,1.0,1.0,2.0,8,4
990.0,130.0,67.0,3.0,2.0,,0.0,11,0,5.0,0,2.0,1.0,3.0,11,5
1090.0,50.0,60.0,3.0,2.0,,5.0,15,0,5.0,0,2.0,1.0,3.0,15,5
2600.0,190.0,84.0,3.0,2.0,1.0,,16,4,5.0,1,2.0,,2.0,20,4
2200.0,180.0,40.0,1.0,1.0,,0.0,16,3,2.0,0,1.0,1.0,2.0,19,4
1150.0,200.0,40.0,1.0,1.0,,6.0,10,0,2.0,0,1.0,2.0,1.0,10,3
1100.0,,30.0,1.0,1.0,,1.0,2,0,2.0,0,1.0,1.0,1.0,3,4
1800.0,180.0,60.0,1.0,1.0,,4.0,5,1,2.0,0,2.0,1.0,3.0,8,4
2300.0,250.0,57.0,2.0,2.0,1.0,0.0,18,3,4.0,1,2.0,1.0,2.0,21,4
2500.0,250.0,64.0,3.0,1.0,,0.0,13,2,4.0,0,2.0,1.0,2.0,15,4
2800.0,280.0,74.0,3.0,2.0,1.0,,2,4,5.0,1,2.0,,2.0,7,4
1000.0,,47.0,1.0,1.0,,1.0,19,4,2.0,0,1.0,1.0,2.0,23,4
9620.0,1300.0,310.0,3.0,3.0,2.0,18.0,7,2,6.0,1,3.0,2.0,2.0,10,7
2700.0,150.0,80.0,3.0,2.0,1.0,10.0,8,1,5.0,1,2.0,2.0,2.0,10,4
2000.0,290.0,52.0,1.0,1.0,1.0,10.0,19,4,2.0,1,2.0,2.0,2.0,23,4
1850.0,160.0,39.0,1.0,1.0,,1.0,17,1,2.0,0,1.0,1.0,2.0,19,4
3000.0,,66.0,2.0,2.0,1.0,,16,3,4.0,1,2.0,,2.0,19,4
7176.0,,279.0,4.0,4.0,2.0,1.0,4,0,8.0,1,3.0,1.0,1.0,4,3
2400.0,50.0,140.0,3.0,1.0,,33.0,10,2,4.0,0,3.0,3.0,2.0,12,8
2500.0,300.0,41.0,1.0,1.0,,0.0,0,0,2.0,0,1.0,1.0,2.0,0,4
7176.0,1.0,279.0,4.0,4.0,2.0,1.0,3,1,8.0,1,3.0,1.0,1.0,4,3
2150.0,200.0,43.0,1.0,1.0,,0.0,14,3,2.0,0,1.0,1.0,2.0,17,4
2650.0,265.0,66.0,2.0,1.0,1.0,0.0,15,3,3.0,1,2.0,1.0,2.0,18,4
1900.0,160.0,43.0,,1.0,1.0,9.0,11,1,,1,1.0,2.0,3.0,13,4
1500.0,,70.0,2.0,1.0,,5.0,8,0,3.0,0,2.0,1.0,2.0,8,7
1500.0,100.0,65.0,2.0,1.0,,25.0,5,1,3.0,0,2.0,3.0,3.0,8,4
2200.0,180.0,40.0,2.0,1.0,1.0,0.0,12,0,3.0,1,1.0,1.0,3.0,12,4
1900.0,200.0,73.0,3.0,2.0,,8.0,14,2,5.0,0,2.0,2.0,2.0,16,8
1900.0,180.0,55.0,1.0,1.0,,0.0,12,1,2.0,0,2.0,1.0,3.0,13,4
2600.0,280.0,80.0,2.0,1.0,,20.0,8,3,3.0,0,2.0,2.0,1.0,13,4
1650.0,,80.0,2.0,,,2.0,7,1,,0,2.0,1.0,3.0,10,2
900.0,,30.0,1.0,1.0,,1.0,8,0,2.0,0,1.0,1.0,2.0,8,8
3300.0,350.0,100.0,3.0,3.0,2.0,14.0,12,1,6.0,1,2.0,2.0,2.0,13,4
2800.0,400.0,71.0,3.0,2.0,1.0,3.0,5,1,5.0,1,2.0,1.0,3.0,6,4
1900.0,200.0,40.0,1.0,1.0,,0.0,6,2,2.0,0,1.0,1.0,3.0,8,4
2800.0,350.0,75.0,3.0,2.0,1.0,5.0,8,0,5.0,1,2.0,1.0,3.0,9,4
3100.0,270.0,105.0,3.0,2.0,1.0,2.0,12,1,5.0,1,3.0,1.0,3.0,13,4
2700.0,330.0,112.0,3.0,2.0,1.0,0.0,14,5,5.0,1,3.0,1.0,2.0,19,4
2600.0,320.0,82.0,3.0,2.0,,4.0,11,3,5.0,0,2.0,1.0,2.0,14,4
2500.0,300.0,103.0,3.0,2.0,,4.0,30,1,5.0,0,3.0,1.0,3.0,31,5
2500.0,,160.0,3.0,1.0,1.0,10.0,23,1,4.0,1,3.0,2.0,4.0,24,8
5430.0,500.0,212.0,3.0,3.0,2.0,14.0,4,0,6.0,1,3.0,2.0,1.0,5,4
2300.0,,100.0,3.0,2.0,,6.0,25,0,5.0,0,2.0,2.0,2.0,25,8
2400.0,250.0,64.0,2.0,2.0,,0.0,9,1,4.0,0,2.0,1.0,3.0,10,4
2300.0,220.0,65.0,2.0,1.0,1.0,10.0,13,1,3.0,1,2.0,2.0,3.0,16,4
2400.0,,61.0,2.0,2.0,,2.0,7,3,4.0,0,2.0,1.0,3.0,10,2
2600.0,280.0,60.0,2.0,2.0,1.0,0.0,6,0,4.0,1,2.0,1.0,3.0,7,4
2150.0,200.0,60.0,2.0,2.0,,2.0,11,0,4.0,0,2.0,1.0,3.0,11,2
2180.0,200.0,55.0,2.0,2.0,,2.0,11,0,4.0,0,2.0,1.0,3.0,11,2
2156.0,199.0,58.0,2.0,2.0,,2.0,11,0,4.0,0,2.0,1.0,3.0,11,2
2158.0,240.0,59.0,2.0,2.0,,2.0,11,0,4.0,0,2.0,1.0,3.0,11,2
5500.0,350.0,148.0,3.0,3.0,1.0,12.0,4,3,6.0,1,3.0,2.0,1.0,7,4
4875.0,600.0,158.0,3.0,2.0,2.0,16.0,4,0,5.0,1,3.0,2.0,1.0,5,4
2490.0,300.0,88.0,2.0,2.0,1.0,0.0,8,1,4.0,1,2.0,1.0,3.0,9,4
1200.0,,90.0,3.0,1.0,,13.0,29,0,4.0,0,2.0,2.0,3.0,31,2
1800.0,200.0,51.0,1.0,1.0,,0.0,10,1,2.0,0,2.0,1.0,3.0,11,4
3162.0,280.0,105.0,3.0,2.0,2.0,8.0,9,1,5.0,1,3.0,2.0,1.0,10,4
2800.0,290.0,70.0,2.0,2.0,1.0,1.0,6,2,4.0,1,2.0,1.0,3.0,8,4
3400.0,335.0,80.0,3.0,2.0,1.0,0.0,17,4,5.0,1,2.0,1.0,2.0,21,4
3200.0,300.0,80.0,3.0,2.0,1.0,0.0,12,0,5.0,1,2.0,1.0,2.0,12,4
2500.0,250.0,64.0,2.0,2.0,1.0,4.0,13,1,4.0,1,2.0,1.0,3.0,14,4
1650.0,45.0,40.0,1.0,1.0,,8.0,3,1,2.0,0,1.0,2.0,1.0,4,3
2400.0,,128.0,3.0,2.0,,13.0,19,0,5.0,0,3.0,2.0,2.0,20,8
3150.0,385.0,95.0,2.0,2.0,1.0,10.0,4,8,4.0,1,2.0,2.0,1.0,12,4
1700.0,170.0,40.0,1.0,1.0,,1.0,6,3,2.0,0,1.0,1.0,3.0,9,2
1500.0,170.0,50.0,2.0,2.0,,,12,0,4.0,0,1.0,,2.0,12,7
5350.0,500.0,180.0,3.0,3.0,1.0,3.0,5,2,6.0,1,3.0,1.0,1.0,8,4
3299.0,310.0,127.0,3.0,3.0,1.0,10.0,8,0,6.0,1,3.0,2.0,3.0,8,4
4550.0,,220.0,4.0,3.0,2.0,10.0,5,6,7.0,1,3.0,2.0,1.0,14,4
2300.0,,70.0,4.0,3.0,1.0,1.0,15,0,7.0,1,2.0,1.0,2.0,15,4
2300.0,190.0,94.0,3.0,2.0,,6.0,8,0,5.0,0,2.0,2.0,2.0,8,8
2800.0,250.0,90.0,2.0,2.0,1.0,3.0,1,3,4.0,1,2.0,1.0,2.0,4,4
9250.0,400.0,135.0,3.0,3.0,1.0,1.0,1,0,6.0,1,3.0,1.0,2.0,1,6
1600.0,,80.0,2.0,1.0,1.0,18.0,6,0,3.0,1,2.0,2.0,1.0,6,3
3303.0,150.0,125.0,3.0,2.0,1.0,10.0,9,4,5.0,1,3.0,2.0,1.0,13,4
2300.0,300.0,90.0,3.0,2.0,,10.0,0,0,5.0,0,2.0,2.0,1.0,0,3
3160.0,,112.0,3.0,2.0,1.0,28.0,9,1,5.0,1,3.0,3.0,1.0,10,3
1800.0,400.0,75.0,2.0,1.0,,10.0,6,0,3.0,0,2.0,2.0,1.0,6,3
2100.0,240.0,40.0,1.0,1.0,1.0,,9,1,2.0,1,1.0,,3.0,10,4
5735.0,500.0,180.0,3.0,2.0,2.0,9.0,3,0,5.0,1,3.0,2.0,1.0,3,3
2600.0,310.0,82.0,3.0,3.0,1.0,7.0,0,0,6.0,1,2.0,2.0,2.0,0,8
5550.0,620.0,185.0,3.0,2.0,2.0,27.0,2,0,5.0,1,3.0,3.0,1.0,2,4
3993.0,250.0,97.0,3.0,2.0,1.0,13.0,7,5,5.0,1,2.0,2.0,1.0,14,4
1999.0,200.0,200.0,4.0,2.0,1.0,13.0,13,0,6.0,1,3.0,2.0,3.0,13,3
1650.0,180.0,45.0,1.0,2.0,,0.0,0,0,3.0,0,1.0,1.0,2.0,0,8
2700.0,230.0,66.0,2.0,2.0,,6.0,19,3,4.0,0,2.0,2.0,2.0,22,4
2470.0,200.0,60.0,1.0,1.0,,12.0,9,1,2.0,0,2.0,2.0,1.0,10,4
1500.0,100.0,100.0,2.0,1.0,,5.0,27,0,3.0,0,2.0,1.0,3.0,27,5
1300.0,,25.0,1.0,1.0,,3.0,0,0,2.0,0,1.0,1.0,2.0,0,8
3400.0,490.0,130.0,3.0,3.0,1.0,8.0,12,2,6.0,1,3.0,2.0,2.0,14,4
5800.0,300.0,188.0,3.0,4.0,2.0,14.0,8,3,7.0,1,3.0,2.0,1.0,13,4
2740.0,380.0,140.0,3.0,2.0,1.0,15.0,1,0,5.0,1,3.0,2.0,2.0,1,6
1750.0,168.0,57.0,3.0,1.0,,13.0,6,0,4.0,0,2.0,2.0,3.0,7,2
1600.0,180.0,44.0,1.0,1.0,,3.0,14,0,2.0,0,1.0,1.0,2.0,14,8
2520.0,200.0,50.0,1.0,1.0,,8.0,18,1,2.0,0,1.0,2.0,2.0,19,4
2200.0,,71.0,2.0,2.0,1.0,9.0,17,0,4.0,1,2.0,2.0,2.0,17,4
2400.0,220.0,79.0,3.0,2.0,1.0,6.0,18,4,5.0,1,2.0,2.0,3.0,22,2
4100.0,550.0,180.0,4.0,5.0,1.0,9.0,15,1,9.0,1,3.0,2.0,3.0,16,2
3420.0,500.0,92.0,2.0,2.0,1.0,3.0,10,2,4.0,1,2.0,1.0,1.0,13,4
2900.0,200.0,60.0,2.0,2.0,1.0,0.0,14,3,4.0,1,2.0,1.0,2.0,17,4
2100.0,200.0,45.0,1.0,1.0,1.0,0.0,8,2,2.0,1,1.0,1.0,2.0,10,4
3300.0,300.0,92.0,3.0,2.0,1.0,16.0,23,2,5.0,1,2.0,2.0,2.0,25,4
2500.0,150.0,68.0,3.0,2.0,,23.0,11,3,5.0,0,2.0,3.0,2.0,14,4
2000.0,300.0,56.0,2.0,2.0,,0.0,8,3,4.0,0,2.0,1.0,3.0,13,4
2090.0,100.0,40.0,1.0,1.0,,0.0,17,3,2.0,0,1.0,1.0,2.0,21,4
2849.0,200.0,60.0,2.0,2.0,1.0,0.0,5,0,4.0,1,2.0,1.0,2.0,5,4
2600.0,250.0,91.0,2.0,1.0,1.0,1.0,17,0,3.0,1,2.0,1.0,2.0,18,4
2100.0,220.0,50.0,1.0,1.0,1.0,9.0,19,4,2.0,1,1.0,2.0,2.0,23,4
5180.0,300.0,200.0,3.0,2.0,1.0,11.0,5,0,5.0,1,3.0,2.0,1.0,5,4
2100.0,265.0,70.0,3.0,2.0,,1.0,9,0,5.0,0,2.0,1.0,2.0,9,8
4690.0,350.0,93.0,3.0,2.0,1.0,0.0,9,4,5.0,1,2.0,1.0,1.0,15,4
1100.0,35.0,45.0,1.0,1.0,,30.0,15,1,2.0,0,1.0,3.0,2.0,17,4
2500.0,260.0,73.0,3.0,2.0,,2.0,15,2,5.0,0,2.0,1.0,2.0,17,4
1600.0,70.0,45.0,1.0,2.0,,0.0,0,0,3.0,0,1.0,1.0,2.0,0,8
2100.0,,53.0,2.0,1.0,,,7,0,3.0,0,2.0,,3.0,7,4
2750.0,120.0,167.0,4.0,3.0,1.0,22.0,6,0,7.0,1,3.0,3.0,1.0,6,3
2400.0,120.0,79.0,3.0,1.0,1.0,28.0,7,0,4.0,1,2.0,3.0,1.0,7,3
2800.0,,88.0,3.0,2.0,,0.0,10,2,5.0,0,2.0,1.0,2.0,12,4
3500.0,350.0,84.0,3.0,2.0,1.0,0.0,0,0,5.0,1,2.0,1.0,2.0,0,8
2600.0,150.0,55.0,2.0,2.0,1.0,1.0,11,0,4.0,1,2.0,1.0,3.0,12,4
2100.0,,59.0,2.0,2.0,,,16,0,4.0,0,2.0,,2.0,17,7
1500.0,5.0,28.0,1.0,1.0,,5.0,10,2,2.0,0,1.0,1.0,2.0,12,4
2200.0,180.0,48.0,1.0,1.0,1.0,2.0,11,1,2.0,1,1.0,1.0,3.0,13,4
3145.0,340.0,65.0,2.0,2.0,1.0,0.0,3,0,4.0,1,2.0,1.0,2.0,3,4
3800.0,450.0,100.0,3.0,2.0,2.0,5.0,9,1,5.0,1,2.0,1.0,1.0,10,4
2600.0,270.0,68.0,3.0,2.0,1.0,8.0,6,1,5.0,1,2.0,2.0,2.0,7,4
2600.0,480.0,90.0,2.0,2.0,2.0,6.0,17,2,4.0,1,2.0,2.0,2.0,19,4
1650.0,25.0,85.0,2.0,1.0,,1.0,25,3,3.0,0,2.0,1.0,3.0,28,5
3330.0,320.0,114.0,3.0,3.0,1.0,25.0,8,0,6.0,1,3.0,3.0,1.0,8,4
3600.0,,110.0,3.0,3.0,1.0,12.0,8,3,6.0,1,3.0,2.0,1.0,13,4
1770.0,150.0,55.0,1.0,1.0,1.0,3.0,18,4,2.0,1,2.0,1.0,2.0,22,4
3850.0,290.0,120.0,2.0,4.0,2.0,6.0,12,0,6.0,1,3.0,2.0,2.0,12,4
1800.0,1.0,90.0,3.0,1.0,,15.0,24,3,4.0,0,2.0,2.0,2.0,29,7
1600.0,,100.0,3.0,2.0,,20.0,20,0,5.0,0,2.0,2.0,3.0,20,5
2850.0,,61.0,2.0,2.0,,0.0,15,0,4.0,0,2.0,1.0,2.0,15,4
2000.0,,43.0,1.0,1.0,,0.0,15,0,2.0,0,1.0,1.0,2.0,15,4
2000.0,250.0,69.0,3.0,2.0,,10.0,13,6,5.0,0,2.0,2.0,2.0,19,4
1960.0,250.0,62.0,3.0,2.0,,3.0,12,1,5.0,0,2.0,1.0,2.0,14,4
1700.0,10.0,115.0,3.0,2.0,,27.0,22,4,5.0,0,3.0,3.0,2.0,26,7
1800.0,1.0,100.0,3.0,3.0,,5.0,30,0,6.0,0,2.0,1.0,3.0,30,5
1700.0,150.0,38.0,,1.0,,1.0,5,3,,0,1.0,1.0,3.0,8,2
1800.0,320.0,45.0,1.0,1.0,,10.0,8,1,2.0,0,1.0,2.0,3.0,9,4
2250.0,250.0,88.0,3.0,2.0,,6.0,9,3,5.0,0,2.0,2.0,2.0,13,8
2100.0,,67.0,,2.0,1.0,15.0,4,4,,1,2.0,2.0,2.0,8,4
2600.0,280.0,62.0,2.0,2.0,1.0,0.0,28,3,4.0,1,2.0,1.0,2.0,32,4
2373.0,140.0,53.0,1.0,1.0,,6.0,17,0,2.0,0,2.0,2.0,2.0,17,4
3500.0,350.0,97.0,3.0,4.0,1.0,8.0,20,2,7.0,1,2.0,2.0,2.0,22,4
2500.0,330.0,97.0,3.0,3.0,,12.0,8,1,6.0,0,2.0,2.0,3.0,9,4
3500.0,500.0,112.0,3.0,2.0,1.0,22.0,9,0,5.0,1,3.0,3.0,1.0,9,4
1800.0,350.0,66.0,1.0,1.0,1.0,0.0,11,2,2.0,1,2.0,1.0,2.0,14,8
2500.0,300.0,75.0,2.0,2.0,1.0,15.0,8,4,4.0,1,2.0,2.0,2.0,12,4
1500.0,,80.0,2.0,1.0,,29.0,8,0,3.0,0,2.0,3.0,1.0,8,3
2500.0,130.0,55.0,2.0,2.0,,0.0,8,0,4.0,0,2.0,1.0,2.0,8,4
3650.0,475.0,118.0,2.0,2.0,1.0,14.0,12,0,4.0,1,3.0,2.0,2.0,12,4
2450.0,300.0,59.0,1.0,2.0,1.0,,0,0,3.0,1,2.0,,2.0,0,4
2000.0,250.0,47.0,1.0,1.0,1.0,,10,0,2.0,1,1.0,,3.0,11,4
2400.0,190.0,55.0,2.0,2.0,1.0,4.0,10,2,4.0,1,2.0,1.0,2.0,12,4
2800.0,300.0,100.0,3.0,2.0,,6.0,11,1,5.0,0,2.0,2.0,2.0,12,4
2700.0,300.0,71.0,2.0,2.0,1.0,3.0,0,2,4.0,1,2.0,1.0,2.0,2,4
800.0,,76.0,2.0,1.0,,0.0,14,0,3.0,0,2.0,1.0,4.0,14,5
2400.0,230.0,78.0,3.0,2.0,,20.0,14,0,5.0,0,2.0,2.0,2.0,15,4
2700.0,,87.0,3.0,2.0,2.0,7.0,0,0,5.0,1,2.0,2.0,2.0,0,4
2920.0,360.0,100.0,3.0,3.0,1.0,9.0,10,3,6.0,1,2.0,2.0,1.0,13,4
2550.0,300.0,89.0,3.0,2.0,1.0,10.0,10,0,5.0,1,2.0,2.0,2.0,10,8
2000.0,160.0,45.0,1.0,1.0,,14.0,0,0,2.0,0,1.0,2.0,2.0,0,8
2200.0,200.0,90.0,3.0,3.0,,6.0,13,2,6.0,0,2.0,2.0,2.0,16,4
2500.0,150.0,135.0,4.0,3.0,,4.0,15,0,7.0,0,3.0,1.0,2.0,16,4
2000.0,120.0,45.0,1.0,1.0,,9.0,11,1,2.0,0,1.0,2.0,2.0,12,4
2550.0,270.0,56.0,2.0,2.0,,0.0,17,4,4.0,0,2.0,1.0,2.0,21,4
4130.0,300.0,128.0,2.0,3.0,2.0,5.0,13,0,5.0,1,3.0,1.0,2.0,13,4
1800.0,,100.0,3.0,3.0,,0.0,14,1,6.0,0,2.0,1.0,3.0,15,5
1900.0,,80.0,3.0,2.0,,20.0,16,1,5.0,0,2.0,2.0,3.0,18,2
1650.0,50.0,47.0,2.0,1.0,,0.0,20,3,3.0,0,1.0,1.0,2.0,25,7
1800.0,160.0,73.0,2.0,1.0,,18.0,12,4,3.0,0,2.0,2.0,3.0,18,2
3100.0,300.0,90.0,3.0,2.0,1.0,5.0,2,3,5.0,1,2.0,1.0,2.0,5,7
1800.0,,60.0,2.0,2.0,1.0,,0,0,4.0,1,2.0,,2.0,0,7
1500.0,,120.0,3.0,2.0,,9.0,7,0,5.0,0,3.0,2.0,4.0,7,7
3000.0,200.0,79.0,3.0,2.0,1.0,,5,3,5.0,1,2.0,,3.0,8,2
800.0,,60.0,2.0,1.0,,7.0,19,0,3.0,0,2.0,2.0,3.0,19,5
2250.0,270.0,58.0,2.0,2.0,,2.0,10,0,4.0,0,2.0,1.0,3.0,10,2
2500.0,,68.0,3.0,1.0,,5.0,9,1,4.0,0,2.0,1.0,1.0,10,3
2300.0,200.0,54.0,2.0,2.0,,0.0,11,0,4.0,0,2.0,1.0,3.0,12,4
2500.0,130.0,100.0,3.0,2.0,,38.0,14,2,5.0,0,2.0,3.0,2.0,16,4
2300.0,270.0,65.0,2.0,2.0,1.0,4.0,6,0,4.0,1,2.0,1.0,3.0,6,4
3330.0,320.0,114.0,3.0,3.0,1.0,25.0,8,0,6.0,1,3.0,3.0,1.0,8,4
1650.0,,85.0,2.0,1.0,,3.0,12,0,3.0,0,2.0,1.0,3.0,12,5
1450.0,200.0,87.0,2.0,1.0,,2.0,34,4,3.0,0,2.0,1.0,3.0,38,5
6171.0,450.0,130.0,3.0,3.0,,2.0,0,0,6.0,0,3.0,1.0,2.0,0,6
3200.0,,130.0,3.0,3.0,1.0,,4,5,6.0,1,3.0,,1.0,11,4
1100.0,,200.0,2.0,2.0,,15.0,20,1,4.0,0,3.0,2.0,3.0,22,5
3900.0,450.0,141.0,3.0,2.0,2.0,11.0,0,0,5.0,1,3.0,2.0,2.0,0,6
2200.0,,100.0,3.0,2.0,,6.0,5,0,5.0,0,2.0,2.0,3.0,5,3
3000.0,200.0,135.0,4.0,4.0,,10.0,12,2,8.0,0,3.0,2.0,1.0,14,3
2250.0,200.0,57.0,2.0,2.0,,0.0,10,0,4.0,0,2.0,1.0,2.0,10,4
2450.0,380.0,82.0,3.0,2.0,1.0,11.0,13,6,5.0,1,2.0,2.0,2.0,19,4
1800.0,165.0,70.0,2.0,2.0,,5.0,16,2,4.0,0,2.0,1.0,3.0,19,3
1000.0,,54.0,2.0,2.0,,9.0,11,0,4.0,0,2.0,2.0,3.0,11,5
1100.0,,54.0,2.0,1.0,,0.0,18,0,3.0,0,2.0,1.0,3.0,20,5
1950.0,200.0,44.0,1.0,1.0,1.0,2.0,10,1,2.0,1,1.0,1.0,3.0,14,2
2700.0,240.0,61.0,2.0,2.0,1.0,2.0,14,4,4.0,1,2.0,1.0,2.0,18,4
1700.0,200.0,65.0,2.0,2.0,,0.0,2,0,4.0,0,2.0,1.0,3.0,2,2
1800.0,,150.0,2.0,1.0,,25.0,9,0,3.0,0,3.0,3.0,3.0,9,2
2100.0,,46.0,2.0,1.0,,0.0,6,0,3.0,0,1.0,1.0,3.0,6,4
1600.0,,132.0,3.0,2.0,,0.0,8,0,5.0,0,3.0,1.0,3.0,8,3
2500.0,150.0,50.0,2.0,1.0,1.0,1.0,8,0,3.0,1,1.0,1.0,2.0,8,4
2100.0,130.0,110.0,2.0,2.0,,0.0,8,1,4.0,0,3.0,1.0,2.0,9,4
1800.0,200.0,53.0,2.0,2.0,,0.0,19,0,4.0,0,2.0,1.0,3.0,19,2
1900.0,180.0,56.0,1.0,1.0,,6.0,8,1,2.0,0,2.0,2.0,2.0,9,4
2200.0,200.0,57.0,2.0,2.0,,0.0,3,4,4.0,0,2.0,1.0,2.0,7,4
2300.0,,95.0,3.0,2.0,,0.0,3,0,5.0,0,2.0,1.0,3.0,3,2
2800.0,350.0,95.0,2.0,2.0,1.0,3.0,10,4,4.0,1,2.0,1.0,2.0,14,4
2000.0,,90.0,2.0,1.0,1.0,3.0,6,4,3.0,1,2.0,1.0,3.0,10,2
1700.0,,40.0,1.0,1.0,,0.0,23,4,2.0,0,1.0,1.0,2.0,27,4
2150.0,,50.0,1.0,1.0,1.0,0.0,8,4,2.0,1,1.0,1.0,1.0,14,4
2500.0,230.0,76.0,3.0,2.0,1.0,4.0,12,1,5.0,1,2.0,1.0,2.0,13,4
1600.0,60.0,46.0,2.0,1.0,,60.0,16,2,3.0,0,1.0,3.0,2.0,19,4
1800.0,180.0,60.0,2.0,2.0,,4.0,3,1,4.0,0,2.0,1.0,3.0,4,2
3500.0,390.0,106.0,3.0,2.0,1.0,3.0,12,4,5.0,1,3.0,1.0,3.0,19,2
2000.0,100.0,68.0,2.0,2.0,,1.0,11,0,4.0,0,2.0,1.0,2.0,11,8
2000.0,150.0,71.0,2.0,2.0,,13.0,12,4,4.0,0,2.0,2.0,3.0,18,2
1600.0,60.0,60.0,1.0,1.0,,3.0,15,0,2.0,0,2.0,1.0,3.0,15,2
800.0,,55.0,3.0,1.0,,0.0,2,0,4.0,0,2.0,1.0,4.0,2,5
2500.0,400.0,120.0,2.0,2.0,2.0,0.0,14,4,4.0,1,3.0,1.0,2.0,18,4
2800.0,280.0,84.0,3.0,2.0,,8.0,10,0,5.0,0,2.0,2.0,2.0,11,8
1700.0,180.0,65.0,3.0,2.0,,,6,3,5.0,0,2.0,,2.0,9,3
1150.0,,28.0,1.0,1.0,,30.0,5,1,2.0,0,1.0,3.0,2.0,7,4
1450.0,140.0,75.0,3.0,,,8.0,14,1,,0,2.0,2.0,3.0,15,2
2199.0,150.0,48.0,1.0,1.0,,2.0,6,0,2.0,0,1.0,1.0,3.0,6,4
2000.0,,44.0,1.0,1.0,1.0,7.0,0,0,2.0,1,1.0,2.0,1.0,0,4
2300.0,280.0,64.0,3.0,1.0,1.0,3.0,6,0,4.0,1,2.0,1.0,3.0,6,4
1900.0,150.0,40.0,1.0,1.0,,0.0,19,4,2.0,0,1.0,1.0,2.0,23,4
1700.0,,85.0,2.0,1.0,,10.0,10,0,3.0,0,2.0,2.0,3.0,11,4
2000.0,190.0,60.0,2.0,2.0,,7.0,13,6,4.0,0,2.0,2.0,2.0,19,4
2200.0,,57.0,2.0,2.0,,2.0,11,1,4.0,0,2.0,1.0,2.0,14,4
2800.0,200.0,68.0,3.0,2.0,,0.0,18,3,5.0,0,2.0,1.0,2.0,21,4
2600.0,150.0,68.0,2.0,2.0,,0.0,18,3,4.0,0,2.0,1.0,2.0,21,4
2221.0,,40.0,1.0,1.0,,0.0,3,0,2.0,0,1.0,1.0,2.0,3,4
5068.0,,125.0,3.0,2.0,1.0,15.0,11,4,5.0,1,3.0,2.0,2.0,15,4
2600.0,195.0,54.0,2.0,2.0,1.0,0.0,6,2,4.0,1,2.0,1.0,3.0,8,4
2300.0,180.0,80.0,3.0,3.0,1.0,7.0,12,0,6.0,1,2.0,2.0,2.0,12,8
2700.0,400.0,90.0,2.0,2.0,1.0,10.0,19,4,4.0,1,2.0,2.0,2.0,23,4
2600.0,,47.0,2.0,2.0,,0.0,12,2,4.0,0,1.0,1.0,3.0,16,4
1800.0,1.0,94.0,3.0,2.0,,1.0,8,1,5.0,0,2.0,1.0,3.0,9,2
1000.0,,75.0,1.0,1.0,1.0,,19,1,2.0,1,2.0,,3.0,20,5
3300.0,500.0,96.0,2.0,2.0,1.0,8.0,0,0,4.0,1,2.0,2.0,2.0,0,6
2700.0,200.0,61.0,2.0,2.0,1.0,0.0,6,2,4.0,1,2.0,1.0,3.0,8,4
1450.0,,39.0,1.0,1.0,,,13,3,2.0,0,1.0,,2.0,16,4
3267.0,300.0,72.0,3.0,2.0,1.0,0.0,16,1,5.0,1,2.0,1.0,2.0,17,4
2400.0,,60.0,1.0,1.0,,4.0,0,0,2.0,0,2.0,1.0,2.0,0,6
2290.0,50.0,97.0,3.0,2.0,1.0,18.0,16,1,5.0,1,2.0,2.0,2.0,17,4
2250.0,,45.0,1.0,1.0,,0.0,16,3,2.0,0,1.0,1.0,2.0,19,4
2500.0,1.0,78.0,3.0,2.0,,0.0,3,4,5.0,0,2.0,1.0,2.0,7,4
2100.0,,70.0,3.0,1.0,,10.0,8,1,4.0,0,2.0,2.0,2.0,9,8
3000.0,,74.0,2.0,2.0,,1.0,7,0,4.0,0,2.0,1.0,3.0,9,2
2300.0,280.0,78.0,3.0,2.0,,0.0,12,4,5.0,0,2.0,1.0,2.0,16,4
2960.0,,105.0,3.0,2.0,,,10,1,5.0,0,3.0,,3.0,12,4
2700.0,200.0,70.0,3.0,1.0,1.0,,18,3,4.0,1,2.0,,2.0,21,4
3000.0,380.0,93.0,2.0,2.0,1.0,,12,2,4.0,1,2.0,,2.0,14,4
2100.0,,90.0,3.0,2.0,1.0,10.0,11,1,5.0,1,2.0,2.0,2.0,12,4
2900.0,200.0,70.0,2.0,1.0,1.0,11.0,16,1,3.0,1,2.0,2.0,2.0,17,4
2500.0,320.0,78.0,2.0,,1.0,1.0,5,0,,1,2.0,1.0,2.0,5,8
4000.0,,232.0,3.0,2.0,1.0,20.0,6,0,5.0,1,3.0,2.0,1.0,6,3
2353.0,,55.0,1.0,1.0,,5.0,23,0,2.0,0,2.0,1.0,2.0,23,8
2500.0,230.0,55.0,2.0,2.0,,0.0,6,0,4.0,0,2.0,1.0,3.0,6,4
2000.0,175.0,45.0,1.0,1.0,,0.0,12,2,2.0,0,1.0,1.0,3.0,16,4
2200.0,250.0,47.0,1.0,1.0,,,17,4,2.0,0,1.0,,2.0,21,4
2250.0,300.0,56.0,2.0,2.0,,0.0,7,3,4.0,0,2.0,1.0,3.0,12,4
2555.0,250.0,39.0,1.0,1.0,,0.0,9,1,2.0,0,1.0,1.0,2.0,10,4
2150.0,180.0,65.0,2.0,2.0,,7.0,17,1,4.0,0,2.0,2.0,3.0,19,2
1800.0,120.0,62.0,2.0,2.0,,14.0,0,0,4.0,0,2.0,2.0,2.0,0,8
2300.0,300.0,54.0,2.0,1.0,,0.0,7,1,3.0,0,2.0,1.0,3.0,9,4
1950.0,240.0,72.0,2.0,2.0,,,17,0,4.0,0,2.0,,2.0,18,4
1500.0,,52.0,3.0,1.0,,2.0,0,0,4.0,0,2.0,1.0,3.0,0,2
3649.0,500.0,120.0,2.0,2.0,1.0,22.0,4,0,4.0,1,3.0,3.0,1.0,4,4
2400.0,280.0,73.0,3.0,3.0,1.0,2.0,13,2,6.0,1,2.0,1.0,2.0,15,4
1800.0,280.0,50.0,1.0,1.0,1.0,8.0,20,0,2.0,1,1.0,2.0,2.0,21,4
2400.0,,107.0,3.0,2.0,,20.0,8,3,5.0,0,3.0,2.0,1.0,13,4
1000.0,,39.0,1.0,1.0,,,13,5,2.0,0,1.0,,2.0,18,4
2000.0,150.0,65.0,3.0,2.0,,0.0,8,0,5.0,0,2.0,1.0,2.0,8,8
2300.0,170.0,52.0,,1.0,,0.0,6,3,,0,2.0,1.0,3.0,11,4
3500.0,300.0,72.0,2.0,2.0,2.0,0.0,5,1,4.0,1,2.0,1.0,2.0,6,4
2250.0,150.0,44.0,1.0,1.0,,0.0,16,3,2.0,0,1.0,1.0,2.0,19,4
3350.0,250.0,75.0,3.0,2.0,1.0,0.0,14,3,5.0,1,2.0,1.0,2.0,17,4
3000.0,250.0,42.0,1.0,1.0,1.0,1.0,8,0,2.0,1,1.0,1.0,2.0,8,4
5082.0,600.0,160.0,3.0,2.0,2.0,15.0,9,4,5.0,1,3.0,2.0,1.0,13,4
1980.0,135.0,37.0,1.0,1.0,,10.0,10,0,2.0,0,1.0,2.0,3.0,11,4
2800.0,260.0,82.0,3.0,2.0,1.0,10.0,8,0,5.0,1,2.0,2.0,2.0,8,8
1800.0,180.0,50.0,1.0,1.0,,0.0,7,3,2.0,0,1.0,1.0,3.0,10,2
1850.0,180.0,51.0,1.0,1.0,,0.0,8,5,2.0,0,2.0,1.0,2.0,13,4
4344.0,400.0,114.0,2.0,2.0,2.0,7.0,8,3,4.0,1,3.0,2.0,1.0,13,4
2400.0,180.0,54.0,2.0,1.0,1.0,0.0,19,4,3.0,1,2.0,1.0,2.0,23,4
2800.0,,77.0,2.0,1.0,1.0,,12,4,3.0,1,2.0,,3.0,18,4
3000.0,340.0,99.0,2.0,2.0,1.0,7.0,16,3,4.0,1,2.0,2.0,2.0,19,4
1500.0,140.0,40.0,1.0,1.0,,0.0,10,0,2.0,0,1.0,1.0,3.0,11,2
2715.0,11.0,48.0,1.0,1.0,,4.0,7,1,2.0,0,1.0,1.0,2.0,8,4
2000.0,185.0,87.0,3.0,3.0,,8.0,0,0,6.0,0,2.0,2.0,2.0,0,8
2350.0,164.0,41.0,1.0,1.0,,1.0,15,0,2.0,0,1.0,1.0,2.0,15,4
2000.0,180.0,44.0,1.0,1.0,,0.0,6,4,2.0,0,1.0,1.0,2.0,10,4
2800.0,210.0,80.0,3.0,2.0,1.0,0.0,10,2,5.0,1,2.0,1.0,2.0,12,4
2800.0,300.0,60.0,2.0,2.0,1.0,1.0,11,1,4.0,1,2.0,1.0,2.0,12,4
2200.0,240.0,73.0,3.0,,,3.0,15,1,,0,2.0,1.0,2.0,17,4
4000.0,450.0,100.0,3.0,2.0,1.0,8.0,1,2,5.0,1,2.0,2.0,2.0,3,4
4163.0,300.0,127.0,2.0,4.0,2.0,6.0,13,0,6.0,1,3.0,2.0,2.0,13,4
2000.0,350.0,111.0,3.0,2.0,1.0,18.0,6,0,5.0,1,3.0,2.0,1.0,6,3
2800.0,140.0,140.0,4.0,3.0,,9.0,8,1,7.0,0,3.0,2.0,3.0,9,4
2700.0,,61.0,2.0,1.0,,9.0,11,0,3.0,0,2.0,2.0,2.0,11,8
1750.0,120.0,30.0,1.0,1.0,,2.0,15,0,2.0,0,1.0,1.0,2.0,16,4
3480.0,550.0,95.0,3.0,2.0,1.0,2.0,10,2,5.0,1,2.0,1.0,1.0,13,4
2700.0,150.0,120.0,3.0,2.0,2.0,14.0,6,3,5.0,1,3.0,2.0,1.0,9,3
1900.0,200.0,50.0,2.0,1.0,,3.0,20,2,3.0,0,1.0,1.0,2.0,23,4
2280.0,165.0,43.0,1.0,1.0,,8.0,2,0,2.0,0,1.0,2.0,2.0,2,4
2500.0,350.0,57.0,2.0,2.0,1.0,1.0,0,0,4.0,1,2.0,1.0,2.0,0,4
2300.0,220.0,60.0,1.0,,1.0,3.0,6,1,,1,2.0,1.0,3.0,7,4
2200.0,150.0,60.0,2.0,2.0,,,14,3,4.0,0,2.0,,2.0,17,4
2300.0,220.0,59.0,1.0,,1.0,,6,1,,1,2.0,,3.0,7,4
2400.0,250.0,65.0,2.0,1.0,1.0,,20,2,3.0,1,2.0,,2.0,23,4
2500.0,,120.0,2.0,2.0,,12.0,10,3,4.0,0,3.0,2.0,2.0,13,4
2000.0,,73.0,2.0,1.0,,12.0,9,0,3.0,0,2.0,2.0,3.0,9,4
2400.0,230.0,85.0,2.0,2.0,,,11,2,4.0,0,2.0,,2.0,13,4
2950.0,280.0,100.0,3.0,2.0,1.0,5.0,28,3,5.0,1,2.0,1.0,2.0,32,4
3000.0,200.0,65.0,2.0,2.0,1.0,,11,1,4.0,1,2.0,,2.0,12,4
2600.0,400.0,80.0,3.0,2.0,1.0,,14,1,5.0,1,2.0,,3.0,16,4
1600.0,170.0,46.0,1.0,1.0,,0.0,5,3,2.0,0,1.0,1.0,3.0,8,2
2200.0,,51.0,2.0,2.0,,4.0,21,1,4.0,0,2.0,1.0,2.0,22,4
2745.0,360.0,72.0,3.0,2.0,,,15,0,5.0,0,2.0,,2.0,15,4
2200.0,200.0,78.0,3.0,2.0,,,12,2,5.0,0,2.0,,2.0,14,4
2700.0,270.0,100.0,4.0,3.0,1.0,13.0,12,2,7.0,1,2.0,2.0,2.0,14,8
2700.0,280.0,47.0,2.0,2.0,,0.0,5,1,4.0,0,1.0,1.0,3.0,8,4
2350.0,200.0,79.0,3.0,2.0,1.0,7.0,14,1,5.0,1,2.0,2.0,2.0,15,8
2600.0,400.0,84.0,2.0,2.0,1.0,8.0,14,3,4.0,1,2.0,2.0,2.0,17,4
2600.0,250.0,74.0,2.0,2.0,,1.0,13,1,4.0,0,2.0,1.0,2.0,14,4
2895.0,,86.0,3.0,2.0,,6.0,12,1,5.0,0,2.0,2.0,2.0,13,4
2500.0,300.0,70.0,3.0,2.0,,5.0,16,3,5.0,0,2.0,1.0,2.0,19,4
2800.0,250.0,70.0,2.0,2.0,1.0,5.0,11,4,4.0,1,2.0,1.0,2.0,16,4
1700.0,,100.0,3.0,2.0,,1.0,1,0,5.0,0,2.0,1.0,4.0,1,3
2650.0,,126.0,3.0,2.0,1.0,10.0,13,1,5.0,1,3.0,2.0,2.0,14,8
2580.0,280.0,69.0,2.0,2.0,1.0,3.0,11,1,4.0,1,2.0,1.0,2.0,13,4
4440.0,550.0,126.0,3.0,3.0,1.0,5.0,1,0,6.0,1,3.0,1.0,1.0,1,4
1500.0,150.0,80.0,2.0,1.0,,4.0,10,1,3.0,0,2.0,1.0,3.0,11,3
2400.0,240.0,60.0,1.0,2.0,,3.0,9,5,3.0,0,2.0,1.0,2.0,14,4
3800.0,,100.0,3.0,2.0,1.0,8.0,18,3,5.0,1,2.0,2.0,2.0,21,4
2900.0,200.0,89.0,2.0,2.0,1.0,8.0,10,3,4.0,1,2.0,2.0,1.0,13,4
1650.0,180.0,42.0,2.0,1.0,,1.0,13,0,3.0,0,1.0,1.0,2.0,13,7
2350.0,250.0,67.0,3.0,2.0,,1.0,13,0,5.0,0,2.0,1.0,2.0,13,7
1800.0,,90.0,2.0,1.0,1.0,8.0,5,0,3.0,1,2.0,2.0,1.0,6,3
2500.0,280.0,90.0,3.0,2.0,,9.0,8,0,5.0,0,2.0,2.0,2.0,8,8
1700.0,,95.0,,1.0,,28.0,14,3,,0,2.0,3.0,2.0,18,4
2200.0,140.0,80.0,2.0,1.0,,5.0,2,0,3.0,0,2.0,1.0,4.0,3,7
2812.0,,71.0,3.0,2.0,1.0,0.0,11,1,5.0,1,2.0,1.0,3.0,13,4
2715.0,250.0,80.0,2.0,2.0,1.0,12.0,16,0,4.0,1,2.0,2.0,2.0,16,4
4590.0,,165.0,4.0,3.0,1.0,12.0,7,1,7.0,1,3.0,2.0,2.0,8,4
2000.0,140.0,47.0,1.0,1.0,,,17,0,2.0,0,1.0,,2.0,18,4
2980.0,350.0,80.0,3.0,2.0,1.0,4.0,8,0,5.0,1,2.0,1.0,2.0,8,8
1900.0,200.0,43.0,1.0,1.0,,0.0,18,3,2.0,0,1.0,1.0,2.0,21,4
1250.0,,19.0,1.0,1.0,,2.0,11,4,2.0,0,1.0,1.0,1.0,15,4
2150.0,250.0,80.0,3.0,2.0,,0.0,10,1,5.0,0,2.0,1.0,2.0,11,4
2300.0,12.0,120.0,3.0,2.0,,20.0,5,1,5.0,0,3.0,2.0,3.0,8,4
1850.0,170.0,66.0,2.0,2.0,,0.0,13,0,4.0,0,2.0,1.0,2.0,13,7
1000.0,100.0,51.0,2.0,1.0,,5.0,0,0,3.0,0,2.0,1.0,3.0,0,2
1850.0,160.0,48.0,1.0,1.0,,2.0,13,3,2.0,0,1.0,1.0,2.0,16,4
1700.0,250.0,60.0,2.0,1.0,,4.0,12,2,3.0,0,2.0,1.0,2.0,14,4
1600.0,150.0,70.0,2.0,1.0,,10.0,0,0,3.0,0,2.0,2.0,2.0,0,8
1750.0,200.0,64.0,3.0,2.0,,2.0,0,0,5.0,0,2.0,1.0,2.0,0,8
4400.0,600.0,135.0,3.0,3.0,1.0,,0,2,6.0,1,3.0,,2.0,2,4
1000.0,,90.0,2.0,2.0,,,0,0,4.0,0,2.0,,3.0,0,5
2999.0,150.0,120.0,3.0,2.0,1.0,1.0,6,0,5.0,1,3.0,1.0,1.0,7,3
1500.0,100.0,65.0,2.0,2.0,,4.0,21,0,4.0,0,2.0,1.0,3.0,21,2
4560.0,200.0,180.0,3.0,2.0,1.0,2.0,7,2,5.0,1,3.0,1.0,1.0,11,4
3100.0,290.0,120.0,4.0,3.0,1.0,10.0,13,0,7.0,1,3.0,2.0,2.0,13,4
2550.0,200.0,47.0,1.0,1.0,1.0,7.0,5,0,2.0,1,1.0,2.0,2.0,5,4
1200.0,100.0,66.0,3.0,1.0,,5.0,0,0,4.0,0,2.0,1.0,3.0,0,2
1500.0,180.0,40.0,,,,0.0,8,0,,0,1.0,1.0,2.0,8,8
1000.0,,40.0,1.0,1.0,,1.0,12,1,2.0,0,1.0,1.0,3.0,13,4
1700.0,140.0,46.0,1.0,1.0,,,12,2,2.0,0,1.0,,2.0,14,4
2400.0,220.0,65.0,2.0,1.0,,5.0,9,1,3.0,0,2.0,1.0,2.0,10,4
2800.0,,60.0,2.0,2.0,,0.0,8,0,4.0,0,2.0,1.0,2.0,8,4
3100.0,350.0,85.0,3.0,2.0,1.0,6.0,5,2,5.0,1,2.0,2.0,2.0,7,4
3600.0,350.0,146.0,3.0,3.0,1.0,2.0,14,5,6.0,1,3.0,1.0,2.0,19,4
3285.0,250.0,150.0,3.0,2.0,1.0,25.0,6,0,5.0,1,3.0,3.0,1.0,6,3
1300.0,105.0,50.0,1.0,1.0,,6.0,0,0,2.0,0,1.0,2.0,2.0,0,4
2000.0,200.0,52.0,1.0,1.0,1.0,0.0,9,1,2.0,1,2.0,1.0,2.0,10,4
2500.0,300.0,86.0,3.0,2.0,,17.0,13,0,5.0,0,2.0,2.0,2.0,13,4
2300.0,160.0,54.0,2.0,1.0,,5.0,10,0,3.0,0,2.0,1.0,3.0,11,4
7137.0,,280.0,4.0,3.0,2.0,1.0,4,1,7.0,1,3.0,1.0,1.0,5,3
2900.0,,80.0,3.0,2.0,1.0,0.0,8,0,5.0,1,2.0,1.0,3.0,8,2
2400.0,300.0,80.0,3.0,2.0,1.0,1.0,5,1,5.0,1,2.0,1.0,3.0,8,4
1600.0,125.0,81.0,3.0,2.0,,3.0,0,0,5.0,0,2.0,1.0,3.0,0,1
1600.0,,44.0,1.0,1.0,,30.0,18,2,2.0,0,1.0,3.0,2.0,21,4
2200.0,280.0,79.0,3.0,2.0,1.0,1.0,13,0,5.0,1,2.0,1.0,2.0,13,8
2700.0,300.0,62.0,2.0,2.0,1.0,0.0,0,0,4.0,1,2.0,1.0,2.0,0,4
2500.0,250.0,100.0,3.0,2.0,1.0,,11,1,5.0,1,2.0,,3.0,12,4
2400.0,250.0,75.0,2.0,2.0,,6.0,13,3,4.0,0,2.0,2.0,2.0,18,4
3300.0,470.0,100.0,3.0,2.0,1.0,10.0,20,1,5.0,1,2.0,2.0,2.0,21,4
3800.0,260.0,180.0,3.0,2.0,2.0,12.0,8,0,5.0,1,3.0,2.0,2.0,8,4
2000.0,,117.0,2.0,,1.0,25.0,10,0,,1,3.0,3.0,3.0,10,4
3200.0,99.0,135.0,3.0,2.0,,3.0,14,1,5.0,0,3.0,1.0,2.0,15,4
1650.0,250.0,45.0,1.0,1.0,,,9,0,2.0,0,1.0,,3.0,10,4
2600.0,380.0,78.0,3.0,2.0,1.0,5.0,10,3,5.0,1,2.0,1.0,3.0,15,4
1550.0,200.0,60.0,,,,,5,0,,0,2.0,,2.0,5,7
1760.0,270.0,45.0,2.0,1.0,,,15,3,3.0,0,1.0,,2.0,18,8
2790.0,170.0,50.0,1.0,2.0,,7.0,17,0,3.0,0,1.0,2.0,2.0,17,4
2150.0,230.0,50.0,1.0,1.0,1.0,,17,1,2.0,1,1.0,,2.0,18,4
1800.0,200.0,51.0,1.0,1.0,,0.0,11,1,2.0,0,2.0,1.0,3.0,12,4
2550.0,440.0,65.0,2.0,2.0,1.0,3.0,7,1,4.0,1,2.0,1.0,2.0,8,4
2500.0,250.0,73.0,3.0,2.0,,0.0,0,0,5.0,0,2.0,1.0,2.0,0,4
2775.0,350.0,170.0,2.0,2.0,1.0,52.0,0,0,4.0,1,3.0,3.0,2.0,0,7
6750.0,350.0,240.0,3.0,3.0,1.0,,4,4,6.0,1,3.0,,1.0,10,4
2804.0,300.0,62.0,2.0,2.0,1.0,0.0,12,0,4.0,1,2.0,1.0,2.0,12,4
2000.0,280.0,60.0,2.0,2.0,,1.0,18,4,4.0,0,2.0,1.0,2.0,22,4
2400.0,250.0,67.0,2.0,2.0,,0.0,4,2,4.0,0,2.0,1.0,3.0,6,2
2300.0,150.0,107.0,3.0,2.0,,4.0,5,0,5.0,0,3.0,1.0,1.0,6,3
2500.0,150.0,110.0,3.0,1.0,1.0,30.0,14,4,4.0,1,3.0,3.0,2.0,18,4
1800.0,150.0,48.0,1.0,1.0,,0.0,0,0,2.0,0,1.0,1.0,2.0,0,8
1600.0,,85.0,2.0,2.0,,1.0,15,1,4.0,0,2.0,1.0,2.0,18,4
1200.0,,40.0,1.0,1.0,,1.0,14,1,2.0,0,1.0,1.0,1.0,17,4
3500.0,300.0,105.0,4.0,3.0,1.0,,16,4,7.0,1,3.0,,2.0,20,4
2000.0,200.0,90.0,3.0,2.0,,8.0,23,1,5.0,0,2.0,2.0,3.0,24,2
900.0,,63.0,3.0,2.0,,3.0,2,0,5.0,0,2.0,1.0,3.0,2,5
6475.0,1100.0,248.0,3.0,2.0,2.0,15.0,10,2,5.0,1,3.0,2.0,2.0,12,7
2750.0,300.0,101.0,3.0,3.0,1.0,,5,0,6.0,1,3.0,,1.0,5,3
2100.0,300.0,87.0,3.0,2.0,1.0,5.0,0,0,5.0,1,2.0,1.0,2.0,0,8
2300.0,280.0,65.0,2.0,2.0,1.0,6.0,6,0,4.0,1,2.0,2.0,3.0,6,4
900.0,,75.0,2.0,1.0,,6.0,14,0,3.0,0,2.0,2.0,3.0,14,5
2300.0,,60.0,3.0,3.0,,0.0,13,6,6.0,0,2.0,1.0,2.0,19,4
4350.0,500.0,120.0,3.0,3.0,2.0,9.0,3,0,6.0,1,3.0,2.0,2.0,3,4
2500.0,,75.0,2.0,2.0,,1.0,3,2,4.0,0,2.0,1.0,2.0,5,7
2100.0,450.0,75.0,3.0,2.0,1.0,6.0,5,0,5.0,1,2.0,2.0,2.0,5,8
2100.0,190.0,52.0,2.0,2.0,,0.0,6,0,4.0,0,2.0,1.0,3.0,6,4
3500.0,275.0,103.0,3.0,3.0,1.0,10.0,8,3,6.0,1,3.0,2.0,1.0,14,4
1600.0,140.0,42.0,1.0,1.0,,10.0,5,0,2.0,0,1.0,2.0,2.0,5,8
2400.0,,90.0,1.0,1.0,,2.0,3,0,2.0,0,2.0,1.0,2.0,3,6
4440.0,500.0,155.0,3.0,2.0,2.0,5.0,11,3,5.0,1,3.0,1.0,2.0,14,7
1550.0,200.0,51.0,2.0,2.0,,0.0,13,0,4.0,0,2.0,1.0,2.0,13,7
1850.0,,60.0,1.0,1.0,,,10,1,2.0,0,2.0,,3.0,12,4
2000.0,200.0,73.0,2.0,2.0,,2.0,17,0,4.0,0,2.0,1.0,2.0,18,8
1600.0,170.0,67.0,3.0,2.0,,8.0,8,0,5.0,0,2.0,2.0,2.0,8,7
2490.0,,78.0,3.0,2.0,1.0,0.0,15,0,5.0,1,2.0,1.0,2.0,17,4
2146.0,,45.0,1.0,1.0,1.0,2.0,19,2,2.0,1,1.0,1.0,2.0,21,4
2000.0,,81.0,3.0,2.0,,5.0,14,1,5.0,0,2.0,1.0,2.0,16,4
1500.0,185.0,40.0,,1.0,,5.0,6,0,,0,1.0,1.0,2.0,6,8
1550.0,180.0,50.0,2.0,2.0,,0.0,0,0,4.0,0,1.0,1.0,3.0,0,1
2200.0,258.0,65.0,3.0,2.0,,5.0,16,3,5.0,0,2.0,1.0,2.0,19,4
1850.0,150.0,45.0,1.0,1.0,,7.0,6,3,2.0,0,1.0,2.0,3.0,11,4
2500.0,200.0,40.0,1.0,1.0,1.0,0.0,14,0,2.0,1,1.0,1.0,2.0,14,4
2300.0,250.0,81.0,3.0,3.0,,16.0,0,0,6.0,0,2.0,2.0,2.0,0,4
3000.0,,120.0,,4.0,1.0,15.0,6,0,,1,3.0,2.0,1.0,6,3
1600.0,190.0,70.0,3.0,2.0,,7.0,11,0,5.0,0,2.0,2.0,2.0,11,7
2200.0,180.0,48.0,1.0,1.0,,0.0,3,2,2.0,0,1.0,1.0,2.0,6,4
5840.0,300.0,190.0,3.0,3.0,2.0,14.0,5,4,6.0,1,3.0,2.0,1.0,9,4
2100.0,100.0,72.0,3.0,2.0,,12.0,16,3,5.0,0,2.0,2.0,2.0,20,4
2400.0,204.0,80.0,3.0,2.0,,18.0,13,1,5.0,0,2.0,2.0,3.0,14,4
1184.0,90.0,40.0,,1.0,,50.0,23,0,,0,1.0,3.0,3.0,24,2
2700.0,318.0,71.0,3.0,2.0,1.0,0.0,7,5,5.0,1,2.0,1.0,2.0,12,4
3980.0,550.0,122.0,3.0,3.0,1.0,0.0,11,1,6.0,1,3.0,1.0,3.0,13,4
2500.0,180.0,76.0,2.0,2.0,1.0,12.0,13,0,4.0,1,2.0,2.0,3.0,13,2
2200.0,128.0,40.0,1.0,1.0,,0.0,7,2,2.0,0,1.0,1.0,2.0,10,7
927.0,,63.0,2.0,1.0,,6.0,11,0,3.0,0,2.0,2.0,3.0,11,3
1300.0,,60.0,2.0,1.0,,0.0,15,0,3.0,0,2.0,1.0,3.0,15,2
2400.0,200.0,120.0,3.0,2.0,1.0,10.0,0,0,5.0,1,3.0,2.0,2.0,0,6
2000.0,130.0,92.0,2.0,2.0,,10.0,22,2,4.0,0,2.0,2.0,3.0,26,2
4000.0,,180.0,3.0,3.0,1.0,15.0,3,8,6.0,1,3.0,2.0,1.0,11,4
2650.0,250.0,86.0,3.0,2.0,1.0,3.0,15,1,5.0,1,2.0,1.0,2.0,16,8
2300.0,270.0,76.0,2.0,2.0,,4.0,0,0,4.0,0,2.0,1.0,2.0,0,4
4450.0,520.0,140.0,3.0,2.0,2.0,9.0,4,0,5.0,1,3.0,2.0,1.0,4,4
3357.0,,140.0,2.0,2.0,1.0,5.0,1,0,4.0,1,3.0,1.0,2.0,1,6
2690.0,300.0,62.0,2.0,2.0,1.0,0.0,12,0,4.0,1,2.0,1.0,2.0,12,4
2400.0,,90.0,1.0,1.0,,0.0,2,0,2.0,0,2.0,1.0,2.0,3,6
2007.0,120.0,56.0,2.0,2.0,,8.0,15,4,4.0,0,2.0,2.0,3.0,19,2
1650.0,120.0,35.0,1.0,1.0,,10.0,12,4,2.0,0,1.0,2.0,3.0,17,2
2100.0,200.0,90.0,3.0,2.0,,9.0,9,3,5.0,0,2.0,2.0,2.0,12,8
2600.0,350.0,71.0,2.0,2.0,1.0,5.0,1,3,4.0,1,2.0,1.0,2.0,4,4
2900.0,300.0,65.0,2.0,2.0,,5.0,0,2,4.0,0,2.0,1.0,2.0,2,4
1600.0,,65.0,2.0,1.0,,,5,0,3.0,0,2.0,,2.0,5,8
9050.0,,320.0,4.0,4.0,2.0,7.0,6,0,8.0,1,3.0,2.0,1.0,7,4
2600.0,250.0,120.0,3.0,2.0,1.0,,11,2,5.0,1,3.0,,2.0,13,8
1700.0,200.0,50.0,1.0,1.0,,8.0,15,0,2.0,0,1.0,2.0,2.0,15,8
1100.0,,89.0,3.0,,,19.0,17,0,,0,2.0,2.0,3.0,17,5
2700.0,400.0,81.0,2.0,2.0,1.0,0.0,0,2,4.0,1,2.0,1.0,2.0,2,4
2100.0,250.0,72.0,2.0,2.0,1.0,8.0,10,0,4.0,1,2.0,2.0,3.0,11,4
2200.0,120.0,105.0,4.0,2.0,,18.0,9,0,6.0,0,3.0,2.0,2.0,10,8
3300.0,,160.0,4.0,3.0,,12.0,14,3,7.0,0,3.0,2.0,2.0,17,4
2340.0,250.0,70.0,2.0,1.0,1.0,,0,0,3.0,1,2.0,,2.0,0,6
1750.0,190.0,48.0,1.0,1.0,,0.0,9,0,2.0,0,1.0,1.0,2.0,9,4
2300.0,230.0,90.0,3.0,2.0,,,17,1,5.0,0,2.0,,2.0,18,8
3400.0,280.0,106.0,4.0,3.0,1.0,5.0,6,2,7.0,1,3.0,1.0,2.0,8,4
1500.0,,40.0,1.0,1.0,,10.0,12,0,2.0,0,1.0,2.0,3.0,12,4
1200.0,55.0,72.0,2.0,1.0,,3.0,7,0,3.0,0,2.0,1.0,2.0,7,7
2200.0,,113.0,2.0,1.0,,28.0,8,0,3.0,0,3.0,3.0,3.0,8,3
800.0,,25.0,1.0,1.0,,20.0,18,0,2.0,0,1.0,2.0,2.0,19,7
2300.0,220.0,65.0,2.0,1.0,1.0,10.0,13,1,3.0,1,2.0,2.0,3.0,16,4
900.0,,90.0,3.0,1.0,,5.0,10,0,4.0,0,2.0,1.0,3.0,11,5
2200.0,50.0,120.0,3.0,2.0,,3.0,19,0,5.0,0,3.0,1.0,2.0,20,7
2200.0,50.0,120.0,3.0,2.0,1.0,3.0,19,0,5.0,1,3.0,1.0,2.0,20,7
2750.0,200.0,40.0,1.0,1.0,1.0,4.0,8,1,2.0,1,1.0,1.0,3.0,9,4
1850.0,,92.0,3.0,2.0,,10.0,15,0,5.0,0,2.0,2.0,1.0,15,3
2500.0,180.0,88.0,3.0,,,6.0,13,1,,0,2.0,2.0,3.0,14,4
1800.0,,110.0,2.0,2.0,,10.0,2,0,4.0,0,3.0,2.0,1.0,2,3
2500.0,250.0,69.0,2.0,2.0,,8.0,13,2,4.0,0,2.0,2.0,2.0,15,4
2650.0,350.0,81.0,2.0,2.0,1.0,,8,1,4.0,1,2.0,,3.0,9,4
2400.0,250.0,80.0,3.0,2.0,,,11,3,5.0,0,2.0,,2.0,14,4
2700.0,,100.0,3.0,3.0,1.0,15.0,10,1,6.0,1,2.0,2.0,1.0,11,3
2500.0,60.0,115.0,2.0,2.0,1.0,0.0,6,4,4.0,1,3.0,1.0,3.0,10,2
2400.0,200.0,66.0,2.0,2.0,1.0,8.0,17,0,4.0,1,2.0,2.0,2.0,18,4
2405.0,350.0,86.0,3.0,2.0,1.0,10.0,14,0,5.0,1,2.0,2.0,2.0,14,4
3303.0,200.0,81.0,3.0,2.0,1.0,0.0,8,1,5.0,1,2.0,1.0,3.0,9,4
2800.0,100.0,91.0,3.0,2.0,1.0,21.0,6,0,5.0,1,2.0,3.0,1.0,6,3
3490.0,,200.0,3.0,2.0,1.0,5.0,0,0,5.0,1,3.0,1.0,2.0,0,7
2850.0,190.0,62.0,2.0,2.0,1.0,,7,2,4.0,1,2.0,,3.0,9,4
5365.0,,110.0,2.0,2.0,1.0,1.0,2,0,4.0,1,3.0,1.0,2.0,2,7
890.0,30.0,90.0,3.0,1.0,,20.0,16,1,4.0,0,2.0,2.0,3.0,18,5
2405.0,100.0,70.0,2.0,1.0,,15.0,7,3,3.0,0,2.0,2.0,1.0,14,4
1800.0,65.0,70.0,2.0,2.0,,7.0,12,0,4.0,0,2.0,2.0,2.0,13,7
2200.0,300.0,65.0,2.0,2.0,1.0,2.0,0,0,4.0,1,2.0,1.0,2.0,0,6
2900.0,420.0,92.0,3.0,2.0,2.0,10.0,9,0,5.0,1,2.0,2.0,3.0,10,4
1000.0,,80.0,2.0,2.0,,0.0,34,0,4.0,0,2.0,1.0,3.0,35,5
6560.0,600.0,189.0,3.0,3.0,1.0,14.0,2,2,6.0,1,3.0,2.0,2.0,4,7
3982.0,350.0,90.0,3.0,2.0,1.0,1.0,6,0,5.0,1,2.0,1.0,1.0,6,4
2500.0,280.0,57.0,2.0,2.0,1.0,2.0,18,4,4.0,1,2.0,1.0,2.0,22,4
3700.0,550.0,122.0,3.0,2.0,1.0,15.0,2,0,5.0,1,3.0,2.0,1.0,3,4
2300.0,40.0,96.0,3.0,2.0,,7.0,8,0,5.0,0,2.0,2.0,3.0,8,3
2550.0,275.0,80.0,3.0,3.0,,18.0,17,4,6.0,0,2.0,2.0,2.0,21,4
2600.0,180.0,100.0,3.0,2.0,1.0,17.0,10,1,5.0,1,2.0,2.0,2.0,12,4
900.0,,26.0,1.0,1.0,,10.0,11,2,2.0,0,1.0,2.0,2.0,13,8
3565.0,300.0,115.0,3.0,3.0,1.0,13.0,12,2,6.0,1,3.0,2.0,1.0,14,4
2600.0,,120.0,3.0,2.0,,0.0,18,0,5.0,0,3.0,1.0,2.0,18,3
1790.0,160.0,69.0,3.0,2.0,,5.0,11,0,5.0,0,2.0,1.0,2.0,11,3
2400.0,300.0,57.0,2.0,2.0,,2.0,17,4,4.0,0,2.0,1.0,2.0,21,4
8322.0,800.0,284.0,3.0,4.0,2.0,9.0,0,0,7.0,1,3.0,2.0,1.0,0,4
900.0,,70.0,2.0,1.0,,10.0,13,0,3.0,0,2.0,2.0,3.0,13,5
3000.0,300.0,60.0,2.0,1.0,1.0,0.0,17,2,3.0,1,2.0,1.0,2.0,19,4
900.0,,25.0,1.0,1.0,,0.0,13,5,2.0,0,1.0,1.0,2.0,18,4
2500.0,290.0,60.0,2.0,2.0,1.0,6.0,13,2,4.0,1,2.0,2.0,2.0,15,4
1250.0,30.0,140.0,2.0,2.0,,5.0,19,1,4.0,0,3.0,1.0,2.0,20,3
1700.0,100.0,68.0,2.0,2.0,,20.0,12,2,4.0,0,2.0,2.0,2.0,14,4
4784.0,700.0,165.0,3.0,2.0,2.0,10.0,3,0,5.0,1,3.0,2.0,1.0,4,4
2000.0,200.0,60.0,2.0,2.0,1.0,7.0,14,0,4.0,1,2.0,2.0,2.0,14,8
2800.0,390.0,102.0,3.0,3.0,1.0,,6,0,6.0,1,3.0,,1.0,6,3
5076.0,550.0,135.0,3.0,2.0,2.0,8.0,1,0,5.0,1,3.0,2.0,1.0,1,4
3515.0,400.0,120.0,3.0,3.0,1.0,12.0,6,0,6.0,1,3.0,2.0,1.0,6,4
2300.0,200.0,106.0,3.0,3.0,1.0,25.0,7,0,6.0,1,3.0,3.0,1.0,7,3
1950.0,200.0,70.0,3.0,2.0,,10.0,9,0,5.0,0,2.0,2.0,2.0,9,8
4625.0,500.0,135.0,3.0,3.0,2.0,10.0,6,0,6.0,1,3.0,2.0,1.0,6,4
3572.0,300.0,193.0,3.0,3.0,1.0,10.0,5,3,6.0,1,3.0,2.0,1.0,8,3
6660.0,670.0,200.0,3.0,3.0,2.0,2.0,12,0,6.0,1,3.0,1.0,2.0,13,7
2800.0,280.0,65.0,2.0,2.0,1.0,1.0,16,3,4.0,1,2.0,1.0,2.0,19,4
2300.0,200.0,70.0,3.0,2.0,,20.0,10,2,5.0,0,2.0,2.0,2.0,12,8
2100.0,,48.0,1.0,1.0,1.0,6.0,8,3,2.0,1,1.0,2.0,1.0,13,4
1700.0,180.0,68.0,3.0,2.0,,7.0,3,2,5.0,0,2.0,2.0,2.0,7,7
1800.0,250.0,55.0,2.0,2.0,,3.0,13,1,4.0,0,2.0,1.0,2.0,15,4
2500.0,260.0,61.0,2.0,2.0,1.0,0.0,9,3,4.0,1,2.0,1.0,2.0,12,8
3100.0,370.0,100.0,3.0,2.0,1.0,5.0,2,2,5.0,1,2.0,1.0,2.0,4,7
2300.0,250.0,65.0,3.0,2.0,,3.0,8,1,5.0,0,2.0,1.0,3.0,9,4
1600.0,,136.0,4.0,2.0,,0.0,13,0,6.0,0,3.0,1.0,4.0,13,8
2100.0,180.0,61.0,,2.0,,14.0,12,1,,0,2.0,2.0,2.0,13,8
3700.0,400.0,165.0,4.0,3.0,,16.0,16,3,7.0,0,3.0,2.0,2.0,19,4
1600.0,100.0,55.0,1.0,1.0,,,4,2,2.0,0,2.0,,1.0,8,4
1600.0,,40.0,,2.0,,15.0,3,0,,0,1.0,2.0,2.0,3,6
1650.0,,97.0,2.0,1.0,,10.0,5,0,3.0,0,2.0,2.0,1.0,6,3
3200.0,600.0,80.0,2.0,2.0,2.0,3.0,3,0,4.0,1,2.0,1.0,2.0,3,6
4995.0,410.0,200.0,4.0,4.0,1.0,5.0,0,0,8.0,1,3.0,1.0,2.0,0,6
2200.0,,128.0,3.0,1.0,,15.0,21,1,4.0,0,3.0,2.0,4.0,23,8
4440.0,500.0,130.0,3.0,3.0,2.0,15.0,0,0,6.0,1,3.0,2.0,2.0,0,6
3578.0,340.0,106.0,3.0,3.0,2.0,14.0,13,2,6.0,1,3.0,2.0,1.0,15,4
4180.0,400.0,125.0,3.0,3.0,2.0,10.0,9,1,6.0,1,3.0,2.0,1.0,10,4
1800.0,150.0,38.0,1.0,1.0,,0.0,5,0,2.0,0,1.0,1.0,2.0,5,8
1300.0,100.0,60.0,1.0,1.0,,5.0,15,0,2.0,0,2.0,1.0,3.0,15,3
1750.0,110.0,100.0,3.0,2.0,,5.0,0,0,5.0,0,2.0,1.0,2.0,0,3
900.0,,100.0,3.0,2.0,,5.0,11,0,5.0,0,2.0,1.0,4.0,11,5
2500.0,,72.0,3.0,2.0,1.0,,11,1,5.0,1,2.0,,2.0,12,4
2300.0,230.0,50.0,2.0,,,0.0,18,3,,0,1.0,1.0,2.0,21,4
2050.0,,138.0,2.0,2.0,,0.0,25,0,4.0,0,3.0,1.0,4.0,25,7
1400.0,,72.0,2.0,1.0,,48.0,9,0,3.0,0,2.0,3.0,3.0,9,2
3200.0,200.0,103.0,3.0,2.0,1.0,,16,2,5.0,1,3.0,,3.0,18,4
1200.0,,140.0,,,,0.0,7,0,,0,3.0,1.0,4.0,7,7
3000.0,400.0,100.0,3.0,2.0,1.0,8.0,7,0,5.0,1,2.0,2.0,2.0,7,4
11000.0,1000.0,225.0,4.0,4.0,2.0,0.0,2,0,8.0,1,3.0,1.0,1.0,2,4
1100.0,,53.0,2.0,1.0,,6.0,6,0,3.0,0,2.0,2.0,4.0,6,8
2600.0,,70.0,3.0,2.0,,,6,0,5.0,0,2.0,,2.0,8,4
3330.0,,70.0,3.0,2.0,1.0,0.0,2,0,5.0,1,2.0,1.0,1.0,2,4
2800.0,300.0,98.0,3.0,2.0,1.0,6.0,18,1,5.0,1,2.0,2.0,2.0,19,4
5100.0,450.0,143.0,3.0,3.0,2.0,0.0,10,1,6.0,1,3.0,1.0,1.0,11,4
2964.0,,65.0,2.0,2.0,,0.0,28,3,4.0,0,2.0,1.0,2.0,32,4
1100.0,,90.0,2.0,2.0,,25.0,25,0,4.0,0,2.0,3.0,3.0,25,5
1150.0,300.0,78.0,2.0,1.0,,26.0,19,0,3.0,0,2.0,3.0,3.0,19,5
2450.0,270.0,74.0,3.0,2.0,,12.0,7,1,5.0,0,2.0,2.0,3.0,9,2
1000.0,,74.0,3.0,2.0,,9.0,16,1,5.0,0,2.0,2.0,3.0,19,2
4400.0,450.0,120.0,3.0,3.0,2.0,2.0,14,0,6.0,1,3.0,1.0,3.0,14,2
1150.0,,76.0,3.0,2.0,,6.0,10,0,5.0,0,2.0,2.0,3.0,11,2
2800.0,230.0,88.0,2.0,2.0,1.0,8.0,12,1,4.0,1,2.0,2.0,2.0,13,8
1350.0,,35.0,1.0,1.0,,15.0,18,0,2.0,0,1.0,2.0,3.0,19,2
2500.0,,60.0,3.0,2.0,,0.0,16,3,5.0,0,2.0,1.0,2.0,19,4
3000.0,300.0,79.0,3.0,2.0,1.0,5.0,0,0,5.0,1,2.0,1.0,2.0,0,4
3200.0,450.0,83.0,2.0,2.0,1.0,0.0,13,0,4.0,1,2.0,1.0,2.0,13,4
1500.0,,59.0,1.0,1.0,,30.0,19,1,2.0,0,2.0,3.0,3.0,21,2
1100.0,,75.0,2.0,1.0,,5.0,19,0,3.0,0,2.0,1.0,3.0,19,5
2500.0,150.0,68.0,3.0,2.0,,23.0,17,2,5.0,0,2.0,3.0,2.0,19,4
3400.0,450.0,83.0,3.0,2.0,1.0,5.0,13,0,5.0,1,2.0,1.0,2.0,13,4
2900.0,320.0,60.0,2.0,2.0,1.0,5.0,13,0,4.0,1,2.0,1.0,2.0,13,4
2800.0,200.0,52.0,2.0,2.0,1.0,2.0,12,1,4.0,1,2.0,1.0,2.0,13,4
2800.0,220.0,65.0,2.0,2.0,1.0,0.0,14,3,4.0,1,2.0,1.0,2.0,17,4
900.0,10.0,60.0,2.0,2.0,,0.0,19,0,4.0,0,2.0,1.0,2.0,19,3
950.0,10.0,60.0,2.0,2.0,,0.0,6,0,4.0,0,2.0,1.0,3.0,6,3
1100.0,,58.0,2.0,2.0,,3.0,7,0,4.0,0,2.0,1.0,3.0,7,5
1350.0,,71.0,2.0,1.0,,,15,0,3.0,0,2.0,,2.0,15,7
2350.0,350.0,82.0,2.0,2.0,1.0,10.0,8,2,4.0,1,2.0,2.0,1.0,12,4
2000.0,,49.0,1.0,1.0,,10.0,15,1,2.0,0,1.0,2.0,2.0,17,4
2100.0,180.0,43.0,1.0,1.0,1.0,10.0,17,4,2.0,1,1.0,2.0,2.0,21,4
2400.0,200.0,70.0,2.0,2.0,,8.0,18,0,4.0,0,2.0,2.0,2.0,18,4
2700.0,250.0,76.0,2.0,2.0,1.0,9.0,7,0,4.0,1,2.0,2.0,3.0,8,4
800.0,120.0,59.0,3.0,2.0,,4.0,0,0,5.0,0,2.0,1.0,4.0,0,7
2500.0,260.0,73.0,3.0,2.0,,2.0,10,0,5.0,0,2.0,1.0,2.0,10,4
4000.0,,116.0,2.0,3.0,2.0,2.0,6,0,5.0,1,3.0,1.0,1.0,6,3
2200.0,230.0,45.0,1.0,1.0,,0.0,15,0,2.0,0,1.0,1.0,2.0,15,4
2100.0,180.0,72.0,2.0,2.0,,25.0,18,1,4.0,0,2.0,3.0,2.0,19,4
1250.0,,33.0,1.0,,,1.0,20,0,,0,1.0,1.0,2.0,21,7
2200.0,80.0,115.0,3.0,2.0,,18.0,5,0,5.0,0,3.0,2.0,1.0,5,3
1500.0,150.0,82.0,3.0,2.0,1.0,10.0,5,0,5.0,1,2.0,2.0,3.0,5,3
3000.0,380.0,131.0,3.0,3.0,,3.0,14,0,6.0,0,3.0,1.0,2.0,14,8
1900.0,,65.0,2.0,2.0,,5.0,0,0,4.0,0,2.0,1.0,2.0,0,8
2000.0,,35.0,1.0,1.0,,4.0,4,0,2.0,0,1.0,1.0,1.0,4,4
2200.0,260.0,64.0,3.0,2.0,1.0,,14,3,5.0,1,2.0,,2.0,17,4
1300.0,,26.0,1.0,1.0,,40.0,6,0,2.0,0,1.0,3.0,2.0,8,4
3300.0,300.0,101.0,3.0,2.0,1.0,10.0,0,0,5.0,1,3.0,2.0,2.0,0,8
2400.0,250.0,43.0,1.0,1.0,,0.0,16,1,2.0,0,1.0,1.0,2.0,17,4
1100.0,,45.0,1.0,1.0,,0.0,15,0,2.0,0,1.0,1.0,2.0,15,7
2050.0,180.0,55.0,1.0,1.0,1.0,6.0,14,0,2.0,1,2.0,2.0,2.0,14,8
2000.0,150.0,43.0,1.0,1.0,,,12,1,2.0,0,1.0,,3.0,13,4
2000.0,,72.0,2.0,2.0,,12.0,13,3,4.0,0,2.0,2.0,2.0,17,4
1800.0,100.0,78.0,2.0,1.0,,42.0,10,3,3.0,0,2.0,3.0,2.0,13,4
3500.0,450.0,93.0,2.0,2.0,1.0,1.0,7,0,4.0,1,2.0,1.0,2.0,7,4
2600.0,390.0,80.0,2.0,2.0,1.0,7.0,6,4,4.0,1,2.0,2.0,2.0,10,4
2400.0,250.0,43.0,1.0,1.0,,0.0,0,0,2.0,0,1.0,1.0,2.0,0,4
1900.0,200.0,46.0,1.0,1.0,,2.0,15,1,2.0,0,1.0,1.0,2.0,16,4
2600.0,250.0,42.0,1.0,1.0,1.0,0.0,0,0,2.0,1,1.0,1.0,2.0,0,4
2000.0,200.0,38.0,1.0,1.0,,0.0,15,4,2.0,0,1.0,1.0,2.0,19,4
1700.0,100.0,75.0,2.0,2.0,1.0,15.0,6,1,4.0,1,2.0,2.0,1.0,7,3
5658.0,660.0,187.0,3.0,2.0,1.0,15.0,7,2,5.0,1,3.0,2.0,2.0,10,7
2300.0,,89.0,3.0,2.0,,14.0,20,2,5.0,0,2.0,2.0,2.0,23,4
1980.0,150.0,42.0,1.0,1.0,1.0,3.0,10,0,2.0,1,1.0,1.0,3.0,11,4
1200.0,,45.0,1.0,1.0,,15.0,0,0,2.0,0,1.0,2.0,2.0,0,4
3000.0,220.0,85.0,4.0,2.0,1.0,19.0,0,0,6.0,1,2.0,2.0,2.0,0,4
3700.0,400.0,98.0,3.0,2.0,1.0,12.0,12,0,5.0,1,2.0,2.0,2.0,12,4
1000.0,150.0,60.0,3.0,1.0,,5.0,14,0,4.0,0,2.0,1.0,3.0,14,5
2950.0,350.0,65.0,3.0,2.0,2.0,1.0,12,5,5.0,1,2.0,1.0,2.0,17,4
1050.0,,58.0,2.0,1.0,,10.0,17,0,3.0,0,2.0,2.0,3.0,17,5
2700.0,350.0,68.0,3.0,2.0,,0.0,16,3,5.0,0,2.0,1.0,2.0,19,4
2450.0,200.0,42.0,1.0,1.0,1.0,,2,4,2.0,1,1.0,,2.0,7,4
2290.0,,74.0,3.0,2.0,1.0,0.0,15,1,5.0,1,2.0,1.0,2.0,16,8
9490.0,780.0,260.0,5.0,4.0,2.0,3.0,1,0,9.0,1,3.0,1.0,1.0,1,4
3000.0,280.0,78.0,2.0,2.0,1.0,15.0,15,3,4.0,1,2.0,2.0,3.0,18,2
2450.0,260.0,55.0,1.0,1.0,1.0,5.0,0,2,2.0,1,2.0,1.0,2.0,2,4
2600.0,300.0,99.0,3.0,2.0,1.0,12.0,0,0,5.0,1,2.0,2.0,2.0,0,8
3200.0,300.0,75.0,2.0,2.0,1.0,0.0,7,0,4.0,1,2.0,1.0,3.0,9,2
2200.0,200.0,52.0,1.0,1.0,,,16,3,2.0,0,2.0,,2.0,19,4
2800.0,,74.0,3.0,2.0,1.0,,6,0,5.0,1,2.0,,3.0,6,4
1800.0,,60.0,2.0,2.0,,25.0,0,0,4.0,0,2.0,3.0,2.0,0,8
900.0,2.0,70.0,2.0,1.0,,15.0,29,0,3.0,0,2.0,2.0,3.0,29,5
1950.0,100.0,47.0,2.0,1.0,,50.0,16,3,3.0,0,1.0,3.0,2.0,19,4
1700.0,180.0,51.0,1.0,1.0,1.0,0.0,0,0,2.0,1,2.0,1.0,2.0,0,8
1150.0,,54.0,2.0,1.0,,2.0,32,0,3.0,0,2.0,1.0,3.0,34,2
7232.0,700.0,315.0,3.0,3.0,2.0,20.0,4,0,6.0,1,3.0,2.0,1.0,5,4
2300.0,,59.0,2.0,2.0,,1.0,25,1,4.0,0,2.0,1.0,2.0,26,8
3000.0,,66.0,3.0,2.0,1.0,0.0,1,0,5.0,1,2.0,1.0,2.0,2,6
2200.0,200.0,42.0,1.0,1.0,,0.0,14,3,2.0,0,1.0,1.0,2.0,17,4
2800.0,,92.0,2.0,2.0,1.0,5.0,14,4,4.0,1,2.0,1.0,2.0,18,4
3200.0,220.0,120.0,3.0,3.0,1.0,15.0,0,0,6.0,1,3.0,2.0,2.0,0,4
2500.0,40.0,140.0,5.0,2.0,,37.0,24,3,7.0,0,3.0,3.0,3.0,27,5
3515.0,475.0,73.0,3.0,2.0,,4.0,0,0,5.0,0,2.0,1.0,2.0,0,6
3800.0,,240.0,3.0,2.0,1.0,3.0,6,0,5.0,1,3.0,1.0,3.0,6,4
1400.0,140.0,86.0,3.0,2.0,1.0,0.0,15,0,5.0,1,2.0,1.0,3.0,15,2
2350.0,200.0,58.0,2.0,2.0,1.0,3.0,6,1,4.0,1,2.0,1.0,3.0,7,4
1500.0,,80.0,2.0,2.0,,15.0,7,0,4.0,0,2.0,2.0,3.0,7,1
1200.0,160.0,70.0,3.0,2.0,,0.0,19,0,5.0,0,2.0,1.0,3.0,19,5
2700.0,200.0,70.0,1.0,1.0,1.0,5.0,2,0,2.0,1,2.0,1.0,2.0,2,4
3124.0,350.0,100.0,3.0,2.0,1.0,9.0,10,3,5.0,1,2.0,2.0,1.0,13,4
6000.0,350.0,196.0,4.0,4.0,1.0,13.0,9,4,8.0,1,3.0,2.0,1.0,13,4
1850.0,60.0,55.0,2.0,2.0,,12.0,14,0,4.0,0,2.0,2.0,2.0,14,4
2000.0,200.0,74.0,3.0,2.0,,10.0,12,1,5.0,0,2.0,2.0,2.0,13,4
5500.0,,220.0,4.0,3.0,1.0,12.0,8,3,7.0,1,3.0,2.0,1.0,13,4
3300.0,290.0,66.0,2.0,2.0,1.0,4.0,16,3,4.0,1,2.0,1.0,2.0,19,4
3145.0,270.0,99.0,3.0,2.0,,8.0,0,0,5.0,0,2.0,2.0,2.0,0,4
3100.0,230.0,100.0,3.0,3.0,,7.0,17,4,6.0,0,2.0,2.0,2.0,21,4
3500.0,250.0,80.0,3.0,2.0,,7.0,22,6,5.0,0,2.0,2.0,2.0,28,4
2000.0,,75.0,3.0,1.0,,20.0,10,3,4.0,0,2.0,2.0,2.0,13,8
2000.0,250.0,44.0,1.0,1.0,,0.0,16,1,2.0,0,1.0,1.0,2.0,17,4
2650.0,,81.0,2.0,2.0,1.0,8.0,12,2,4.0,1,2.0,2.0,2.0,14,4
3000.0,280.0,74.0,2.0,2.0,1.0,0.0,15,3,4.0,1,2.0,1.0,3.0,18,2
2600.0,250.0,55.0,2.0,2.0,,0.0,28,3,4.0,0,2.0,1.0,2.0,32,4
2750.0,270.0,56.0,2.0,2.0,1.0,,12,2,4.0,1,2.0,,3.0,16,4
2700.0,,65.0,2.0,2.0,1.0,0.0,17,6,4.0,1,2.0,1.0,2.0,23,4
1000.0,,75.0,2.0,1.0,,10.0,19,1,3.0,0,2.0,2.0,3.0,20,5
4745.0,600.0,156.0,3.0,2.0,2.0,15.0,3,0,5.0,1,3.0,2.0,1.0,4,4
2200.0,200.0,70.0,2.0,2.0,,20.0,10,2,4.0,0,2.0,2.0,2.0,12,8
3200.0,150.0,110.0,3.0,2.0,1.0,18.0,7,1,5.0,1,3.0,2.0,1.0,8,4
2300.0,200.0,63.0,2.0,2.0,,0.0,18,4,4.0,0,2.0,1.0,2.0,22,4
2800.0,,84.0,3.0,2.0,,1.0,15,1,5.0,0,2.0,1.0,3.0,17,4
2100.0,120.0,114.0,3.0,3.0,,12.0,7,1,6.0,0,3.0,2.0,2.0,9,8
2300.0,110.0,57.0,2.0,2.0,,2.0,6,0,4.0,0,2.0,1.0,3.0,6,4
3000.0,280.0,61.0,2.0,2.0,,3.0,12,0,4.0,0,2.0,1.0,2.0,12,4
3660.0,290.0,204.0,3.0,4.0,2.0,11.0,2,2,7.0,1,3.0,2.0,2.0,6,4
2000.0,,90.0,3.0,2.0,,40.0,15,0,5.0,0,2.0,3.0,3.0,16,3
1500.0,,50.0,1.0,1.0,,0.0,0,0,2.0,0,1.0,1.0,2.0,0,8
1500.0,,44.0,1.0,1.0,,0.0,0,0,2.0,0,1.0,1.0,2.0,0,8
900.0,,80.0,2.0,1.0,,0.0,21,0,3.0,0,2.0,1.0,3.0,22,5
2420.0,160.0,43.0,1.0,1.0,1.0,,8,4,2.0,1,1.0,,2.0,12,4
2700.0,80.0,50.0,1.0,2.0,,2.0,6,0,3.0,0,1.0,1.0,1.0,6,3
5336.0,510.0,128.0,4.0,2.0,2.0,1.0,3,0,6.0,1,3.0,1.0,2.0,4,6
3690.0,,65.0,3.0,2.0,,0.0,16,1,5.0,0,2.0,1.0,2.0,17,4
2500.0,,68.0,2.0,2.0,,5.0,6,0,4.0,0,2.0,1.0,3.0,6,4
3200.0,,75.0,3.0,2.0,,3.0,5,1,5.0,0,2.0,1.0,3.0,8,4
1900.0,,68.0,3.0,2.0,,17.0,13,0,5.0,0,2.0,2.0,2.0,14,8
2700.0,250.0,68.0,2.0,2.0,1.0,,11,0,4.0,1,2.0,,3.0,12,4
950.0,,53.0,3.0,1.0,1.0,0.0,16,0,4.0,1,2.0,1.0,3.0,16,5
3600.0,1.0,125.0,2.0,2.0,1.0,12.0,9,0,4.0,1,3.0,2.0,2.0,9,4
1800.0,,90.0,3.0,1.0,,10.0,24,4,4.0,0,2.0,2.0,2.0,30,7
1653.0,150.0,45.0,1.0,1.0,,5.0,12,3,2.0,0,1.0,1.0,2.0,16,7
2560.0,250.0,55.0,2.0,2.0,,1.0,3,0,4.0,0,2.0,1.0,2.0,3,6
1400.0,,69.0,2.0,1.0,,10.0,13,0,3.0,0,2.0,2.0,3.0,13,2
2200.0,250.0,64.0,2.0,2.0,,1.0,17,0,4.0,0,2.0,1.0,2.0,18,4
1700.0,100.0,35.0,1.0,,,10.0,15,4,,0,1.0,2.0,2.0,19,4
1300.0,,100.0,3.0,2.0,,30.0,17,0,5.0,0,2.0,3.0,3.0,19,5
2950.0,300.0,78.0,3.0,2.0,1.0,0.0,15,2,5.0,1,2.0,1.0,2.0,17,4
1750.0,200.0,71.0,3.0,2.0,,0.0,4,0,5.0,0,2.0,1.0,2.0,4,7
2400.0,320.0,73.0,2.0,2.0,1.0,2.0,5,3,4.0,1,2.0,1.0,3.0,8,2
2550.0,,39.0,1.0,1.0,,26.0,7,2,2.0,0,1.0,3.0,3.0,9,4
3000.0,500.0,150.0,3.0,2.0,1.0,25.0,16,3,5.0,1,3.0,3.0,2.0,19,4
2100.0,230.0,63.0,2.0,1.0,,0.0,20,0,3.0,0,2.0,1.0,2.0,20,7
1000.0,120.0,69.0,3.0,2.0,,3.0,5,0,5.0,0,2.0,1.0,3.0,5,3
2200.0,200.0,60.0,3.0,2.0,1.0,3.0,0,0,5.0,1,2.0,1.0,2.0,0,8
3650.0,380.0,101.0,2.0,2.0,1.0,11.0,10,0,4.0,1,3.0,2.0,2.0,10,4
2390.0,190.0,55.0,1.0,2.0,1.0,4.0,10,2,3.0,1,2.0,1.0,2.0,12,4
1700.0,150.0,40.0,,1.0,,0.0,13,0,,0,1.0,1.0,2.0,13,4
2500.0,100.0,107.0,3.0,2.0,,20.0,8,3,5.0,0,3.0,2.0,2.0,11,4
2200.0,150.0,66.0,2.0,2.0,,4.0,13,4,4.0,0,2.0,1.0,2.0,17,4
2700.0,200.0,60.0,2.0,1.0,,3.0,15,0,3.0,0,2.0,1.0,2.0,15,4
2400.0,250.0,82.0,3.0,2.0,1.0,,16,1,5.0,1,2.0,,2.0,17,8
1090.0,,75.0,3.0,2.0,,5.0,16,1,5.0,0,2.0,1.0,3.0,19,5
1400.0,140.0,67.0,3.0,2.0,1.0,7.0,0,0,5.0,1,2.0,2.0,3.0,0,1
2700.0,230.0,55.0,,2.0,1.0,0.0,14,0,,1,2.0,1.0,2.0,14,4
1350.0,,74.0,4.0,3.0,1.0,3.0,2,0,7.0,1,2.0,1.0,4.0,2,7
2850.0,270.0,76.0,3.0,2.0,1.0,2.0,16,0,5.0,1,2.0,1.0,2.0,17,4
2400.0,,70.0,2.0,2.0,,10.0,14,0,4.0,0,2.0,2.0,2.0,14,8
2500.0,,73.0,3.0,2.0,1.0,9.0,10,2,5.0,1,2.0,2.0,2.0,12,4
2200.0,280.0,63.0,2.0,2.0,1.0,0.0,11,2,4.0,1,2.0,1.0,2.0,13,4
1800.0,130.0,85.0,3.0,2.0,,5.0,14,0,5.0,0,2.0,1.0,3.0,15,2
3330.0,320.0,114.0,3.0,3.0,1.0,25.0,7,1,6.0,1,3.0,3.0,1.0,8,4
2035.0,100.0,36.0,1.0,1.0,,,4,3,2.0,0,1.0,,2.0,9,7
2000.0,120.0,96.0,2.0,1.0,1.0,40.0,21,0,3.0,1,2.0,3.0,3.0,21,2
1400.0,,49.0,1.0,1.0,,25.0,6,0,2.0,0,1.0,3.0,1.0,6,3
2250.0,230.0,63.0,1.0,1.0,1.0,10.0,19,4,2.0,1,2.0,2.0,2.0,23,4
3630.0,,122.0,4.0,3.0,2.0,12.0,7,1,7.0,1,3.0,2.0,1.0,10,4
4070.0,380.0,100.0,3.0,2.0,1.0,5.0,5,2,5.0,1,2.0,1.0,2.0,7,4
2000.0,,85.0,2.0,1.0,,11.0,13,5,3.0,0,2.0,2.0,2.0,18,4
1706.0,40.0,42.0,1.0,1.0,,0.0,13,0,2.0,0,1.0,1.0,2.0,13,4
2500.0,200.0,53.0,2.0,2.0,1.0,0.0,6,2,4.0,1,2.0,1.0,3.0,8,4
1300.0,130.0,59.0,2.0,1.0,,1.0,27,1,3.0,0,2.0,1.0,3.0,29,2
1650.0,,40.0,1.0,1.0,,10.0,20,1,2.0,0,1.0,2.0,3.0,23,2
4600.0,350.0,80.0,3.0,2.0,1.0,9.0,6,3,5.0,1,2.0,2.0,3.0,11,4
2300.0,250.0,54.0,2.0,2.0,1.0,2.0,13,1,4.0,1,2.0,1.0,2.0,14,4
1400.0,,130.0,2.0,1.0,,10.0,19,0,3.0,0,3.0,2.0,3.0,19,5
850.0,,60.0,2.0,1.0,,0.0,0,0,3.0,0,2.0,1.0,3.0,0,1
900.0,,120.0,3.0,2.0,,0.0,0,0,5.0,0,3.0,1.0,4.0,0,7
1700.0,,160.0,3.0,2.0,1.0,37.0,21,0,5.0,1,3.0,3.0,3.0,22,2
4875.0,280.0,110.0,3.0,2.0,1.0,6.0,1,2,5.0,1,3.0,2.0,2.0,3,4
3300.0,220.0,80.0,3.0,2.0,1.0,0.0,7,3,5.0,1,2.0,1.0,3.0,10,2
2400.0,,75.0,3.0,2.0,2.0,0.0,14,0,5.0,1,2.0,1.0,2.0,14,8
1450.0,,68.0,3.0,2.0,,8.0,12,0,5.0,0,2.0,2.0,3.0,12,3
800.0,,60.0,2.0,1.0,,0.0,22,1,3.0,0,2.0,1.0,3.0,23,5
1200.0,,72.0,3.0,2.0,1.0,5.0,2,0,5.0,1,2.0,1.0,3.0,2,5
850.0,,60.0,,2.0,,0.0,0,0,,0,2.0,1.0,3.0,0,1
900.0,,65.0,3.0,2.0,,1.0,11,0,5.0,0,2.0,1.0,3.0,11,5
900.0,110.0,50.0,2.0,1.0,1.0,7.0,13,0,3.0,1,1.0,2.0,3.0,14,5
1400.0,,56.0,3.0,2.0,,5.0,1,0,5.0,0,2.0,1.0,4.0,1,7
3000.0,,61.0,2.0,2.0,1.0,1.0,18,5,4.0,1,2.0,1.0,2.0,23,4
2000.0,,79.0,3.0,2.0,,0.0,12,0,5.0,0,2.0,1.0,2.0,12,8
1300.0,,52.0,3.0,1.0,1.0,0.0,23,1,4.0,1,2.0,1.0,3.0,24,5
800.0,95.0,55.0,3.0,1.0,,6.0,13,0,4.0,0,2.0,2.0,3.0,14,5
2300.0,230.0,81.0,3.0,2.0,,15.0,10,1,5.0,0,2.0,2.0,3.0,11,4
2500.0,,85.0,3.0,2.0,1.0,5.0,12,1,5.0,1,2.0,1.0,2.0,13,4
800.0,,50.0,2.0,1.0,,0.0,17,0,3.0,0,1.0,1.0,3.0,17,5
2500.0,,140.0,5.0,3.0,,12.0,16,0,8.0,0,3.0,2.0,4.0,16,7
1600.0,170.0,85.0,3.0,2.0,,1.0,20,1,5.0,0,2.0,1.0,3.0,21,2
800.0,,62.0,3.0,1.0,,10.0,18,0,4.0,0,2.0,2.0,4.0,18,5
2950.0,,85.0,3.0,2.0,,8.0,1,0,5.0,0,2.0,2.0,4.0,1,7
1100.0,100.0,67.0,3.0,1.0,1.0,4.0,10,0,4.0,1,2.0,1.0,3.0,10,5
2500.0,1.0,130.0,3.0,2.0,1.0,1.0,0,0,5.0,1,3.0,1.0,2.0,0,8
1550.0,,77.0,3.0,3.0,,7.0,12,0,6.0,0,2.0,2.0,3.0,12,3
1800.0,50.0,60.0,2.0,2.0,,40.0,12,0,4.0,0,2.0,3.0,2.0,13,4
1850.0,,43.0,1.0,1.0,1.0,0.0,0,0,2.0,1,1.0,1.0,2.0,0,8
1700.0,,84.0,3.0,1.0,,15.0,2,0,4.0,0,2.0,2.0,2.0,2,7
1000.0,,75.0,2.0,1.0,,10.0,20,0,3.0,0,2.0,2.0,3.0,20,5
2035.0,300.0,58.0,1.0,1.0,1.0,2.0,3,2,2.0,1,2.0,1.0,2.0,5,7
850.0,100.0,51.0,3.0,1.0,,0.0,3,0,4.0,0,2.0,1.0,3.0,3,5
900.0,,28.0,1.0,1.0,,0.0,22,0,2.0,0,1.0,1.0,2.0,22,8
2120.0,120.0,120.0,1.0,1.0,,7.0,0,0,2.0,0,3.0,2.0,2.0,0,7
900.0,,57.0,3.0,1.0,,4.0,13,0,4.0,0,2.0,1.0,3.0,14,5
2220.0,,50.0,2.0,1.0,,0.0,6,0,3.0,0,1.0,1.0,1.0,6,3
1600.0,180.0,43.0,1.0,1.0,,0.0,20,0,2.0,0,1.0,1.0,2.0,20,7
4000.0,400.0,127.0,3.0,3.0,,0.0,16,3,6.0,0,3.0,1.0,2.0,19,4
2000.0,300.0,67.0,3.0,2.0,1.0,0.0,13,0,5.0,1,2.0,1.0,2.0,13,7
1800.0,180.0,40.0,1.0,1.0,1.0,,8,2,2.0,1,1.0,,3.0,13,4
2000.0,,70.0,2.0,2.0,1.0,7.0,1,0,4.0,1,2.0,2.0,4.0,1,7
1900.0,125.0,40.0,1.0,1.0,,0.0,19,6,2.0,0,1.0,1.0,3.0,25,2
1850.0,210.0,74.0,2.0,2.0,1.0,9.0,8,0,4.0,1,2.0,2.0,2.0,8,4
4875.0,,79.0,2.0,1.0,,20.0,0,0,3.0,0,2.0,2.0,2.0,0,6
2000.0,,65.0,2.0,2.0,,4.0,5,0,4.0,0,2.0,1.0,2.0,5,8
1200.0,,74.0,,,,0.0,19,0,,0,2.0,1.0,3.0,19,5
850.0,,58.0,3.0,1.0,,5.0,14,0,4.0,0,2.0,1.0,3.0,14,5
1500.0,,63.0,3.0,2.0,,3.0,0,0,5.0,0,2.0,1.0,3.0,0,1
2700.0,290.0,66.0,2.0,2.0,1.0,0.0,9,3,4.0,1,2.0,1.0,2.0,12,7
1200.0,,62.0,2.0,1.0,,84.0,0,1,3.0,0,2.0,3.0,3.0,1,1
2300.0,200.0,60.0,1.0,2.0,1.0,6.0,15,3,3.0,1,2.0,2.0,2.0,18,8
2500.0,330.0,85.0,5.0,3.0,1.0,14.0,2,0,8.0,1,2.0,2.0,4.0,2,7
1600.0,,98.0,3.0,2.0,1.0,25.0,4,0,5.0,1,2.0,3.0,3.0,4,3
1800.0,,55.0,1.0,1.0,,,17,1,2.0,0,2.0,,2.0,18,8
11400.0,1369.0,412.0,4.0,4.0,2.0,28.0,10,2,8.0,1,3.0,3.0,2.0,12,7
2100.0,300.0,60.0,2.0,2.0,,8.0,19,2,4.0,0,2.0,2.0,2.0,22,4
1200.0,,60.0,1.0,1.0,,5.0,6,0,2.0,0,2.0,1.0,3.0,6,5
900.0,120.0,80.0,3.0,1.0,1.0,2.0,3,0,4.0,1,2.0,1.0,4.0,3,5
2500.0,300.0,64.0,2.0,2.0,1.0,9.0,8,0,4.0,1,2.0,2.0,3.0,8,2
2000.0,180.0,80.0,3.0,2.0,,2.0,9,0,5.0,0,2.0,1.0,3.0,10,2
1900.0,70.0,80.0,3.0,2.0,,39.0,1,2,5.0,0,2.0,3.0,2.0,3,4
2500.0,450.0,60.0,1.0,1.0,1.0,13.0,8,3,2.0,1,2.0,2.0,1.0,13,4
1300.0,,66.0,2.0,1.0,,0.0,7,2,3.0,0,2.0,1.0,2.0,10,7
2000.0,,70.0,2.0,2.0,1.0,0.0,0,0,4.0,1,2.0,1.0,2.0,0,7
6552.0,,186.0,3.0,3.0,2.0,5.0,2,2,6.0,1,3.0,1.0,2.0,4,7
2900.0,500.0,109.0,3.0,2.0,1.0,15.0,0,0,5.0,1,3.0,2.0,4.0,0,7
1500.0,,90.0,2.0,2.0,,10.0,21,1,4.0,0,2.0,2.0,3.0,23,5
2900.0,250.0,89.0,3.0,2.0,1.0,12.0,8,1,5.0,1,2.0,2.0,3.0,9,4
1350.0,,50.0,1.0,1.0,,15.0,0,0,2.0,0,1.0,2.0,1.0,0,3
4500.0,550.0,141.0,3.0,2.0,2.0,22.0,2,0,5.0,1,3.0,3.0,1.0,2,3
2300.0,250.0,65.0,2.0,2.0,,0.0,13,6,4.0,0,2.0,1.0,2.0,19,4
1450.0,,60.0,2.0,1.0,,4.0,10,0,3.0,0,2.0,1.0,4.0,10,8
1900.0,210.0,56.0,1.0,1.0,,5.0,6,0,2.0,0,2.0,1.0,2.0,7,8
1800.0,300.0,78.0,2.0,2.0,,12.0,9,0,4.0,0,2.0,2.0,3.0,10,4
2700.0,,118.0,2.0,2.0,1.0,28.0,11,1,4.0,1,3.0,3.0,2.0,12,4
2500.0,230.0,58.0,2.0,,,4.0,5,3,,0,2.0,1.0,3.0,8,2
1200.0,,70.0,2.0,2.0,1.0,2.0,2,0,4.0,1,2.0,1.0,2.0,2,7
1400.0,,75.0,2.0,2.0,1.0,2.0,2,0,4.0,1,2.0,1.0,2.0,2,7
3000.0,275.0,102.0,3.0,2.0,1.0,17.0,15,2,5.0,1,3.0,2.0,2.0,18,4
1850.0,140.0,41.0,1.0,1.0,,,6,1,2.0,0,1.0,,2.0,7,4
1100.0,,90.0,2.0,2.0,,20.0,10,0,4.0,0,2.0,2.0,4.0,10,7
1700.0,160.0,72.0,3.0,2.0,1.0,5.0,14,0,5.0,1,2.0,1.0,2.0,14,7
2000.0,170.0,85.0,3.0,2.0,,35.0,7,0,5.0,0,2.0,3.0,3.0,8,4
1250.0,120.0,75.0,3.0,2.0,,14.0,14,0,5.0,0,2.0,2.0,3.0,14,5
2500.0,200.0,65.0,2.0,2.0,,0.0,17,0,4.0,0,2.0,1.0,2.0,18,4
3500.0,,204.0,4.0,3.0,,25.0,7,1,7.0,0,3.0,3.0,1.0,8,3
900.0,,129.0,3.0,2.0,,4.0,1,0,5.0,0,3.0,1.0,4.0,1,5
1800.0,150.0,54.0,2.0,1.0,,6.0,10,0,3.0,0,2.0,2.0,3.0,11,4
1600.0,130.0,110.0,3.0,2.0,,,25,1,5.0,0,3.0,,4.0,26,7
1200.0,,100.0,2.0,1.0,1.0,20.0,19,0,3.0,1,2.0,2.0,4.0,20,7
1800.0,250.0,71.0,2.0,2.0,,4.0,22,0,4.0,0,2.0,1.0,3.0,22,2
1800.0,200.0,90.0,3.0,2.0,,5.0,23,0,5.0,0,2.0,1.0,3.0,23,5
2900.0,280.0,97.0,3.0,2.0,1.0,9.0,15,0,5.0,1,2.0,2.0,2.0,16,4
4000.0,,229.0,5.0,7.0,,1.0,10,2,12.0,0,3.0,1.0,3.0,12,5
4092.0,,155.0,3.0,2.0,,0.0,12,0,5.0,0,3.0,1.0,4.0,13,7
1200.0,,110.0,2.0,1.0,,2.0,13,1,3.0,0,3.0,1.0,3.0,14,5
1400.0,,75.0,2.0,1.0,,0.0,20,0,3.0,0,2.0,1.0,3.0,20,5
1200.0,,90.0,2.0,1.0,,2.0,18,1,3.0,0,2.0,1.0,4.0,19,7
900.0,,90.0,3.0,3.0,,1.0,3,0,6.0,0,2.0,1.0,4.0,3,5
800.0,,90.0,3.0,2.0,,1.0,3,0,5.0,0,2.0,1.0,4.0,3,5
800.0,,100.0,3.0,3.0,,10.0,14,0,6.0,0,2.0,2.0,3.0,14,5
1300.0,,45.0,1.0,1.0,,25.0,6,0,2.0,0,1.0,3.0,1.0,6,3
5500.0,,240.0,4.0,3.0,1.0,10.0,0,0,7.0,1,3.0,2.0,2.0,0,6
5475.0,510.0,178.0,4.0,3.0,2.0,,0,0,7.0,1,3.0,,2.0,1,6
800.0,,112.0,2.0,1.0,,8.0,14,0,3.0,0,3.0,2.0,3.0,14,5
900.0,,120.0,3.0,2.0,,0.0,3,0,5.0,0,3.0,1.0,4.0,3,7
1850.0,,94.0,3.0,2.0,1.0,,3,0,5.0,1,2.0,,1.0,4,3
1300.0,,120.0,2.0,1.0,,12.0,17,0,3.0,0,3.0,2.0,3.0,17,5
1500.0,,75.0,2.0,1.0,,0.0,0,0,3.0,0,2.0,1.0,3.0,0,5
1400.0,200.0,80.0,3.0,2.0,,3.0,19,0,5.0,0,2.0,1.0,3.0,19,5
2100.0,,150.0,3.0,1.0,1.0,35.0,18,1,4.0,1,3.0,3.0,4.0,21,7
900.0,50.0,55.0,1.0,1.0,,0.0,15,0,2.0,0,2.0,1.0,3.0,15,5
1100.0,,80.0,2.0,2.0,,25.0,12,0,4.0,0,2.0,3.0,3.0,12,5
1700.0,240.0,134.0,3.0,2.0,,9.0,16,1,5.0,0,3.0,2.0,4.0,17,7
1250.0,,80.0,2.0,1.0,,5.0,18,1,3.0,0,2.0,1.0,3.0,19,5
1000.0,,69.0,3.0,2.0,,0.0,11,0,5.0,0,2.0,1.0,3.0,11,5
1000.0,,75.0,2.0,1.0,,8.0,5,1,3.0,0,2.0,2.0,3.0,6,5
1800.0,,160.0,3.0,3.0,,4.0,14,0,6.0,0,3.0,1.0,4.0,14,7
800.0,,70.0,2.0,1.0,,1.0,19,0,3.0,0,2.0,1.0,3.0,19,5
800.0,,63.0,3.0,2.0,1.0,5.0,9,0,5.0,1,2.0,1.0,4.0,9,5
1050.0,,69.0,2.0,1.0,,30.0,17,0,3.0,0,2.0,3.0,4.0,17,7
2100.0,200.0,84.0,3.0,2.0,,6.0,9,3,5.0,0,2.0,2.0,2.0,12,8
1400.0,,90.0,2.0,1.0,,4.0,20,1,3.0,0,2.0,1.0,3.0,22,5
4380.0,590.0,129.0,3.0,3.0,2.0,2.0,0,0,6.0,1,3.0,1.0,2.0,0,6
3000.0,260.0,86.0,3.0,2.0,1.0,6.0,12,4,5.0,1,2.0,2.0,2.0,16,4
2600.0,220.0,77.0,3.0,2.0,,,16,3,5.0,0,2.0,,2.0,19,4
1000.0,,90.0,3.0,1.0,1.0,10.0,25,1,4.0,1,2.0,2.0,4.0,27,8
900.0,,90.0,3.0,1.0,,30.0,19,1,4.0,0,2.0,3.0,3.0,20,5
2952.0,500.0,88.0,2.0,3.0,,5.0,0,0,5.0,0,2.0,1.0,2.0,0,6
1200.0,,65.0,2.0,1.0,,15.0,6,0,3.0,0,2.0,2.0,4.0,6,8
2800.0,140.0,74.0,2.0,1.0,,40.0,17,0,3.0,0,2.0,3.0,2.0,18,4
1600.0,90.0,75.0,2.0,1.0,,8.0,5,0,3.0,0,2.0,2.0,3.0,5,3
1200.0,,68.0,2.0,1.0,,26.0,11,1,3.0,0,2.0,3.0,4.0,15,8
1200.0,,93.0,3.0,1.0,,6.0,6,0,4.0,0,2.0,2.0,3.0,6,3
1150.0,,93.0,3.0,2.0,,6.0,6,0,5.0,0,2.0,2.0,3.0,6,3
2960.0,300.0,80.0,2.0,2.0,1.0,5.0,3,0,4.0,1,2.0,1.0,2.0,3,6
2896.0,500.0,110.0,2.0,2.0,1.0,5.0,3,0,4.0,1,3.0,1.0,2.0,3,6
1700.0,158.0,58.0,2.0,2.0,1.0,13.0,15,3,4.0,1,2.0,2.0,2.0,18,8
4300.0,100.0,300.0,7.0,2.0,1.0,7.0,5,0,9.0,1,3.0,2.0,3.0,5,3
800.0,,90.0,3.0,2.0,,1.0,11,0,5.0,0,2.0,1.0,4.0,11,8
4488.0,150.0,74.0,3.0,2.0,1.0,6.0,5,0,5.0,1,2.0,2.0,2.0,6,6
800.0,,75.0,3.0,2.0,,3.0,0,0,5.0,0,2.0,1.0,,0,8
850.0,1.0,90.0,2.0,1.0,,10.0,0,0,3.0,0,2.0,2.0,,0,8
1200.0,,53.0,,,,0.0,0,0,,0,2.0,1.0,,0,8
940.0,,80.0,2.0,2.0,2.0,0.0,0,0,4.0,1,2.0,1.0,,0,8
4200.0,550.0,140.0,3.0,4.0,1.0,2.0,0,0,7.0,1,3.0,1.0,2.0,0,6
5250.0,,150.0,4.0,3.0,1.0,10.0,0,0,7.0,1,3.0,2.0,2.0,0,6
1000.0,,75.0,3.0,1.0,,0.0,17,0,4.0,0,2.0,1.0,3.0,17,5
900.0,,75.0,3.0,1.0,,0.0,18,0,4.0,0,2.0,1.0,3.0,18,5
900.0,50.0,28.0,1.0,1.0,,10.0,11,0,2.0,0,1.0,2.0,3.0,12,2
1800.0,200.0,77.0,3.0,2.0,,,12,4,5.0,0,2.0,,3.0,18,2
4400.0,400.0,190.0,3.0,3.0,1.0,14.0,28,3,6.0,1,3.0,2.0,2.0,32,4
8030.0,550.0,150.0,2.0,2.0,2.0,7.0,0,0,4.0,1,3.0,2.0,3.0,0,2
2600.0,,125.0,3.0,1.0,1.0,8.0,0,0,4.0,1,3.0,2.0,,0,8
2700.0,,115.0,3.0,1.0,1.0,8.0,0,0,4.0,1,3.0,2.0,,0,8
1600.0,,88.0,1.0,1.0,1.0,,0,0,2.0,1,2.0,,,0,8
3500.0,170.0,145.0,4.0,3.0,1.0,30.0,5,3,7.0,1,3.0,3.0,1.0,10,4
1700.0,140.0,45.0,1.0,1.0,,7.0,5,0,2.0,0,1.0,2.0,2.0,5,8
2000.0,250.0,85.0,3.0,3.0,,8.0,14,0,6.0,0,2.0,2.0,2.0,14,8
2300.0,,112.0,3.0,1.0,,15.0,7,1,4.0,0,3.0,2.0,3.0,11,2
2300.0,,50.0,2.0,2.0,,,8,3,4.0,0,1.0,,3.0,13,4
2400.0,200.0,100.0,3.0,2.0,1.0,10.0,23,2,5.0,1,2.0,2.0,2.0,25,4
1000.0,120.0,59.0,3.0,1.0,,6.0,14,0,4.0,0,2.0,2.0,3.0,14,5
1300.0,80.0,80.0,3.0,2.0,,0.0,29,1,5.0,0,2.0,1.0,3.0,31,5
2250.0,260.0,80.0,3.0,2.0,1.0,9.0,14,3,5.0,1,2.0,2.0,3.0,18,2
2600.0,265.0,87.0,3.0,3.0,,7.0,15,0,6.0,0,2.0,2.0,2.0,16,4
2300.0,220.0,70.0,3.0,2.0,1.0,10.0,9,0,5.0,1,2.0,2.0,3.0,9,2
2200.0,250.0,72.0,4.0,3.0,,,2,0,7.0,0,2.0,,3.0,2,2
2000.0,250.0,64.0,3.0,2.0,1.0,0.0,2,0,5.0,1,2.0,1.0,3.0,2,2
2300.0,250.0,63.0,2.0,2.0,1.0,3.0,11,1,4.0,1,2.0,1.0,3.0,13,4
2893.0,350.0,70.0,1.0,1.0,2.0,,13,0,2.0,1,2.0,,2.0,13,4
1670.0,,40.0,1.0,1.0,,4.0,1,0,2.0,0,1.0,1.0,2.0,2,6
1100.0,100.0,80.0,2.0,1.0,,2.0,16,1,3.0,0,2.0,1.0,4.0,17,8
3100.0,280.0,65.0,2.0,2.0,1.0,0.0,10,0,4.0,1,2.0,1.0,3.0,11,4
2200.0,250.0,40.0,1.0,1.0,,5.0,12,2,2.0,0,1.0,1.0,3.0,16,4
1050.0,115.0,70.0,,,,,3,0,,0,2.0,,3.0,3,5
1900.0,185.0,50.0,1.0,1.0,,45.0,3,7,2.0,0,1.0,3.0,1.0,10,4
1650.0,175.0,35.0,1.0,1.0,,,10,1,2.0,0,1.0,,2.0,11,7
2500.0,180.0,50.0,1.0,1.0,1.0,5.0,7,1,2.0,1,1.0,1.0,2.0,8,4
3700.0,450.0,123.0,,3.0,1.0,15.0,6,2,,1,3.0,2.0,1.0,8,4
1500.0,150.0,50.0,1.0,1.0,,8.0,0,0,2.0,0,1.0,2.0,,0,8
2700.0,1.0,99.0,3.0,2.0,,,8,0,5.0,0,2.0,,3.0,8,2
2580.0,280.0,79.0,3.0,2.0,,6.0,16,3,5.0,0,2.0,2.0,2.0,19,4
2500.0,340.0,82.0,2.0,2.0,,5.0,12,1,4.0,0,2.0,1.0,2.0,13,8
2750.0,300.0,69.0,3.0,1.0,1.0,1.0,19,6,4.0,1,2.0,1.0,3.0,25,2
2500.0,,90.0,3.0,2.0,,1.0,5,0,5.0,0,2.0,1.0,3.0,5,2
1390.0,150.0,86.0,3.0,2.0,1.0,5.0,23,0,5.0,1,2.0,1.0,3.0,23,2
1590.0,130.0,70.0,3.0,2.0,,10.0,11,0,5.0,0,2.0,2.0,3.0,11,2
2500.0,230.0,71.0,3.0,2.0,,12.0,12,4,5.0,0,2.0,2.0,3.0,18,2
1900.0,200.0,48.0,1.0,1.0,,,11,4,2.0,0,1.0,,3.0,16,2
1700.0,,60.0,3.0,2.0,,39.0,16,0,5.0,0,2.0,3.0,3.0,16,2
1450.0,130.0,40.0,2.0,1.0,,12.0,6,0,3.0,0,1.0,2.0,3.0,7,2
1690.0,190.0,44.0,1.0,1.0,,0.0,9,0,2.0,0,1.0,1.0,3.0,10,2
1850.0,,72.0,2.0,1.0,1.0,0.0,12,4,3.0,1,2.0,1.0,3.0,19,2
3300.0,300.0,106.0,3.0,3.0,1.0,4.0,12,4,6.0,1,3.0,1.0,3.0,19,2
1900.0,200.0,58.0,2.0,2.0,1.0,3.0,18,3,4.0,1,2.0,1.0,3.0,21,2
1950.0,140.0,80.0,3.0,3.0,,0.0,2,0,6.0,0,2.0,1.0,3.0,2,2
1800.0,150.0,84.0,3.0,2.0,,10.0,10,0,5.0,0,2.0,2.0,3.0,10,2
2500.0,250.0,82.0,3.0,2.0,1.0,13.0,9,0,5.0,1,2.0,2.0,2.0,9,8
1700.0,,60.0,2.0,1.0,1.0,15.0,9,0,3.0,1,2.0,2.0,3.0,10,2
2100.0,1.0,120.0,3.0,2.0,,25.0,14,0,5.0,0,3.0,3.0,3.0,14,2
2500.0,240.0,58.0,2.0,2.0,1.0,3.0,14,4,4.0,1,2.0,1.0,2.0,18,4
4400.0,450.0,123.0,3.0,3.0,2.0,6.0,5,0,6.0,1,3.0,2.0,1.0,6,4
2500.0,,71.0,3.0,2.0,,6.0,13,1,5.0,0,2.0,2.0,2.0,15,4
2800.0,,70.0,2.0,2.0,1.0,0.0,17,2,4.0,1,2.0,1.0,2.0,19,4
3460.0,230.0,97.0,3.0,2.0,1.0,25.0,6,0,5.0,1,2.0,3.0,1.0,6,4
3000.0,,60.0,1.0,,,0.0,19,4,,0,2.0,1.0,2.0,23,4
1890.0,130.0,100.0,3.0,2.0,1.0,9.0,3,0,5.0,1,2.0,2.0,3.0,3,3
10000.0,,627.0,,,,25.0,24,1,,0,3.0,3.0,3.0,26,5
2500.0,300.0,69.0,3.0,2.0,1.0,,10,0,5.0,1,2.0,,3.0,11,4
3400.0,150.0,100.0,3.0,2.0,1.0,,8,3,5.0,1,2.0,,1.0,13,4
4692.0,600.0,160.0,3.0,2.0,2.0,13.0,8,3,5.0,1,3.0,2.0,1.0,13,4
3330.0,300.0,119.0,3.0,3.0,1.0,9.0,5,0,6.0,1,3.0,2.0,1.0,5,4
2300.0,190.0,75.0,2.0,2.0,,12.0,10,2,4.0,0,2.0,2.0,2.0,12,4
1900.0,50.0,100.0,3.0,2.0,,0.0,18,0,5.0,0,2.0,1.0,3.0,18,3
2700.0,200.0,56.0,2.0,2.0,1.0,,10,0,4.0,1,2.0,,3.0,11,4
1900.0,140.0,48.0,1.0,1.0,,5.0,6,0,2.0,0,1.0,1.0,3.0,6,4
2100.0,220.0,54.0,2.0,1.0,,0.0,16,0,3.0,0,2.0,1.0,3.0,16,2
2000.0,150.0,69.0,3.0,2.0,1.0,0.0,3,2,5.0,1,2.0,1.0,2.0,7,7
1300.0,,120.0,3.0,2.0,,10.0,17,0,5.0,0,3.0,2.0,3.0,17,5
2500.0,250.0,60.0,2.0,2.0,1.0,6.0,6,0,4.0,1,2.0,2.0,3.0,6,4
1200.0,,38.0,1.0,1.0,,,8,3,2.0,0,1.0,,1.0,13,4
900.0,,30.0,1.0,1.0,,10.0,8,3,2.0,0,1.0,2.0,1.0,13,4
900.0,,30.0,1.0,1.0,,10.0,10,0,2.0,0,1.0,2.0,3.0,11,4
1200.0,,35.0,1.0,1.0,,10.0,8,3,2.0,0,1.0,2.0,1.0,13,4
1700.0,,65.0,2.0,1.0,,10.0,11,1,3.0,0,2.0,2.0,3.0,13,4
1000.0,,39.0,1.0,1.0,,10.0,11,1,2.0,0,1.0,2.0,3.0,12,4
1800.0,200.0,30.0,1.0,1.0,,5.0,15,0,2.0,0,1.0,1.0,2.0,16,4
1100.0,,47.0,2.0,1.0,,10.0,18,0,3.0,0,1.0,2.0,3.0,18,3
800.0,,75.0,3.0,2.0,,48.0,3,0,5.0,0,2.0,3.0,4.0,3,5
2700.0,,140.0,3.0,2.0,,,11,5,5.0,0,3.0,,2.0,16,4
2000.0,,41.0,1.0,1.0,,1.0,10,2,2.0,0,1.0,1.0,2.0,12,4
3900.0,300.0,105.0,3.0,2.0,1.0,20.0,20,5,5.0,1,3.0,2.0,2.0,25,4
2600.0,,98.0,3.0,2.0,,0.0,15,3,5.0,0,2.0,1.0,2.0,18,8
2700.0,350.0,65.0,1.0,1.0,2.0,4.0,19,4,2.0,1,2.0,1.0,2.0,23,4
2500.0,250.0,70.0,2.0,2.0,1.0,2.0,6,1,4.0,1,2.0,1.0,3.0,7,4
2850.0,210.0,78.0,3.0,2.0,1.0,0.0,14,4,5.0,1,2.0,1.0,2.0,18,4
1950.0,200.0,64.0,1.0,1.0,,6.0,9,1,2.0,0,2.0,2.0,2.0,10,4
1700.0,200.0,74.0,3.0,2.0,,10.0,16,2,5.0,0,2.0,2.0,2.0,18,8
1900.0,200.0,74.0,3.0,2.0,1.0,10.0,16,2,5.0,1,2.0,2.0,2.0,18,8
3300.0,380.0,104.0,3.0,2.0,1.0,,3,0,5.0,1,3.0,,2.0,3,4
2000.0,180.0,79.0,3.0,3.0,1.0,10.0,10,3,6.0,1,2.0,2.0,2.0,13,8
2950.0,200.0,85.0,3.0,2.0,,10.0,16,1,5.0,0,2.0,2.0,2.0,17,4
2950.0,255.0,112.0,3.0,3.0,1.0,13.0,13,2,6.0,1,3.0,2.0,2.0,15,4
2200.0,140.0,39.0,1.0,1.0,,10.0,8,3,2.0,0,1.0,2.0,3.0,13,4
3321.0,350.0,104.0,3.0,2.0,1.0,,22,1,5.0,1,3.0,,2.0,23,4
2700.0,170.0,115.0,3.0,3.0,1.0,,13,1,6.0,1,3.0,,2.0,15,8
800.0,,70.0,2.0,1.0,1.0,7.0,16,2,3.0,1,2.0,2.0,4.0,18,5
900.0,,100.0,2.0,1.0,,,28,0,3.0,0,2.0,,3.0,28,5
900.0,,75.0,2.0,1.0,,6.0,19,1,3.0,0,2.0,2.0,3.0,20,5
1200.0,,35.0,1.0,1.0,,10.0,9,0,2.0,0,1.0,2.0,2.0,9,4
1700.0,,68.0,2.0,2.0,,10.0,7,3,4.0,0,2.0,2.0,2.0,14,4
2600.0,180.0,100.0,3.0,2.0,,,16,1,5.0,0,2.0,,3.0,17,4
2500.0,1.0,140.0,4.0,2.0,1.0,12.0,7,0,6.0,1,3.0,2.0,1.0,7,3
1400.0,,45.0,2.0,1.0,,1.0,6,1,3.0,0,1.0,1.0,3.0,9,4
3800.0,300.0,76.0,3.0,2.0,1.0,1.0,16,3,5.0,1,2.0,1.0,2.0,19,4
2000.0,,55.0,2.0,2.0,,1.0,14,0,4.0,0,2.0,1.0,2.0,14,7
3000.0,,120.0,2.0,2.0,,4.0,5,4,4.0,0,3.0,1.0,1.0,13,4
1800.0,,65.0,2.0,2.0,,,12,2,4.0,0,2.0,,2.0,14,4
1850.0,,60.0,2.0,2.0,,,13,4,4.0,0,2.0,,2.0,17,4
1650.0,,65.0,2.0,1.0,,,10,0,3.0,0,2.0,,2.0,10,4
3000.0,,59.0,2.0,2.0,,0.0,14,0,4.0,0,2.0,1.0,2.0,14,4
3400.0,350.0,100.0,3.0,3.0,1.0,10.0,0,0,6.0,1,2.0,2.0,2.0,0,4
1500.0,180.0,67.0,3.0,2.0,,8.0,4,0,5.0,0,2.0,2.0,2.0,4,7
1600.0,,72.0,2.0,1.0,,10.0,15,1,3.0,0,2.0,2.0,1.0,16,3
2500.0,350.0,85.0,3.0,2.0,1.0,10.0,14,4,5.0,1,2.0,2.0,2.0,18,4
1350.0,105.0,40.0,1.0,1.0,,13.0,0,0,2.0,0,1.0,2.0,2.0,0,4
2900.0,150.0,102.0,2.0,2.0,1.0,19.0,5,0,4.0,1,3.0,2.0,1.0,5,4
1800.0,,55.0,3.0,1.0,,30.0,16,0,4.0,0,2.0,3.0,2.0,16,4
2800.0,300.0,68.0,3.0,2.0,1.0,3.0,5,3,5.0,1,2.0,1.0,2.0,8,4
2100.0,,100.0,3.0,2.0,1.0,,11,1,5.0,1,2.0,,2.0,12,4
800.0,120.0,50.0,2.0,1.0,,,0,0,3.0,0,1.0,,3.0,0,1
2400.0,250.0,87.0,3.0,2.0,1.0,10.0,17,2,5.0,1,2.0,2.0,2.0,20,4
2300.0,170.0,65.0,3.0,1.0,,5.0,20,2,4.0,0,2.0,1.0,2.0,22,4
2900.0,230.0,58.0,1.0,1.0,,0.0,19,4,2.0,0,2.0,1.0,2.0,23,4
3000.0,1.0,95.0,3.0,2.0,1.0,5.0,14,0,5.0,1,2.0,1.0,2.0,14,8
1500.0,50.0,70.0,2.0,1.0,,3.0,6,0,3.0,0,2.0,1.0,1.0,7,3
2100.0,,42.0,1.0,1.0,,1.0,14,3,2.0,0,1.0,1.0,2.0,17,4
1900.0,,65.0,3.0,2.0,,2.0,8,0,5.0,0,2.0,1.0,2.0,8,7
2500.0,220.0,134.0,3.0,3.0,1.0,,28,4,6.0,1,3.0,,3.0,32,5
2800.0,350.0,82.0,2.0,2.0,,12.0,10,1,4.0,0,2.0,2.0,2.0,11,4
1200.0,,32.0,1.0,1.0,,15.0,3,1,2.0,0,1.0,2.0,1.0,4,3
2500.0,200.0,40.0,1.0,1.0,,0.0,10,0,2.0,0,1.0,1.0,3.0,11,4
1800.0,250.0,51.0,2.0,2.0,,4.0,0,0,4.0,0,2.0,1.0,2.0,0,8
2500.0,200.0,70.0,3.0,2.0,,16.0,10,2,5.0,0,2.0,2.0,2.0,12,4
2300.0,,109.0,3.0,2.0,,18.0,16,0,5.0,0,3.0,2.0,2.0,17,7
1300.0,,35.0,1.0,1.0,,,10,2,2.0,0,1.0,,2.0,12,4
1700.0,,60.0,2.0,1.0,,10.0,7,0,3.0,0,2.0,2.0,2.0,7,4
2400.0,200.0,39.0,1.0,1.0,,0.0,8,3,2.0,0,1.0,1.0,3.0,13,4
1950.0,,60.0,2.0,1.0,,15.0,10,1,3.0,0,2.0,2.0,2.0,11,8
3000.0,200.0,81.0,2.0,2.0,1.0,0.0,18,3,4.0,1,2.0,1.0,2.0,21,4
2800.0,340.0,70.0,2.0,2.0,1.0,3.0,1,2,4.0,1,2.0,1.0,2.0,3,4
2100.0,140.0,48.0,1.0,1.0,,4.0,7,0,2.0,0,1.0,1.0,3.0,9,2
1900.0,,61.0,2.0,2.0,,14.0,12,0,4.0,0,2.0,2.0,2.0,12,8
2300.0,250.0,75.0,3.0,2.0,1.0,12.0,10,0,5.0,1,2.0,2.0,2.0,10,8
2000.0,,60.0,3.0,1.0,,20.0,19,0,4.0,0,2.0,2.0,3.0,20,2
1990.0,290.0,65.0,2.0,2.0,,0.0,14,2,4.0,0,2.0,1.0,2.0,16,8
1900.0,,83.0,2.0,1.0,,22.0,10,2,3.0,0,2.0,3.0,2.0,12,8
1600.0,100.0,70.0,2.0,1.0,,25.0,12,0,3.0,0,2.0,3.0,3.0,12,2
2300.0,,140.0,3.0,1.0,,300.0,6,0,4.0,0,3.0,3.0,2.0,6,8
2900.0,200.0,60.0,2.0,2.0,1.0,0.0,14,3,4.0,1,2.0,1.0,2.0,17,4
1900.0,180.0,40.0,1.0,1.0,,0.0,19,1,2.0,0,1.0,1.0,2.0,20,4
2450.0,290.0,71.0,3.0,2.0,1.0,5.0,9,0,5.0,1,2.0,1.0,3.0,10,4
2600.0,200.0,80.0,1.0,2.0,1.0,2.0,14,4,3.0,1,2.0,1.0,2.0,18,4
800.0,110.0,50.0,3.0,1.0,,1.0,15,0,4.0,0,1.0,1.0,3.0,15,5
1400.0,,44.0,1.0,1.0,,15.0,8,0,2.0,0,1.0,2.0,3.0,8,4
2250.0,200.0,72.0,3.0,1.0,,,14,0,4.0,0,2.0,,2.0,14,8
3000.0,,74.0,3.0,2.0,,0.0,18,3,5.0,0,2.0,1.0,2.0,21,4
3000.0,,74.0,3.0,2.0,1.0,1.0,20,2,5.0,1,2.0,1.0,2.0,22,4
1350.0,,40.0,1.0,1.0,,8.0,10,0,2.0,0,1.0,2.0,1.0,10,3
1500.0,120.0,38.0,1.0,1.0,,7.0,11,1,2.0,0,1.0,2.0,2.0,12,8
2000.0,,80.0,2.0,1.0,,20.0,8,5,3.0,0,2.0,2.0,2.0,13,4
1450.0,250.0,18.0,1.0,1.0,,3.0,6,0,2.0,0,1.0,1.0,3.0,6,4
2400.0,220.0,43.0,1.0,1.0,1.0,2.0,25,1,2.0,1,1.0,1.0,2.0,26,8
3100.0,400.0,87.0,3.0,2.0,1.0,10.0,12,2,5.0,1,2.0,2.0,2.0,14,4
2500.0,250.0,75.0,3.0,2.0,1.0,9.0,9,0,5.0,1,2.0,2.0,3.0,10,4
2200.0,280.0,55.0,2.0,2.0,1.0,12.0,9,0,4.0,1,2.0,2.0,2.0,9,4
1400.0,,68.0,3.0,2.0,,1.0,18,0,5.0,0,2.0,1.0,3.0,19,5
2350.0,,89.0,3.0,3.0,1.0,14.0,14,1,6.0,1,2.0,2.0,3.0,16,4
2300.0,,50.0,2.0,2.0,,6.0,16,3,4.0,0,1.0,2.0,2.0,19,4
1600.0,100.0,50.0,1.0,1.0,,15.0,9,4,2.0,0,1.0,2.0,1.0,13,4
2400.0,,67.0,2.0,2.0,1.0,,0,0,4.0,1,2.0,,2.0,0,4
1800.0,,200.0,4.0,2.0,,15.0,22,0,6.0,0,3.0,2.0,3.0,22,5
1600.0,,60.0,2.0,1.0,,1.0,3,0,3.0,0,2.0,1.0,2.0,3,8
2500.0,160.0,84.0,3.0,2.0,,26.0,6,4,5.0,0,2.0,3.0,1.0,10,4
2100.0,160.0,70.0,3.0,2.0,,22.0,6,0,5.0,0,2.0,3.0,3.0,6,4
1800.0,150.0,61.0,1.0,2.0,1.0,,16,0,3.0,1,2.0,,3.0,17,2
