precio_pen,precio_usd,mantenimiento_soles,area_m2,num_dorm,num_banios,num_estac,antiguedad,num_visualizaciones,fecha_pub,distrito,nivel_socioeconomico,URL,direccion_completa,latitud,longitud,num_colegios_aprox,num_hospitales_aprox,num_tren_est_aprox,num_metro_est_aprox,num_comisarias_aprox,num_delitos_aprox
2200.0,,,83.0,3.0,2.0,,12.0,155.0,2026-03-01,san miguel,B,https://www.adondevivir.com/propiedades/clasificado/alclapin-departamento-en-san-miguel-lima-149123355.html?n_src=Listado&n_pills=Seguridad&n_pg=1&n_pos=4,"padre urraca 111, san miguel",-12.0827028,-77.0926355,11,0,0,0,0,33
1800.0,,210.0,69.0,3.0,2.0,,6.0,185.0,2026-02-28,brena,C,https://www.adondevivir.com/propiedades/clasificado/alclapin-alquiler-de-departamento-cercado-de-lima-limite-149122221.html?n_src=Listado&n_pills=Guardian%C3%ADa%2FSeguridad+privada&n_pg=1&n_pos=5,"av venezuela 1839, brena",-12.0560561,-77.0581061,9,0,0,0,0,51
1700.0,505.0,,54.0,1.0,1.0,,50.0,141.0,2026-02-28,lima cercado,C,https://www.adondevivir.com/propiedades/clasificado/alclapin-alquiler-de-funcional-dpto-flat-amoblado-en-cercado-de-149118819.html?n_src=Listado&n_pills=Seguridad&n_pg=1&n_pos=6,"av petit thouars 99x, lima cercado",-12.0647192,-77.0359964,8,0,0,1,1,23
3800.0,1120.0,350.0,88.0,3.0,3.0,1.0,1.0,96.0,2026-03-02,surco,A,https://www.adondevivir.com/propiedades/clasificado/alclapin-alquiler-departamento-3-habitaciones-frente-al-jockey-149133678.html?n_src=Listado&n_pills=%C3%81rea+de+lavander%C3%ADa&n_pg=1&n_pos=7,"jr republica del libano al 100, santiago de surco",-12.0835042,-76.9788536,4,2,0,0,0,11
2000.0,,250.0,50.0,1.0,2.0,1.0,11.0,386.0,2026-02-12,magdalena,B,https://www.adondevivir.com/propiedades/clasificado/alclapin-alquiler-en-magdalena-50-m-sup2--estacionamiento-148948777.html?n_src=Listado&n_pills=Ascensor&n_pg=1&n_pos=8,"av brasilcuadra 30 magdalena lima, magdalena",-12.092078,-77.0678996,26,2,0,0,0,24
5500.0,1650.0,550.0,140.0,3.0,2.0,1.0,10.0,146.0,2026-01-14,surco,A,https://www.adondevivir.com/propiedades/clasificado/alclapin-alquilo-departamento-3-dorm.-vista-hipodromo-u-145168842.html?n_src=Listado&n_pills=Guardian%C3%ADa%2FSeguridad+privada&n_pg=1&n_pos=9,"av manuel olguin, santiago de surco",-12.0942486,-76.9738154,4,0,0,0,1,4
8500.0,2500.0,980.0,220.0,3.0,3.0,2.0,5.0,86.0,2025-12-01,surco,A,https://www.adondevivir.com/propiedades/clasificado/alclapin-alquilo-departamento-3-dorm.-u.-lima-roosevelt-148211631.html?n_src=Listado&n_pills=%C3%81rea+de+lavander%C3%ADa&n_pg=1&n_pos=10,"av circunvalacion el club el golf los incas 148, santiago de surco",-12.0885367,-76.9811609,1,0,0,0,0,1
5650.0,1650.0,550.0,140.0,3.0,2.0,1.0,10.0,148.0,2026-02-03,surco,A,https://www.adondevivir.com/propiedades/clasificado/alclapin-departamento-140-m-sup2--3dorm.-en-alquiler-amoblado-148846552.html?n_src=Listado&n_pills=Ascensor&n_pg=1&n_pos=11,"av manuel olguin 790, santiago de surco",-12.0975444,-76.97344149999999,4,2,0,0,1,1
3400.0,1000.0,450.0,103.0,1.0,1.0,1.0,4.0,,2026-03-04,lima cercado,C,https://www.adondevivir.com/propiedades/clasificado/alclapin-alquiler-de-departamento-en-magdalena-149159491.html?n_src=Listado&n_pills=Seguridad&n_pg=1&n_pos=12,"uan nolberto elespuru al 700, lima",-12.0951564,-77.0566567,10,1,0,0,0,7
3500.0,,380.0,90.0,2.0,2.0,1.0,4.0,97.0,2026-02-18,lima cercado,C,https://www.adondevivir.com/propiedades/clasificado/alclapin-miraflores-90-m-02-dorm.-01-cochera-amoblado-y-148999958.html?n_src=Listado&n_pills=%C3%81rea+de+lavander%C3%ADa&n_pg=1&n_pos=13,"grimaldo del solar, lima",-12.126032,-77.025981,2,0,0,1,0,7
4355.0,1300.0,,100.0,1.0,2.0,1.0,0.0,,2026-01-14,lima cercado,C,https://www.adondevivir.com/propiedades/clasificado/alclapin-san-isidro-centro-financiero-alquiler-duplex-con-148643188.html?n_src=Listado&n_pills=Seguridad&n_pg=1&n_pos=14,"san isidro av rivera navarrete 546, lima",-12.0926404,-77.02698939999999,1,2,0,0,0,4
2399.0,,,73.0,3.0,2.0,1.0,0.0,180.0,2026-02-10,lima cercado,C,https://www.adondevivir.com/propiedades/clasificado/alclapin-alquiler-departamento-de-estreno-03-dorm.-148924040.html?n_src=Listado&n_pills=Parrilla&n_pg=1&n_pos=15,"republica de venezuela al 2500, lima cercado",6.42375,-66.58973,0,0,0,0,0,0
1900.0,,220.0,63.0,3.0,2.0,,9.0,333.0,2026-02-04,lima cercado,C,https://www.adondevivir.com/propiedades/clasificado/alclapin-alquilo-acogedor-departamento-bien-ubicado-148785498.html?n_src=Listado&n_pills=Ascensor&n_pg=1&n_pos=16,"avenida tingo maria 1048, lima cercado",-12.0562879,-77.0580718,9,0,0,0,0,49
3690.0,1100.0,350.0,100.0,3.0,3.0,1.0,8.0,90.0,2026-03-08,miraflores,A,https://www.adondevivir.com/propiedades/clasificado/alclapin-alquilo-departamento-amoblado-al-costado-embajada-143806272.html?n_src=Listado&n_pills=Guardian%C3%ADa%2FSeguridad+privada&n_pg=1&n_pos=17,"calle 2 de mayo 1060, miraflores",-12.1177166,-77.0396702,10,2,0,0,0,10
2100.0,620.0,130.0,40.0,1.0,,,0.0,,2026-03-07,magdalena,B,https://www.adondevivir.com/propiedades/clasificado/alclapin-estreno-magdalena-limite-san-isidro-con-12-areas-149190399.html?n_src=Listado&n_pills=%C3%81rea+de+lavander%C3%ADa&n_pg=1&n_pos=18,"av juan de aliaga 442 al 400 magdalena, magdalena",-12.0952111,-77.05936299999999,13,0,0,0,0,10
2700.0,806.0,200.0,73.0,3.0,2.0,,5.0,,2026-03-07,magdalena,B,https://www.adondevivir.com/propiedades/clasificado/alclapin-departamento-73-m-sup2--en-alquiler-magdalena-149189010.html?n_src=Listado&n_pills=%C3%81rea+de+lavander%C3%ADa&n_pg=1&n_pos=19,"jiron san martin 514 magdalena, magdalena",-12.0898674,-77.0712698,21,2,0,0,1,47
2512.0,750.0,200.0,65.0,1.0,1.0,1.0,5.0,,2026-03-07,miraflores,A,https://www.adondevivir.com/propiedades/clasificado/alclapin-lindo-departamento-1-dormitorio-amoblado-con-balcon-149188608.html?n_src=Listado&n_pills=Amoblado&n_pg=1&n_pos=20,"av jorge chavez, miraflores",-16.4057397,-71.5333995,0,0,0,0,0,0
6200.0,415000.0,700.0,124.0,2.0,2.0,1.0,4.0,28.0,,miraflores,A,https://www.adondevivir.com/propiedades/clasificado/veclapin-vendo-alquilo-moderno-departamento-de-125-m-sup2--en-90144797.html?n_src=Listado&n_pills=Piscina&n_pg=1&n_pos=21,"parque armendariz, miraflores",-12.1348923,-77.0239057,10,1,0,0,0,11
16750.0,995000.0,1500.0,247.0,3.0,3.0,2.0,8.0,270.0,,miraflores,A,https://www.adondevivir.com/propiedades/clasificado/veclapin-vendo-alquilo-departamento-equipado-de-247-m-sup2--64321782.html?n_src=Listado&n_pills=Guardian%C3%ADa%2FSeguridad+privada&n_pg=1&n_pos=22,"malecon de la marina 150, miraflores",-12.1187332,-77.0438131,6,0,0,0,0,10
2200.0,656.0,250.0,47.0,1.0,1.0,,5.0,19.0,2026-03-07,barranco,A,https://www.adondevivir.com/propiedades/clasificado/alclapin-barranco-alquilo-encantador-departamento-con-linea-149186758.html?n_src=Listado&n_pills=Piscina&n_pg=1&n_pos=23,"av san martin, barranco",-12.1407141,-77.0233624,9,0,0,0,0,26
2600.0,771.0,250.0,60.0,2.0,2.0,,2.0,,2026-03-06,lince,B,https://www.adondevivir.com/propiedades/clasificado/alclapin-se-alquila-departamento-de-2-dorm.-de-60-m-sup2--en-149162751.html?n_src=Listado&n_pills=Gimnasio&n_pg=1&n_pos=24,"los jazmines cuadra 3, lince",-12.0902,-77.02960999999999,1,5,0,0,0,19
3000.0,895.0,195.0,75.0,1.0,1.0,,30.0,16.0,2026-03-06,miraflores,A,https://www.adondevivir.com/propiedades/clasificado/alclapin-miraflores-alquilo-departamento-para-vivienda-u-149183508.html?n_src=Listado&n_pills=Guardian%C3%ADa%2FSeguridad+privada&n_pg=1&n_pos=25,"los pinos, miraflores",-12.1237289,-77.0307069,3,1,0,0,0,18
3696.0,1100.0,790.0,129.0,2.0,2.0,2.0,10.0,50.0,2026-03-06,miraflores,A,https://www.adondevivir.com/propiedades/clasificado/alclapin-alquiler-dpto-2-dorm-s-muebles-con-linea-blanca-149181704.html?n_src=Listado&n_pills=%C3%81rea+de+lavander%C3%ADa&n_pg=1&n_pos=26,"calle independencia 1300 miraflores, miraflores",-12.1059425,-77.0328787,5,5,0,0,0,3
3200.0,925.0,250.0,110.0,2.0,2.0,,0.0,29.0,2026-03-06,miraflores,A,https://www.adondevivir.com/propiedades/clasificado/alclapin-amoblado-y-equipado-minimalista-ascensor-149177502.html?n_src=Listado&n_pills=Amoblado&n_pg=1&n_pos=27,"calle shell 237, miraflores",-12.1226969,-77.0300531,3,0,0,0,0,18
2500.0,742.0,250.0,60.0,2.0,2.0,1.0,2.0,264.0,2026-03-06,lince,B,https://www.adondevivir.com/propiedades/clasificado/alclapin-se-alquila-departamento-semi-amiblado-de-2-dorm.-de-60-149008056.html?n_src=Listado&n_pills=Amoblado&n_pg=1&n_pos=28,"av arequipa cuadra 14, lince",-12.0919858,-77.0331759,2,4,0,0,1,13
3060.0,900.0,350.0,80.0,2.0,2.0,1.0,6.0,24.0,2026-03-05,miraflores,A,https://www.adondevivir.com/propiedades/clasificado/alclapin-alquiler-de-dpto-amoblado-de-2-dor-con-balcon-y-areas-149176211.html?n_src=Listado&n_pills=Amoblado&n_pg=1&n_pos=29,"av 28 de julio, miraflores",-12.1282915,-77.0260415,4,1,0,1,0,6
2700.0,771.0,,40.0,1.0,1.0,,3.0,183.0,2026-03-05,barranco,A,https://www.adondevivir.com/propiedades/clasificado/alclapin-se-aquila-lindo-minidepartamento-en-barranco-148681487.html?n_src=Listado&n_pills=Gimnasio&n_pg=1&n_pos=30,"proyecto studio 4, barranco",-12.1396645,-77.0230045,10,0,0,0,0,25
