iter	Passed	Remaining
0	0	180
1	0	173
2	0	169
3	0	167
4	1	159
5	1	157
6	1	150
7	1	148
8	1	141
9	1	137
10	1	135
11	2	134
12	2	133
13	2	132
14	2	130
15	2	129
16	2	128
17	3	128
18	3	127
19	3	127
20	3	126
21	3	126
22	3	126
23	3	126
24	4	125
25	4	125
26	4	125
27	4	124
28	4	124
29	4	124
30	5	123
31	5	123
32	5	123
33	5	122
34	5	122
35	5	122
36	6	122
37	6	122
38	6	121
39	6	121
40	6	121
41	6	121
42	7	121
43	7	120
44	7	120
45	7	120
46	7	119
47	7	119
48	7	119
49	8	119
50	8	118
51	8	118
52	8	118
53	8	118
54	8	117
55	9	117
56	9	117
57	9	116
58	9	116
59	9	116
60	9	116
61	9	115
62	10	115
63	10	115
64	10	116
65	10	116
66	10	116
67	11	116
68	11	116
69	11	116
70	11	116
71	11	116
72	11	116
73	12	116
74	12	116
75	12	116
76	12	115
77	12	115
78	12	115
79	13	115
80	13	114
81	13	114
82	13	114
83	13	114
84	13	114
85	14	113
86	14	113
87	14	113
88	14	113
89	14	113
90	14	112
91	15	112
92	15	112
93	15	112
94	15	112
95	15	111
96	15	111
97	15	111
98	16	111
99	16	110
100	16	110
101	16	110
102	16	110
103	16	110
104	17	110
105	17	110
106	17	110
107	17	109
108	17	109
109	17	109
110	18	109
111	18	109
112	18	108
113	18	108
114	18	108
115	18	108
116	19	108
117	19	108
118	19	107
119	19	107
120	19	107
121	19	107
122	19	107
123	20	106
124	20	106
125	20	106
126	20	106
127	20	105
128	20	105
129	21	105
130	21	105
131	21	105
132	21	105
133	21	105
134	21	104
135	22	104
136	22	104
137	22	104
138	22	104
139	22	104
140	22	104
141	23	104
142	23	103
143	23	103
144	23	103
145	23	103
146	23	103
147	24	103
148	24	103
149	24	102
150	24	102
151	24	102
152	24	102
153	25	102
154	25	102
155	25	102
156	25	101
157	25	101
158	25	101
159	26	101
160	26	101
161	26	101
162	26	101
163	26	100
164	26	100
165	27	100
166	27	100
167	27	100
168	27	100
169	27	100
170	27	100
171	28	100
172	28	99
173	28	99
174	28	99
175	28	99
176	28	99
177	29	98
178	29	98
179	29	98
180	29	98
181	29	98
182	29	98
183	30	97
184	30	97
185	30	97
186	30	97
187	30	97
188	30	96
189	30	96
190	31	96
191	31	96
192	31	96
193	31	95
194	31	95
195	31	95
196	32	95
197	32	95
198	32	94
199	32	94
200	32	94
201	32	94
202	33	94
203	33	94
204	33	93
205	33	93
206	33	93
207	33	93
208	33	93
209	34	93
210	34	92
211	34	92
212	34	92
213	34	92
214	34	92
215	35	92
216	35	91
217	35	91
218	35	91
219	35	91
220	35	91
221	36	91
222	36	90
223	36	90
224	36	90
225	36	90
226	36	90
227	36	89
228	37	89
229	37	89
230	37	89
231	37	89
232	37	89
233	37	89
234	38	88
235	38	88
236	38	88
237	38	88
238	38	88
239	38	87
240	39	87
241	39	87
242	39	87
243	39	87
244	39	87
245	39	86
246	39	86
247	40	86
248	40	86
249	40	86
250	40	86
251	40	85
252	40	85
253	41	85
254	41	85
255	41	85
256	41	85
257	41	84
258	41	84
259	42	84
260	42	84
261	42	84
262	42	83
263	42	83
264	42	83
265	42	83
266	43	83
267	43	83
268	43	82
269	43	82
270	43	82
271	43	82
272	44	82
273	44	82
274	44	81
275	44	81
276	44	81
277	44	81
278	44	81
279	45	81
280	45	80
281	45	80
282	45	80
283	45	80
284	45	80
285	46	80
286	46	79
287	46	79
288	46	79
289	46	79
290	46	79
291	47	79
292	47	78
293	47	78
294	47	78
295	47	78
296	47	78
297	48	78
298	48	78
299	48	77
300	48	77
301	48	77
302	48	77
303	49	77
304	49	77
305	49	76
306	49	76
307	49	76
308	49	76
309	49	76
310	50	76
311	50	75
312	50	75
313	50	75
314	50	75
315	50	75
316	51	75
317	51	74
318	51	74
319	51	74
320	51	74
321	51	74
322	52	74
323	52	73
324	52	73
325	52	73
326	52	73
327	52	73
328	52	73
329	53	72
330	53	73
331	53	72
332	53	72
333	54	72
334	54	72
335	54	72
336	54	72
337	54	71
338	54	71
339	54	71
340	55	71
341	55	71
342	55	71
343	55	70
344	55	70
345	55	70
346	56	70
347	56	70
348	56	70
349	56	69
350	56	69
351	56	69
352	56	69
353	57	69
354	57	69
355	57	68
356	57	68
357	57	68
358	57	68
359	58	68
360	58	68
361	58	67
362	58	67
363	58	67
364	58	67
365	59	67
366	59	67
367	59	66
368	59	66
369	59	66
370	59	66
371	60	66
372	60	66
373	60	65
374	60	65
375	60	65
376	60	65
377	60	65
378	61	65
379	61	64
380	61	64
381	61	64
382	61	64
383	61	64
384	62	64
385	62	63
386	62	63
387	62	63
388	62	63
389	62	63
390	62	63
391	63	62
392	63	62
393	63	62
394	63	62
395	63	62
396	63	62
397	64	61
398	64	61
399	64	61
400	64	61
401	64	61
402	64	61
403	64	60
404	65	60
405	65	60
406	65	60
407	65	60
408	65	60
409	65	59
410	66	59
411	66	59
412	66	59
413	66	59
414	66	59
415	66	59
416	67	58
417	67	58
418	67	58
419	67	58
420	67	58
421	67	58
422	67	57
423	68	57
424	68	57
425	68	57
426	68	57
427	68	57
428	68	56
429	69	56
430	69	56
431	69	56
432	69	56
433	69	56
434	69	55
435	70	55
436	70	55
437	70	55
438	70	55
439	70	55
440	70	55
441	71	54
442	71	54
443	71	54
444	71	54
445	71	54
446	71	54
447	72	53
448	72	53
449	72	53
450	72	53
451	72	53
452	72	53
453	72	52
454	73	52
455	73	52
456	73	52
457	73	52
458	73	52
459	73	51
460	74	51
461	74	51
462	74	51
463	74	51
464	74	51
465	74	50
466	75	50
467	75	50
468	75	50
469	75	50
470	75	50
471	75	49
472	76	49
473	76	49
474	76	49
475	76	49
476	76	49
477	76	49
478	76	48
479	77	48
480	77	48
481	77	48
482	77	48
483	77	48
484	77	47
485	78	47
486	78	47
487	78	47
488	78	47
489	78	47
490	78	46
491	78	46
492	79	46
493	79	46
494	79	46
495	79	46
496	79	45
497	79	45
498	80	45
499	80	45
500	80	45
501	80	45
502	80	44
503	80	44
504	81	44
505	81	44
506	81	44
507	81	44
508	81	43
509	81	43
510	81	43
511	82	43
512	82	43
513	82	43
514	82	43
515	82	42
516	83	42
517	83	42
518	83	42
519	83	42
520	83	42
521	83	41
522	83	41
523	84	41
524	84	41
525	84	41
526	84	41
527	84	40
528	84	40
529	85	40
530	85	40
531	85	40
532	85	40
533	85	40
534	85	39
535	86	39
536	86	39
537	86	39
538	86	39
539	86	39
540	86	38
541	87	38
542	87	38
543	87	38
544	87	38
545	87	38
546	87	37
547	88	37
548	88	37
549	88	37
550	88	37
551	88	37
552	88	36
553	88	36
554	89	36
555	89	36
556	89	36
557	89	36
558	89	35
559	89	35
560	90	35
561	90	35
562	90	35
563	90	35
564	90	35
565	91	34
566	91	34
567	91	34
568	91	34
569	91	34
570	91	34
571	92	33
572	92	33
573	92	33
574	92	33
575	92	33
576	92	33
577	92	32
578	93	32
579	93	32
580	93	32
581	93	32
582	93	32
583	93	31
584	94	31
585	94	31
586	94	31
587	94	31
588	94	31
589	94	31
590	95	30
591	95	30
592	95	30
593	95	30
594	95	30
595	95	30
596	96	29
597	96	29
598	96	29
599	96	29
600	96	29
601	96	29
602	96	28
603	97	28
604	97	28
605	97	28
606	97	28
607	97	28
608	97	27
609	98	27
610	98	27
611	98	27
612	98	27
613	98	27
614	98	27
615	99	26
616	99	26
617	99	26
618	99	26
619	99	26
620	99	26
621	99	25
622	100	25
623	100	25
624	100	25
625	100	25
626	100	25
627	100	24
628	101	24
629	101	24
630	101	24
631	101	24
632	101	24
633	101	23
634	102	23
635	102	23
636	102	23
637	102	23
638	102	23
639	102	22
640	102	22
641	103	22
642	103	22
643	103	22
644	103	22
645	103	22
646	103	21
647	104	21
648	104	21
649	104	21
650	104	21
651	104	21
652	104	20
653	105	20
654	105	20
655	105	20
656	105	20
657	105	20
658	105	19
659	106	19
660	106	19
661	106	19
662	106	19
663	106	19
664	106	18
665	107	18
666	107	18
667	107	18
668	107	18
669	107	18
670	107	18
671	108	17
672	108	17
673	108	17
674	108	17
675	108	17
676	108	17
677	109	16
678	109	16
679	109	16
680	109	16
681	109	16
682	109	16
683	110	15
684	110	15
685	110	15
686	110	15
687	110	15
688	110	15
689	111	14
690	111	14
691	111	14
692	111	14
693	111	14
694	112	14
695	112	14
696	112	13
697	112	13
698	112	13
699	112	13
700	112	13
701	113	13
702	113	12
703	113	12
704	113	12
705	113	12
706	113	12
707	114	12
708	114	11
709	114	11
710	114	11
711	114	11
712	114	11
713	114	11
714	115	10
715	115	10
716	115	10
717	115	10
718	115	10
719	115	10
720	116	9
721	116	9
722	116	9
723	116	9
724	116	9
725	116	9
726	117	9
727	117	8
728	117	8
729	117	8
730	117	8
731	117	8
732	117	8
733	118	7
734	118	7
735	118	7
736	118	7
737	118	7
738	118	7
739	119	6
740	119	6
741	119	6
742	119	6
743	119	6
744	119	6
745	120	5
746	120	5
747	120	5
748	120	5
749	120	5
750	120	5
751	121	4
752	121	4
753	121	4
754	121	4
755	121	4
756	121	4
757	122	4
758	122	3
759	122	3
760	122	3
761	122	3
762	122	3
763	122	3
764	123	2
765	123	2
766	123	2
767	123	2
768	123	2
769	123	2
770	124	1
771	124	1
772	124	1
773	124	1
774	124	1
775	124	1
776	125	0
777	125	0
778	125	0
779	125	0
780	125	0
781	125	0
782	126	0
