precio_pen,mantenimiento_soles,area_m2,num_dorm,num_banios,num_estac,antiguedad,total_servicios_prox,total_transporte_aprox,zona_apeim_cod,categoria_crimenes_cod
448000.0,,39.0,1.0,1.0,1.0,0.0,4,0,7,1
3600000.0,,418.0,7.5,6.0,6.0,13.0,8,0,4,4
418250.0,,95.0,3.0,2.0,0.0,0.0,18,0,6,3
1003000.0,,126.0,4.0,2.0,1.0,31.0,19,0,7,1
7770000.0,,1250.0,3.0,5.0,4.0,30.0,12,0,7,3
1747200.0,600.0,400.0,4.0,4.0,2.0,13.0,4,0,7,1
1608630.0,728.0,135.0,3.0,2.0,2.0,13.0,5,0,7,1
255000.0,250.0,46.0,1.0,1.0,1.0,4.0,6,0,6,3
969000.0,,154.0,4.0,2.0,1.0,0.0,0,0,6,1
